-- phpMyAdmin SQL Dump
-- version 4.7.5
-- https://www.phpmyadmin.net/
--
-- Servidor: 127.0.0.1
-- Tiempo de generación: 21-05-2018 a las 03:17:16
-- Versión del servidor: 5.7.20
-- Versión de PHP: 7.1.14

SET SQL_MODE = "NO_AUTO_VALUE_ON_ZERO";
SET AUTOCOMMIT = 0;
START TRANSACTION;
SET time_zone = "+00:00";


/*!40101 SET @OLD_CHARACTER_SET_CLIENT=@@CHARACTER_SET_CLIENT */;
/*!40101 SET @OLD_CHARACTER_SET_RESULTS=@@CHARACTER_SET_RESULTS */;
/*!40101 SET @OLD_COLLATION_CONNECTION=@@COLLATION_CONNECTION */;
/*!40101 SET NAMES utf8mb4 */;

--
-- Base de datos: `SQADB`
--
CREATE DATABASE IF NOT EXISTS `SQADB` DEFAULT CHARACTER SET utf8 COLLATE utf8_spanish_ci;
USE `SQADB`;

-- --------------------------------------------------------

--
-- Estructura de tabla para la tabla `acciones_correctivas_de_metrica`
--

CREATE TABLE `acciones_correctivas_de_metrica` (
  `id` int(11) NOT NULL,
  `accion` longtext COLLATE utf8_spanish_ci NOT NULL,
  `estado_id` int(11) NOT NULL DEFAULT '1',
  `fecha` date NOT NULL,
  `metrica_de_producto_id` int(11) NOT NULL,
  `fecha_limite` date DEFAULT NULL,
  `responsable_id` int(11) NOT NULL
) ENGINE=InnoDB DEFAULT CHARSET=utf8 COLLATE=utf8_spanish_ci;

-- --------------------------------------------------------

--
-- Estructura de tabla para la tabla `auth_group`
--

CREATE TABLE `auth_group` (
  `id` int(11) NOT NULL,
  `name` varchar(80) NOT NULL
) ENGINE=InnoDB DEFAULT CHARSET=latin1;

--
-- Volcado de datos para la tabla `auth_group`
--

INSERT INTO `auth_group` (`id`, `name`) VALUES
(2, 'Cliente'),
(3, 'Desarrollador'),
(1, 'Líder de proyecto');

-- --------------------------------------------------------

--
-- Estructura de tabla para la tabla `auth_group_permissions`
--

CREATE TABLE `auth_group_permissions` (
  `id` int(11) NOT NULL,
  `group_id` int(11) NOT NULL,
  `permission_id` int(11) NOT NULL
) ENGINE=InnoDB DEFAULT CHARSET=latin1;

-- --------------------------------------------------------

--
-- Estructura de tabla para la tabla `auth_permission`
--

CREATE TABLE `auth_permission` (
  `id` int(11) NOT NULL,
  `name` varchar(255) NOT NULL,
  `content_type_id` int(11) NOT NULL,
  `codename` varchar(100) NOT NULL
) ENGINE=InnoDB DEFAULT CHARSET=latin1;

--
-- Volcado de datos para la tabla `auth_permission`
--

INSERT INTO `auth_permission` (`id`, `name`, `content_type_id`, `codename`) VALUES
(112, 'Can add site', 28, 'add_site'),
(113, 'Can change site', 28, 'change_site'),
(114, 'Can delete site', 28, 'delete_site'),
(115, 'Can add log entry', 1, 'add_logentry'),
(116, 'Can change log entry', 1, 'change_logentry'),
(117, 'Can delete log entry', 1, 'delete_logentry'),
(118, 'Can add group', 2, 'add_group'),
(119, 'Can change group', 2, 'change_group'),
(120, 'Can delete group', 2, 'delete_group'),
(121, 'Can add permission', 3, 'add_permission'),
(122, 'Can change permission', 3, 'change_permission'),
(123, 'Can delete permission', 3, 'delete_permission'),
(124, 'Can add user', 4, 'add_user'),
(125, 'Can change user', 4, 'change_user'),
(126, 'Can delete user', 4, 'delete_user'),
(127, 'Can add content type', 5, 'add_contenttype'),
(128, 'Can change content type', 5, 'change_contenttype'),
(129, 'Can delete content type', 5, 'delete_contenttype'),
(130, 'Can add session', 6, 'add_session'),
(131, 'Can change session', 6, 'change_session'),
(132, 'Can delete session', 6, 'delete_session'),
(133, 'Can add fase', 7, 'add_fase'),
(134, 'Can change fase', 7, 'change_fase'),
(135, 'Can delete fase', 7, 'delete_fase'),
(136, 'Puede actualizar archivos de la fase de análisis', 7, 'can_update_analisis_file'),
(137, 'Puede actualizar archivos de la fase de evaluación', 7, 'can_update_evaluacion_file'),
(138, 'Puede actualizar archivos de la fase de diseño', 7, 'can_update_diseno_file'),
(139, 'Puede actualizar archivos de la fase de desarrollo', 7, 'can_update_desarrollo_file'),
(140, 'Puede actualizar archivos de la fase de pruebas', 7, 'can_update_pruebas_file'),
(141, 'Puede actualizar archivos de la fase de liberación', 7, 'can_update_liberacion_file'),
(142, 'Puede actualizar archivos de la fase de cierre', 7, 'can_update_cierre_file'),
(143, 'Can add estatus de productos', 9, 'add_estatusdeproductos'),
(144, 'Can change estatus de productos', 9, 'change_estatusdeproductos'),
(145, 'Can delete estatus de productos', 9, 'delete_estatusdeproductos'),
(146, 'Can add metrica', 10, 'add_metrica'),
(147, 'Can change metrica', 10, 'change_metrica'),
(148, 'Can delete metrica', 10, 'delete_metrica'),
(149, 'Can add rol', 11, 'add_rol'),
(150, 'Can change rol', 11, 'change_rol'),
(151, 'Can delete rol', 11, 'delete_rol'),
(152, 'Can add historico de metrica', 27, 'add_historicodemetrica'),
(153, 'Can change historico de metrica', 27, 'change_historicodemetrica'),
(154, 'Can delete historico de metrica', 27, 'delete_historicodemetrica'),
(155, 'Can add producto de trabajo de fase', 23, 'add_productodetrabajodefase'),
(156, 'Can change producto de trabajo de fase', 23, 'change_productodetrabajodefase'),
(157, 'Can delete producto de trabajo de fase', 23, 'delete_productodetrabajodefase'),
(158, 'Puede actualizar el archivo del producto de trabajo', 23, 'can_update_file'),
(159, 'Puede autorizar cumplimiento de criterios', 23, 'can_commit_acceptance_criteria'),
(160, 'Can add estatus de acciones correctivas', 31, 'add_estatusdeaccionescorrectivas'),
(161, 'Can change estatus de acciones correctivas', 31, 'change_estatusdeaccionescorrectivas'),
(162, 'Can delete estatus de acciones correctivas', 31, 'delete_estatusdeaccionescorrectivas'),
(163, 'Can add criterio de producto', 13, 'add_criteriodeproducto'),
(164, 'Can change criterio de producto', 13, 'change_criteriodeproducto'),
(165, 'Can delete criterio de producto', 13, 'delete_criteriodeproducto'),
(166, 'Puede actualizar el estatus del criterio de producto', 13, 'can_update_product_criteria'),
(167, 'Can add evento de proyecto', 14, 'add_eventodeproyecto'),
(168, 'Can change evento de proyecto', 14, 'change_eventodeproyecto'),
(169, 'Can delete evento de proyecto', 14, 'delete_eventodeproyecto'),
(170, 'Can add metrica de producto', 15, 'add_metricadeproducto'),
(171, 'Can change metrica de producto', 15, 'change_metricadeproducto'),
(172, 'Can delete metrica de producto', 15, 'delete_metricadeproducto'),
(173, 'Can add accion correctiva de metrica', 30, 'add_accioncorrectivademetrica'),
(174, 'Can change accion correctiva de metrica', 30, 'change_accioncorrectivademetrica'),
(175, 'Can delete accion correctiva de metrica', 30, 'delete_accioncorrectivademetrica'),
(176, 'Ver las acciones correctivas realizadas.', 30, 'can_see_actions'),
(177, 'Can add criterio de aceptacion', 16, 'add_criteriodeaceptacion'),
(178, 'Can change criterio de aceptacion', 16, 'change_criteriodeaceptacion'),
(179, 'Can delete criterio de aceptacion', 16, 'delete_criteriodeaceptacion'),
(180, 'Can add rol de proyecto', 18, 'add_roldeproyecto'),
(181, 'Can change rol de proyecto', 18, 'change_roldeproyecto'),
(182, 'Can delete rol de proyecto', 18, 'delete_roldeproyecto'),
(183, 'Can add evento', 19, 'add_evento'),
(184, 'Can change evento', 19, 'change_evento'),
(185, 'Can delete evento', 19, 'delete_evento'),
(186, 'Can add fase de proyecto', 20, 'add_fasedeproyecto'),
(187, 'Can change fase de proyecto', 20, 'change_fasedeproyecto'),
(188, 'Can delete fase de proyecto', 20, 'delete_fasedeproyecto'),
(189, 'Can add rango de metrica', 29, 'add_rangodemetrica'),
(190, 'Can change rango de metrica', 29, 'change_rangodemetrica'),
(191, 'Can delete rango de metrica', 29, 'delete_rangodemetrica'),
(192, 'Can add formato', 26, 'add_formato'),
(193, 'Can change formato', 26, 'change_formato'),
(194, 'Can delete formato', 26, 'delete_formato'),
(195, 'Can add producto de trabajo', 22, 'add_productodetrabajo'),
(196, 'Can change producto de trabajo', 22, 'change_productodetrabajo'),
(197, 'Can delete producto de trabajo', 22, 'delete_productodetrabajo'),
(198, 'Can add proyecto', 24, 'add_proyecto'),
(199, 'Can change proyecto', 24, 'change_proyecto'),
(200, 'Can delete proyecto', 24, 'delete_proyecto');

-- --------------------------------------------------------

--
-- Estructura de tabla para la tabla `auth_user`
--

CREATE TABLE `auth_user` (
  `id` int(11) NOT NULL,
  `password` varchar(128) NOT NULL,
  `last_login` datetime(6) DEFAULT NULL,
  `is_superuser` tinyint(1) NOT NULL,
  `username` varchar(150) NOT NULL,
  `first_name` varchar(30) NOT NULL,
  `last_name` varchar(30) NOT NULL,
  `email` varchar(254) NOT NULL,
  `is_staff` tinyint(1) NOT NULL,
  `is_active` tinyint(1) NOT NULL,
  `date_joined` datetime(6) NOT NULL
) ENGINE=InnoDB DEFAULT CHARSET=latin1;

--
-- Volcado de datos para la tabla `auth_user`
--

INSERT INTO `auth_user` (`id`, `password`, `last_login`, `is_superuser`, `username`, `first_name`, `last_name`, `email`, `is_staff`, `is_active`, `date_joined`) VALUES
(1, 'pbkdf2_sha256$36000$ZCgpn17Yt0NI$CMTyoPdFnkqTEUkB/IerwK+wsrqhtUWELmZW3r/S80g=', '2018-05-20 02:11:29.329286', 1, 'root', 'Saúl Alonso', 'Ibarra Luevano', 'saul.ibarra@cimat.mx', 1, 1, '2018-01-23 04:34:34.000000'),
(2, 'pbkdf2_sha256$36000$u3wHAmCi5paG$oEwfDP2m6tjlZPwekVgSsp7c6N2r23yXmMXgWuP9Aq4=', '2018-05-17 18:42:43.624385', 0, 'alonso', 'Alonso', 'Ibarra', 'saul.drago@gmail.com', 0, 1, '2018-04-24 20:58:03.000000'),
(3, 'pbkdf2_sha256$36000$fqAYNcOi7f3L$0s1W8Y1hs8N5BKZJF1cCV6fqy9L0X+hNVbB3D+PsBnU=', '2018-05-17 18:42:39.892983', 0, 'saul', 'Saul', 'Ibarra', 'isaul37@hotmail.es', 0, 1, '2018-04-24 20:58:46.000000');

-- --------------------------------------------------------

--
-- Estructura de tabla para la tabla `auth_user_groups`
--

CREATE TABLE `auth_user_groups` (
  `id` int(11) NOT NULL,
  `user_id` int(11) NOT NULL,
  `group_id` int(11) NOT NULL
) ENGINE=InnoDB DEFAULT CHARSET=latin1;

-- --------------------------------------------------------

--
-- Estructura de tabla para la tabla `auth_user_user_permissions`
--

CREATE TABLE `auth_user_user_permissions` (
  `id` int(11) NOT NULL,
  `user_id` int(11) NOT NULL,
  `permission_id` int(11) NOT NULL
) ENGINE=InnoDB DEFAULT CHARSET=latin1;

--
-- Volcado de datos para la tabla `auth_user_user_permissions`
--

INSERT INTO `auth_user_user_permissions` (`id`, `user_id`, `permission_id`) VALUES
(260, 1, 136),
(264, 1, 137),
(263, 1, 138),
(262, 1, 139),
(266, 1, 140),
(265, 1, 141),
(261, 1, 142),
(267, 1, 158),
(275, 1, 159),
(257, 1, 173),
(259, 1, 174),
(258, 1, 176),
(271, 3, 139),
(272, 3, 155),
(268, 3, 173),
(270, 3, 174),
(269, 3, 176);

-- --------------------------------------------------------

--
-- Estructura de tabla para la tabla `criterios_de_aceptacion`
--

CREATE TABLE `criterios_de_aceptacion` (
  `id` int(11) NOT NULL,
  `nombre` varchar(50) NOT NULL,
  `descripcion` longtext NOT NULL,
  `tipo` varchar(30) NOT NULL
) ENGINE=InnoDB DEFAULT CHARSET=latin1;

--
-- Volcado de datos para la tabla `criterios_de_aceptacion`
--

INSERT INTO `criterios_de_aceptacion` (`id`, `nombre`, `descripcion`, `tipo`) VALUES
(1, 'Nivel de alcance de requisitos', 'Que los requisitos sean alcanzables en el contexto de tiempo y tecnología del equipo y proyecto.', 'documentación'),
(2, 'Nivel de detalle', 'Que contenga los campos adecuados que permitan identificar quien lo hizo, para que, cuando, quien involucra, que acuerdos se tomaron, que compromisos se adquirieron, etc.', 'Documentación'),
(3, 'Completitud', 'Evaluar que todos los campos obligatorios estén correctamente llenados.', 'Documentación'),
(7, 'Revisión por pares', 'Un compañero revisa el contenido o funcionamiento del producto para verificar el cumplimiento de los requisitos.', 'Funcional'),
(8, 'No ambigüedad', 'Que sea claramente identificable, verificable y medible.', 'Documentación'),
(9, 'Formato correcto', 'Que el formato utilizado para el documento sea acorde al contexto de la empresa.', 'Documentación'),
(10, 'Credenciales de acceso correctas', 'Evaluar que el nivel de acceso de los usuarios sea el adecuado con respecto a sus funciones.', 'Seguridad'),
(11, 'Pruebas en diferentes ambientes', 'Realizar pruebas de despliegue en varios ambientes de producción.', 'Funcionalidad'),
(12, 'Politicas de seguridad', 'Revisar que se apliquen políticas de seguridad adecuadas al contexto del proyecto en la elaboración y manejo del producto de trabajo.', 'Seguridad'),
(14, 'Revisiones de diseño', 'Realizar pruebas de concepto a la interfaz de usuario del sistema.', 'Usabilidad'),
(15, 'Revisión de código', 'Un compañero revisa el contenido de los módulos de código para verificar la estructura y estilo.', 'Mantenimiento'),
(16, 'Pruebas de seguridad', 'Se ejecutan pruebas para verificar adecuada protección a ataques como: fuerza bruta, cross scripting, etc.', 'Seguridad'),
(17, 'Manejo de excepciones', 'Se revisa que en los módulos de código se haga uso de excepciones para controlar acciones criticas o vulnerables a fallos en el sistema.', 'Funcionamiento'),
(18, 'Conocimiento técnico', 'Revisar que los desarrolladores cuenten con el conocimiento técnico necesario para realizar la funcionalidad requerida.', ''),
(19, 'Comunicación adecuada', 'Verificar que existan canales adecuados para la comunicación entre el equipo y hacia el cliente, en la elaboración de este producto de trabajo.', 'Equipo');

-- --------------------------------------------------------

--
-- Estructura de tabla para la tabla `criterios_de_producto`
--

CREATE TABLE `criterios_de_producto` (
  `id` int(11) NOT NULL,
  `criterio_id` int(11) NOT NULL,
  `producto_id` int(11) NOT NULL,
  `estatus` tinyint(1) NOT NULL
) ENGINE=InnoDB DEFAULT CHARSET=latin1;

--
-- Volcado de datos para la tabla `criterios_de_producto`
--

INSERT INTO `criterios_de_producto` (`id`, `criterio_id`, `producto_id`, `estatus`) VALUES
(157, 3, 118, 0);

-- --------------------------------------------------------

--
-- Estructura de tabla para la tabla `django_admin_log`
--

CREATE TABLE `django_admin_log` (
  `id` int(11) NOT NULL,
  `action_time` datetime(6) NOT NULL,
  `object_id` longtext,
  `object_repr` varchar(200) NOT NULL,
  `action_flag` smallint(5) UNSIGNED NOT NULL,
  `change_message` longtext NOT NULL,
  `content_type_id` int(11) DEFAULT NULL,
  `user_id` int(11) NOT NULL
) ENGINE=InnoDB DEFAULT CHARSET=latin1;

--
-- Volcado de datos para la tabla `django_admin_log`
--

INSERT INTO `django_admin_log` (`id`, `action_time`, `object_id`, `object_repr`, `action_flag`, `change_message`, `content_type_id`, `user_id`) VALUES
(1, '2018-01-23 05:15:21.471737', '1', 'Establecimiento', 1, '[{\"added\": {}}]', 7, 1),
(2, '2018-01-23 05:16:21.256383', '3', 'Analisis', 1, '[{\"added\": {}}]', 7, 1),
(3, '2018-01-23 05:16:31.387075', '1', 'Documento de requisitos', 1, '[{\"added\": {}}]', 22, 1),
(4, '2018-01-23 05:17:43.979528', '2', 'Plan de riesgos', 1, '[{\"added\": {}}]', 22, 1),
(5, '2018-01-23 05:17:52.014471', '1', 'Documento de requisitos', 2, '[]', 22, 1),
(6, '2018-01-23 05:19:03.657122', '4', 'Desarrollo', 1, '[{\"added\": {}}]', 7, 1),
(7, '2018-01-23 05:19:07.295270', '3', 'Codigo fuente', 1, '[{\"added\": {}}]', 22, 1),
(8, '2018-01-23 05:21:16.014479', '1', 'Inicializado', 1, '[{\"added\": {}}]', 9, 1),
(9, '2018-01-23 05:21:19.929284', '1', 'Inicializado', 2, '[]', 9, 1),
(10, '2018-01-23 05:21:40.890252', '2', 'Producto agregado', 1, '[{\"added\": {}}]', 9, 1),
(11, '2018-01-23 05:21:52.946065', '3', 'Revisado internamente', 1, '[{\"added\": {}}]', 9, 1),
(12, '2018-01-23 05:22:04.467526', '4', 'Autorizado por cliente', 1, '[{\"added\": {}}]', 9, 1),
(13, '2018-01-23 06:12:58.561049', '5', 'ProductoDeTrabajoDeFase object', 1, '', 23, 1),
(14, '2018-01-23 06:16:59.838595', '6', 'ProductoDeTrabajoDeFase object', 1, 'Added', 23, 1),
(15, '2018-01-23 06:18:55.097230', '7', 'Codigo fuente', 1, 'Added', 23, 1),
(16, '2018-01-23 06:30:29.177968', '8', 'Codigo fuente', 1, 'Added', 23, 1),
(17, '2018-01-23 06:33:22.393418', '9', 'Documento de requisitos', 1, 'Added', 23, 1),
(18, '2018-01-23 06:42:26.819965', '12', 'Documento de requisitos', 1, 'Added', 23, 1),
(19, '2018-01-23 07:02:47.558341', '13', 'Codigo fuente', 1, 'Added', 23, 1),
(20, '2018-01-24 17:07:11.872469', '1', 'Codigo fuente', 1, 'Added', 23, 1),
(21, '2018-02-09 17:18:51.673006', '2', 'Codigo fuente', 1, 'Added', 23, 1),
(22, '2018-02-12 03:35:02.512027', '3', 'Codigo fuente', 1, 'Added', 23, 1),
(23, '2018-02-12 03:57:45.935938', '4', 'Codigo fuente', 1, 'Added', 23, 1),
(24, '2018-02-12 04:22:18.155136', '6', 'Codigo fuente', 1, 'Added', 23, 1),
(25, '2018-02-20 17:28:19.184291', '1', 'Nivel de alcance de requisitos', 1, '[{\"added\": {}}]', 16, 1),
(26, '2018-02-20 17:28:56.203621', '2', 'Nivel de detalle', 1, '[{\"added\": {}}]', 16, 1),
(27, '2018-02-20 17:30:08.417636', '3', 'Completitud', 1, '[{\"added\": {}}]', 16, 1),
(28, '2018-02-20 17:32:02.918600', '7', 'Revision en pares', 1, '[{\"added\": {}}]', 16, 1),
(29, '2018-02-20 17:35:04.869799', '8', 'No ambiguedad', 1, '[{\"added\": {}}]', 16, 1),
(30, '2018-02-20 17:35:30.627970', '9', 'Formato correcto', 1, '[{\"added\": {}}]', 16, 1),
(31, '2018-02-20 17:36:40.225987', '10', 'Credenciales de acceso correctas', 1, '[{\"added\": {}}]', 16, 1),
(32, '2018-02-20 17:37:20.968770', '11', 'Pruebas en diferentes ambientes', 1, '[{\"added\": {}}]', 16, 1),
(33, '2018-02-20 17:38:08.725315', '12', 'Politicas de seguridad', 1, '[{\"added\": {}}]', 16, 1),
(34, '2018-02-20 17:38:40.796361', '14', 'Revisiones de diseno', 1, '[{\"added\": {}}]', 16, 1),
(35, '2018-02-20 17:40:43.698405', '15', 'Revision de codigo', 1, '[{\"added\": {}}]', 16, 1),
(36, '2018-02-20 17:41:59.397645', '16', 'Pruebas de seguridad', 1, '[{\"added\": {}}]', 16, 1),
(37, '2018-02-20 17:43:20.713493', '17', 'Manejo de excepciones', 1, '[{\"added\": {}}]', 16, 1),
(38, '2018-02-20 17:45:55.255613', '18', 'Conocimiento tecnico', 1, '[{\"added\": {}}]', 16, 1),
(39, '2018-02-20 17:46:54.420075', '19', 'Comunicacion adecuada', 1, '[{\"added\": {}}]', 16, 1),
(40, '2018-02-22 20:37:34.277063', '2', 'Proyecto Escuela Digital', 1, 'Added', 24, 1),
(41, '2018-02-23 17:26:16.967151', '2', 'Grado de validacion de requisitos', 1, '[{\"added\": {}}]', 10, 1),
(42, '2018-02-23 17:26:36.562607', '3', 'Defectos identificados', 1, '[{\"added\": {}}]', 10, 1),
(43, '2018-02-23 17:26:57.684765', '4', 'Defectos removidos', 1, '[{\"added\": {}}]', 10, 1),
(44, '2018-02-23 17:27:20.850377', '6', 'Tiempo de correccion de defectos', 1, '[{\"added\": {}}]', 10, 1),
(45, '2018-02-23 17:27:37.947387', '7', 'LOC', 1, '[{\"added\": {}}]', 10, 1),
(46, '2018-02-23 17:27:55.226800', '8', 'Densidad de defectos', 1, '[{\"added\": {}}]', 10, 1),
(47, '2018-02-23 17:28:19.217736', '9', 'Cobertura de codigo', 1, '[{\"added\": {}}]', 10, 1),
(48, '2018-02-23 17:28:46.278033', '10', 'Complejidad ciclomatica', 1, '[{\"added\": {}}]', 10, 1),
(49, '2018-02-23 17:29:05.292929', '11', 'Eficiencia de eliminacion de defectos', 1, '[{\"added\": {}}]', 10, 1),
(50, '2018-02-23 17:29:47.790459', '13', 'Capacidad de verificacion', 1, '[{\"added\": {}}]', 10, 1),
(51, '2018-02-23 17:30:01.587857', '14', 'Comprension', 1, '[{\"added\": {}}]', 10, 1),
(52, '2018-02-23 17:30:22.509095', '15', 'Cohesion', 1, '[{\"added\": {}}]', 10, 1),
(53, '2018-02-23 17:31:07.923808', '16', 'Acoplamiento', 1, '[{\"added\": {}}]', 10, 1),
(54, '2018-02-26 22:03:54.722207', '1', 'Analista', 1, '[{\"added\": {}}]', 11, 1),
(55, '2018-02-26 22:04:44.138706', '2', 'Arquitecto', 1, '[{\"added\": {}}]', 11, 1),
(56, '2018-02-26 22:05:04.187468', '3', 'Desarrollador', 1, '[{\"added\": {}}]', 11, 1),
(57, '2018-02-26 22:05:22.106136', '4', 'Tester', 1, '[{\"added\": {}}]', 11, 1),
(58, '2018-02-26 22:05:56.221686', '5', 'Lider de proyecto', 1, '[{\"added\": {}}]', 11, 1),
(59, '2018-02-26 22:06:14.833057', '6', 'Gerente de calidad', 1, '[{\"added\": {}}]', 11, 1),
(60, '2018-02-27 02:46:04.519004', '1', 'Reunin interna', 1, '[{\"added\": {}}]', 19, 1),
(61, '2018-02-27 02:46:56.053701', '2', 'Reunion externa', 1, '[{\"added\": {}}]', 19, 1),
(62, '2018-02-27 02:47:31.440644', '3', 'Revision', 1, '[{\"added\": {}}]', 19, 1),
(63, '2018-02-27 02:47:58.852256', '4', 'Liberacion de modulo', 1, '[{\"added\": {}}]', 19, 1),
(64, '2018-02-27 02:48:27.993350', '5', 'Entrega de producto', 1, '[{\"added\": {}}]', 19, 1),
(65, '2018-02-27 02:48:54.958659', '6', 'Auditoria interna', 1, '[{\"added\": {}}]', 19, 1),
(66, '2018-02-27 02:49:16.914375', '7', 'Auditoria externa', 1, '[{\"added\": {}}]', 19, 1),
(67, '2018-02-27 02:49:36.008290', '8', 'Termino de fase', 1, '[{\"added\": {}}]', 19, 1),
(68, '2018-02-27 02:50:24.880423', '9', 'Cierre de proyecto', 1, '[{\"added\": {}}]', 19, 1),
(69, '2018-03-07 19:43:19.168832', '3', 'Analisis', 2, '[{\"changed\": {\"fields\": [\"rol\"]}}]', 7, 1),
(70, '2018-03-07 19:44:25.491442', '1', 'Evaluacion', 2, '[{\"changed\": {\"fields\": [\"nombre\", \"objetivo\", \"rol\"]}}]', 7, 1),
(71, '2018-03-07 19:44:48.882907', '3', 'Analisis', 2, '[{\"changed\": {\"fields\": [\"objetivo\"]}}]', 7, 1),
(72, '2018-03-07 19:45:26.096744', '6', 'Diseno', 1, '[{\"added\": {}}]', 7, 1),
(73, '2018-03-07 19:45:52.380231', '4', 'Desarrollo', 2, '[{\"changed\": {\"fields\": [\"objetivo\", \"rol\"]}}]', 7, 1),
(74, '2018-03-07 19:46:15.802081', '7', 'Pruebas', 1, '[{\"added\": {}}]', 7, 1),
(75, '2018-03-07 19:46:47.219088', '9', 'Liberacion', 1, '[{\"added\": {}}]', 7, 1),
(76, '2018-03-07 19:47:11.958776', '10', 'Cierre', 1, '[{\"added\": {}}]', 7, 1),
(77, '2018-03-08 20:14:43.651437', '1', 'Evaluar aceptabilidad de documento de requisitos.', 1, '[{\"added\": {}}]', 8, 1),
(78, '2018-03-08 20:15:05.621969', '2', 'Mediciones al documento de requisitos.', 1, '[{\"added\": {}}]', 8, 1),
(79, '2018-03-08 20:16:09.402846', '4', 'Evaluar aceptabilidad de documento de gestion de riesgos.', 1, '[{\"added\": {}}]', 8, 1),
(80, '2018-03-08 20:16:22.717240', '5', 'Mediciones al documento de gestion de riesgos.', 1, '[{\"added\": {}}]', 8, 1),
(81, '2018-03-08 20:17:02.798262', '7', 'Evaluar la conformidad del diseno.', 1, '[{\"added\": {}}]', 8, 1),
(82, '2018-03-08 20:17:30.265784', '8', 'Evaluar la aceptabilidad del diseno de sistema.', 1, '[{\"added\": {}}]', 8, 1),
(83, '2018-03-08 20:18:22.588265', '9', 'Mediciones de calidad en el diseno de sistema.', 1, '[{\"added\": {}}]', 8, 1),
(84, '2018-03-08 20:18:54.440286', '10', 'Evaluar la conformidad del codigo fuente.', 1, '[{\"added\": {}}]', 8, 1),
(85, '2018-03-08 20:19:32.440745', '12', 'Evaluar aceptabilidad de codigo fuente.', 1, '[{\"added\": {}}]', 8, 1),
(86, '2018-03-08 20:19:41.753390', '13', 'Mediciones al codigo fuente', 1, '[{\"added\": {}}]', 8, 1),
(87, '2018-03-08 20:20:19.347198', '14', 'Evaluar conformidad del resultados de pruebas y documento de requisitos.', 1, '[{\"added\": {}}]', 8, 1),
(88, '2018-03-08 20:20:43.580450', '15', 'Evaluar aceptabilidad de plan de pruebas y los resultados de pruebas.', 1, '[{\"added\": {}}]', 8, 1),
(89, '2018-03-08 20:21:04.236203', '16', 'Mediciones al plan de pruebas y resultados de pruebas.', 1, '[{\"added\": {}}]', 8, 1),
(90, '2018-03-08 20:21:25.663675', '17', 'Evaluar aceptabilidad del procedimiento de entrega.', 1, '[{\"added\": {}}]', 8, 1),
(91, '2018-03-08 20:21:42.666317', '18', 'Mediciones al procedimiento de entrega.', 1, '[{\"added\": {}}]', 8, 1),
(92, '2018-03-08 20:22:15.071613', '19', 'Evaluar conformidad del documento de cierre del proyecto.', 1, '[{\"added\": {}}]', 8, 1),
(93, '2018-03-08 20:22:34.197429', '20', 'Mediciones del documento de cierre del proyecto.', 1, '[{\"added\": {}}]', 8, 1),
(94, '2018-03-08 20:29:06.353844', '2', 'Conformidad de documento de gestion de riesgos contra criterios de aceptacion.', 1, '[{\"added\": {}}]', 12, 1),
(95, '2018-03-08 20:52:10.934126', '5', 'Documento de gestion de riesgos', 1, '[{\"added\": {}}]', 22, 1),
(96, '2018-03-08 20:53:44.600086', '6', 'Diagrama de diseno de sistema', 1, '[{\"added\": {}}]', 22, 1),
(97, '2018-03-08 20:54:24.598861', '5', 'Documento de gestion de riesgos', 3, '', 22, 1),
(98, '2018-03-08 20:55:06.804806', '7', 'Plan de pruebas', 1, '[{\"added\": {}}]', 22, 1),
(99, '2018-03-08 20:56:25.361923', '8', 'Reporte de pruebas', 1, '[{\"added\": {}}]', 22, 1),
(100, '2018-03-08 21:05:02.035430', '9', 'Procedimiento de entrega', 1, '[{\"added\": {}}]', 22, 1),
(101, '2018-03-08 21:05:55.414139', '10', 'Documento de cierre de proyecto', 1, '[{\"added\": {}}]', 22, 1),
(102, '2018-03-08 21:14:19.678221', '4', 'Determinar conformidad entre documento de requisitos y criterios de aceptacion.', 1, '[{\"added\": {}}]', 12, 1),
(103, '2018-03-08 21:16:41.311647', '5', 'Aceptabilidad del documento de requisitos confirmado por el cliente.', 1, '[{\"added\": {}}]', 12, 1),
(104, '2018-03-08 21:19:24.225563', '7', 'Analizar resultados de medicion de la calidad.', 1, '[{\"added\": {}}]', 12, 1),
(105, '2018-03-08 21:19:57.997636', '8', 'Analizar procedimientos de medicion.', 1, '[{\"added\": {}}]', 12, 1),
(106, '2018-03-08 21:20:20.194391', '8', 'Analizar procedimientos de medicion.', 2, '[]', 12, 1),
(107, '2018-03-08 21:21:35.468660', '10', 'Conformidad de documento de gestion de riesgos contra criterios de aceptacion.', 1, '[{\"added\": {}}]', 12, 1),
(108, '2018-03-08 21:22:34.553957', '11', 'Analizar resultados de medicion de la calidad en documento de gestion de riesgos.', 1, '[{\"added\": {}}]', 12, 1),
(109, '2018-03-08 21:23:08.335581', '12', 'Analizar procedimientos de medicion de gestion de riesgos.', 1, '[{\"added\": {}}]', 12, 1),
(110, '2018-03-08 21:23:55.465120', '13', 'Evaluar conformidad de los diagramas de sistema contra el documento de requisitos', 1, '[{\"added\": {}}]', 12, 1),
(111, '2018-03-08 21:24:48.770026', '14', 'Determinar conformidad del diseno de sistema y criterios de aceptacion.', 1, '[{\"added\": {}}]', 12, 1),
(112, '2018-03-08 21:25:27.646952', '15', 'Aceptabilidad del diseno de sistema confirmado por el cliente.', 1, '[{\"added\": {}}]', 12, 1),
(113, '2018-03-08 21:26:44.228496', '16', 'Analizar resultados de mediciones', 1, '[{\"added\": {}}]', 12, 1),
(114, '2018-03-08 21:29:02.950314', '17', 'Analizar procedimientos de medicion.', 1, '[{\"added\": {}}]', 12, 1),
(115, '2018-03-08 21:30:06.091817', '18', 'Evaluar la conformidad del codigo fuente y requisitos  de software establecidos.', 1, '[{\"added\": {}}]', 12, 1),
(116, '2018-03-08 21:30:55.313743', '19', 'Evaluar conformidad en codigo fuente y documentacion relacionada contra el diseno de software.', 1, '[{\"added\": {}}]', 12, 1),
(117, '2018-03-08 21:32:53.830124', '20', 'Determinar conformidad de codigo fuente y criterios de aceptabilidad.', 1, '[{\"added\": {}}]', 12, 1),
(118, '2018-03-08 21:33:31.345566', '21', 'Aceptabilidad del codigo fuente confirmado por el cliente.', 1, '[{\"added\": {}}]', 12, 1),
(119, '2018-03-08 21:34:00.940528', '22', 'Analizar resultados de medicion.', 1, '[{\"added\": {}}]', 12, 1),
(120, '2018-03-08 21:34:36.055754', '23', 'Analizar procedimiento de medicion de codigo.', 1, '[{\"added\": {}}]', 12, 1),
(121, '2018-03-08 21:36:16.990746', '24', 'Evaluar conformidad de plan de pruebas o procedimientos de pruebas contra los requisitos de software.', 1, '[{\"added\": {}}]', 12, 1),
(122, '2018-03-08 21:37:00.663847', '25', 'Determinar conformidad entre resultados de pruebas y criterios de aceptacion.', 1, '[{\"added\": {}}]', 12, 1),
(123, '2018-03-08 21:39:28.267763', '25', 'Determinar conformidad entre resultados de pruebas y criterios de aceptacion.', 2, '[{\"changed\": {\"fields\": [\"salida\"]}}]', 12, 1),
(124, '2018-03-08 21:40:14.877487', '24', 'Evaluar conformidad de plan de pruebas o procedimientos de pruebas contra los requisitos de software.', 2, '[{\"changed\": {\"fields\": [\"salida\"]}}]', 12, 1),
(125, '2018-03-08 21:40:56.230848', '12', 'Analizar procedimientos de medicion de gestion de riesgos.', 2, '[]', 12, 1),
(126, '2018-03-08 21:41:34.189499', '26', 'Determinar por el cliente el cumplimiento de criterios de aceptabilidad a los resultados de pruebas.', 1, '[{\"added\": {}}]', 12, 1),
(127, '2018-03-08 21:42:05.574456', '27', 'Analizar resultados de mediciones al plan de pruebas y resultados de pruebas.', 1, '[{\"added\": {}}]', 12, 1),
(128, '2018-03-08 21:43:02.455977', '28', 'Analizar procedimientos de medicion de plan de pruebas y resultados de pruebas.', 1, '[{\"added\": {}}]', 12, 1),
(129, '2018-03-08 21:44:23.389939', '29', 'Evaluar cuando el procedimiento de entrega esta conforme a criterios de aceptacion.', 1, '[{\"added\": {}}]', 12, 1),
(130, '2018-03-08 21:45:07.979981', '31', 'Corroborar la aceptacion del cliente del cumplimiento de los  criterios de aceptacion.', 1, '[{\"added\": {}}]', 12, 1),
(131, '2018-03-08 21:45:32.056848', '32', 'Analizar resultado de medicion del procedimiento de entrega.', 1, '[{\"added\": {}}]', 12, 1),
(132, '2018-03-08 21:45:52.720507', '33', 'Analizar el procedimiento de medicion del procedimiento de entrega.', 1, '[{\"added\": {}}]', 12, 1),
(133, '2018-03-08 21:46:31.362271', '34', 'Determinar conformidad entre documento de cierre del proyecto y criterios de aceptacion.', 1, '[{\"added\": {}}]', 12, 1),
(134, '2018-03-08 21:47:01.766598', '35', 'Confirmar por el cliente el cumplimiento de los criterios de aceptacion.', 1, '[{\"added\": {}}]', 12, 1),
(135, '2018-03-08 21:47:25.581321', '36', 'Analizar los resultados de medicion del cierre del proyecto.', 1, '[{\"added\": {}}]', 12, 1),
(136, '2018-03-09 01:14:59.058967', '4', 'Determinar conformidad entre documento de requisitos y criterios de aceptacion.', 2, '[{\"changed\": {\"fields\": [\"salida\"]}}]', 12, 1),
(137, '2018-03-09 01:14:59.115494', '4', 'Determinar conformidad entre documento de requisitos y criterios de aceptacion.', 2, '[]', 12, 1),
(138, '2018-03-09 01:15:17.346535', '5', 'Aceptabilidad del documento de requisitos confirmado por el cliente.', 2, '[{\"changed\": {\"fields\": [\"salida\"]}}]', 12, 1),
(139, '2018-03-09 01:15:20.735872', '5', 'Aceptabilidad del documento de requisitos confirmado por el cliente.', 2, '[]', 12, 1),
(140, '2018-03-09 01:20:18.680085', '10', 'Conformidad de documento de gestion de riesgos contra criterios de aceptacion.', 2, '[{\"changed\": {\"fields\": [\"salida\"]}}]', 12, 1),
(141, '2018-03-09 01:20:56.732476', '13', 'Evaluar conformidad de los diagramas de sistema contra el documento de requisitos', 2, '[{\"changed\": {\"fields\": [\"salida\"]}}]', 12, 1),
(142, '2018-03-09 01:21:31.242477', '14', 'Determinar conformidad del diseno de sistema y criterios de aceptacion.', 2, '[{\"changed\": {\"fields\": [\"salida\"]}}]', 12, 1),
(143, '2018-03-09 01:21:58.481625', '15', 'Aceptabilidad del diseno de sistema confirmado por el cliente.', 2, '[{\"changed\": {\"fields\": [\"salida\"]}}]', 12, 1),
(144, '2018-03-09 01:22:26.519493', '18', 'Evaluar la conformidad del codigo fuente y requisitos  de software establecidos.', 2, '[{\"changed\": {\"fields\": [\"salida\"]}}]', 12, 1),
(145, '2018-03-09 01:24:12.069307', '19', 'Evaluar conformidad en codigo fuente y documentacion relacionada contra el diseno de software.', 2, '[{\"changed\": {\"fields\": [\"salida\"]}}]', 12, 1),
(146, '2018-03-09 01:24:38.990948', '20', 'Determinar conformidad de codigo fuente y criterios de aceptabilidad.', 2, '[{\"changed\": {\"fields\": [\"salida\"]}}]', 12, 1),
(147, '2018-03-09 01:25:09.451420', '21', 'Aceptabilidad del codigo fuente confirmado por el cliente.', 2, '[{\"changed\": {\"fields\": [\"salida\"]}}]', 12, 1),
(148, '2018-03-21 20:54:53.994260', '19', 'Comunicacion adecuada', 2, '[{\"changed\": {\"fields\": [\"descripcion\"]}}]', 16, 1),
(149, '2018-03-23 15:45:09.495869', '7', 'LOC', 2, '[{\"changed\": {\"fields\": [\"comando\"]}}]', 10, 1),
(150, '2018-03-23 15:45:25.929437', '10', 'Complejidad ciclomatica', 2, '[{\"changed\": {\"fields\": [\"comando\"]}}]', 10, 1),
(151, '2018-03-23 15:46:12.419518', '17', 'Mantenibilidad', 1, '[{\"added\": {}}]', 10, 1),
(152, '2018-03-23 15:47:09.053621', '18', 'Desviacion del estandar de codigo', 1, '[{\"added\": {}}]', 10, 1),
(153, '2018-03-23 16:30:19.559085', '7', 'Lineas de Codigo', 2, '[{\"changed\": {\"fields\": [\"nombre\", \"codigo\"]}}]', 10, 1),
(154, '2018-03-23 16:30:36.782532', '7', 'Lineas de codigo', 2, '[{\"changed\": {\"fields\": [\"nombre\"]}}]', 10, 1),
(155, '2018-03-23 16:31:02.142460', '10', 'Complejidad ciclomatica', 2, '[{\"changed\": {\"fields\": [\"codigo\"]}}]', 10, 1),
(156, '2018-03-23 16:31:14.025494', '17', 'Mantenibilidad', 2, '[{\"changed\": {\"fields\": [\"codigo\"]}}]', 10, 1),
(157, '2018-03-23 16:31:27.208378', '18', 'Desviacion del estandar de codigo', 2, '[{\"changed\": {\"fields\": [\"codigo\"]}}]', 10, 1),
(158, '2018-03-23 16:55:40.028440', '10', 'Complejidad ciclomatica', 2, '[{\"changed\": {\"fields\": [\"descripcion\"]}}]', 10, 1),
(159, '2018-03-23 16:55:46.979153', '10', 'Complejidad ciclomatica', 2, '[]', 10, 1),
(160, '2018-03-23 16:57:25.168021', '17', 'Mantenibilidad', 2, '[{\"changed\": {\"fields\": [\"descripcion\"]}}]', 10, 1),
(161, '2018-03-23 16:58:57.284359', '17', 'Mantenibilidad', 2, '[{\"changed\": {\"fields\": [\"comando\"]}}]', 10, 1),
(162, '2018-03-23 17:00:01.039983', '17', 'Mantenibilidad', 2, '[{\"changed\": {\"fields\": [\"comando\"]}}]', 10, 1),
(163, '2018-03-23 17:03:00.074704', '17', 'Mantenibilidad', 2, '[{\"changed\": {\"fields\": [\"codigo\"]}}]', 10, 1),
(164, '2018-03-23 17:15:52.851049', '19', 'Lineas logicas de codigo', 1, '[{\"added\": {}}]', 10, 1),
(165, '2018-03-23 19:10:40.368485', '1', 'Formato object', 1, '[{\"added\": {}}]', 26, 1),
(166, '2018-03-23 19:11:58.092354', '2', 'JPEG images', 1, '[{\"added\": {}}]', 26, 1),
(167, '2018-03-23 19:12:47.285585', '3', 'Portable Document Format (PDF)', 1, '[{\"added\": {}}]', 26, 1),
(168, '2018-03-23 19:13:30.725277', '4', 'Microsoft Excel', 1, '[{\"added\": {}}]', 26, 1),
(169, '2018-03-23 19:13:54.070800', '5', 'ZIP archive', 1, '[{\"added\": {}}]', 26, 1),
(170, '2018-03-23 19:19:00.212528', '3', 'Codigo fuente', 2, '[{\"changed\": {\"fields\": [\"descripcion\", \"metricas\"]}}]', 22, 1),
(171, '2018-03-23 19:20:07.748471', '6', 'Text document', 1, '[{\"added\": {}}]', 26, 1),
(172, '2018-03-23 19:22:18.610993', '7', 'Python document', 1, '[{\"added\": {}}]', 26, 1),
(173, '2018-03-23 19:22:33.733776', '3', 'Codigo fuente', 2, '[{\"changed\": {\"fields\": [\"formatos\"]}}]', 22, 1),
(174, '2018-03-23 19:23:25.537942', '6', 'Diagrama de diseno de sistema', 2, '[{\"changed\": {\"fields\": [\"metricas\", \"formatos\"]}}]', 22, 1),
(175, '2018-03-23 19:23:39.405195', '10', 'Documento de cierre de proyecto', 2, '[{\"changed\": {\"fields\": [\"formatos\"]}}]', 22, 1),
(176, '2018-03-23 19:24:00.044355', '10', 'Documento de cierre de proyecto', 2, '[{\"changed\": {\"fields\": [\"metricas\"]}}]', 22, 1),
(177, '2018-03-23 19:24:41.784390', '1', 'Documento de requisitos', 2, '[{\"changed\": {\"fields\": [\"metricas\", \"formatos\"]}}]', 22, 1),
(178, '2018-03-23 19:25:17.843670', '7', 'Plan de pruebas', 2, '[{\"changed\": {\"fields\": [\"metricas\", \"formatos\"]}}]', 22, 1),
(179, '2018-03-23 19:25:36.331811', '2', 'Plan de riesgos', 2, '[{\"changed\": {\"fields\": [\"metricas\", \"formatos\"]}}]', 22, 1),
(180, '2018-03-23 19:26:09.365333', '9', 'Procedimiento de entrega', 2, '[{\"changed\": {\"fields\": [\"metricas\", \"formatos\"]}}]', 22, 1),
(181, '2018-03-23 19:26:37.590191', '8', 'Reporte de pruebas', 2, '[{\"changed\": {\"fields\": [\"metricas\", \"formatos\"]}}]', 22, 1),
(182, '2018-04-08 19:11:47.702471', '2', 'alonso', 1, '[{\"added\": {}}]', 4, 1),
(183, '2018-04-08 19:14:11.041141', '2', 'alonso', 2, '[{\"changed\": {\"fields\": [\"first_name\", \"last_name\", \"email\", \"is_staff\"]}}]', 4, 1),
(184, '2018-04-09 06:30:00.704864', '22', 'Evaluar la conformidad del diseno - Diseno', 1, '[{\"added\": {}}]', 8, 1),
(185, '2018-04-16 03:46:15.463117', '1', 'lider de proyecto', 1, '[{\"added\": {}}]', 2, 1),
(186, '2018-04-16 03:47:04.393054', '2', 'alonso', 2, '[{\"changed\": {\"fields\": [\"is_staff\", \"groups\"]}}]', 4, 1),
(187, '2018-04-16 03:51:14.212227', '1', 'lider de proyecto', 2, '[{\"changed\": {\"fields\": [\"permissions\"]}}]', 2, 1),
(188, '2018-04-16 03:52:17.199976', '1', 'lider de proyecto', 2, '[{\"changed\": {\"fields\": [\"permissions\"]}}]', 2, 1),
(189, '2018-04-16 04:02:47.899478', '3', 'saul', 1, '[{\"added\": {}}]', 4, 1),
(190, '2018-04-16 04:03:20.406711', '3', 'saul', 2, '[{\"changed\": {\"fields\": [\"first_name\", \"last_name\", \"email\"]}}]', 4, 1),
(191, '2018-04-16 16:35:58.381175', '18', 'Desviacion del estandar de codigo', 2, '[{\"changed\": {\"fields\": [\"comando\"]}}]', 10, 1),
(192, '2018-04-17 14:56:42.454166', '21', 'métrica ñ', 1, '[{\"added\": {}}]', 10, 1),
(193, '2018-04-17 14:56:59.472623', '21', 'métrica ñ', 3, '', 10, 1),
(194, '2018-04-17 14:57:14.151520', '13', 'Capacidad de verificación', 2, '[{\"changed\": {\"fields\": [\"nombre\"]}}]', 10, 1),
(195, '2018-04-17 14:57:49.965569', '9', 'Cobertura de código', 2, '[{\"changed\": {\"fields\": [\"nombre\", \"descripcion\"]}}]', 10, 1),
(196, '2018-04-17 14:58:04.709071', '14', 'Comprensión', 2, '[{\"changed\": {\"fields\": [\"nombre\"]}}]', 10, 1),
(197, '2018-04-17 14:58:26.488583', '18', 'Desviación del estándar de código', 2, '[{\"changed\": {\"fields\": [\"nombre\"]}}]', 10, 1),
(198, '2018-04-17 14:58:40.288600', '2', 'Grado de validación de requisitos', 2, '[{\"changed\": {\"fields\": [\"nombre\"]}}]', 10, 1),
(199, '2018-04-17 14:58:51.282929', '7', 'Lineas de código', 2, '[{\"changed\": {\"fields\": [\"nombre\"]}}]', 10, 1),
(200, '2018-04-17 14:58:59.826698', '6', 'Tiempo de corrección de defectos', 2, '[{\"changed\": {\"fields\": [\"nombre\"]}}]', 10, 1),
(201, '2018-04-17 14:59:17.819035', '19', 'Lineas lógicas de código', 2, '[{\"changed\": {\"fields\": [\"nombre\", \"descripcion\"]}}]', 10, 1),
(202, '2018-04-17 14:59:29.549070', '11', 'Eficiencia de eliminación de defectos', 2, '[{\"changed\": {\"fields\": [\"nombre\"]}}]', 10, 1),
(203, '2018-04-17 14:59:40.106909', '8', 'Densidad de defectos', 2, '[]', 10, 1),
(204, '2018-04-17 15:00:35.195657', '17', 'Mantenibilidad', 2, '[]', 10, 1),
(205, '2018-04-17 15:01:21.826865', '15', 'Cohesión', 2, '[{\"changed\": {\"fields\": [\"nombre\"]}}]', 10, 1),
(206, '2018-04-17 15:01:56.337536', '10', 'Complejidad ciclomática', 2, '[{\"changed\": {\"fields\": [\"nombre\"]}}]', 10, 1),
(207, '2018-04-17 15:09:06.183243', '5', 'Mediciones al documento de gestión de riesgos. - Evaluacion', 2, '[{\"changed\": {\"fields\": [\"nombre\"]}}]', 8, 1),
(208, '2018-04-17 15:09:15.619899', '4', 'Evaluar aceptabilidad de documento de gestión de riesgos. - Evaluacion', 2, '[{\"changed\": {\"fields\": [\"nombre\"]}}]', 8, 1),
(209, '2018-04-17 15:09:46.900912', '13', 'Mediciones al código fuente. - Desarrollo', 2, '[{\"changed\": {\"fields\": [\"nombre\"]}}]', 8, 1),
(210, '2018-04-17 15:09:58.095262', '12', 'Evaluar aceptabilidad de código fuente. - Desarrollo', 2, '[{\"changed\": {\"fields\": [\"nombre\"]}}]', 8, 1),
(211, '2018-04-17 15:10:09.375096', '10', 'Evaluar la conformidad del código fuente. - Desarrollo', 2, '[{\"changed\": {\"fields\": [\"nombre\"]}}]', 8, 1),
(212, '2018-04-17 15:10:19.038415', '7', 'Evaluar la conformidad del diseño. - Desarrollo', 2, '[{\"changed\": {\"fields\": [\"nombre\"]}}]', 8, 1),
(213, '2018-04-17 15:10:26.951893', '22', 'Evaluar la conformidad del diseño - Diseno', 2, '[{\"changed\": {\"fields\": [\"nombre\"]}}]', 8, 1),
(214, '2018-04-17 15:10:36.176063', '9', 'Mediciones de calidad en el diseño de sistema. - Diseno', 2, '[{\"changed\": {\"fields\": [\"nombre\"]}}]', 8, 1),
(215, '2018-04-17 15:10:46.171929', '8', 'Evaluar la aceptabilidad del diseño de sistema. - Diseno', 2, '[{\"changed\": {\"fields\": [\"nombre\"]}}]', 8, 1),
(216, '2018-04-17 15:10:53.241374', '16', 'Mediciones al plan de pruebas y resultados de pruebas. - Pruebas', 2, '[]', 8, 1),
(217, '2018-04-17 15:11:00.919862', '14', 'Evaluar conformidad del resultados de pruebas y documento de requisitos. - Pruebas', 2, '[]', 8, 1),
(218, '2018-04-17 15:12:04.660529', '19', 'Comunicación adecuada', 2, '[{\"changed\": {\"fields\": [\"nombre\"]}}]', 16, 1),
(219, '2018-04-17 15:12:40.050193', '18', 'Conocimiento técnico', 2, '[{\"changed\": {\"fields\": [\"nombre\"]}}]', 16, 1),
(220, '2018-04-17 15:12:47.780852', '10', 'Credenciales de acceso correctas', 2, '[]', 16, 1),
(221, '2018-04-17 15:12:54.319143', '9', 'Formato correcto', 2, '[]', 16, 1),
(222, '2018-04-17 15:13:36.878042', '2', 'Nivel de detalle', 2, '[{\"changed\": {\"fields\": [\"tipo\"]}}]', 16, 1),
(223, '2018-04-17 15:13:49.920598', '8', 'No ambigüedad', 2, '[{\"changed\": {\"fields\": [\"nombre\"]}}]', 16, 1),
(224, '2018-04-17 15:14:28.681131', '12', 'Politicas de seguridad', 2, '[{\"changed\": {\"fields\": [\"descripcion\"]}}]', 16, 1),
(225, '2018-04-17 15:15:01.520625', '15', 'Revisión de código', 2, '[{\"changed\": {\"fields\": [\"nombre\"]}}]', 16, 1),
(226, '2018-04-17 15:15:21.795880', '7', 'Revisión por pares', 2, '[{\"changed\": {\"fields\": [\"nombre\"]}}]', 16, 1),
(227, '2018-04-17 15:15:32.903064', '14', 'Revisiones de diseño', 2, '[{\"changed\": {\"fields\": [\"nombre\"]}}]', 16, 1),
(228, '2018-04-17 15:20:18.635153', '1', 'Inicializado', 2, '[{\"changed\": {\"fields\": [\"descripcion\"]}}]', 9, 1),
(229, '2018-04-17 15:20:32.883773', '2', 'Producto agregado', 2, '[{\"changed\": {\"fields\": [\"descripcion\"]}}]', 9, 1),
(230, '2018-04-17 15:21:44.156152', '3', 'Revisado internamente', 2, '[{\"changed\": {\"fields\": [\"descripcion\"]}}]', 9, 1),
(231, '2018-04-17 15:23:04.390726', '5', 'Verificado', 1, '[{\"added\": {}}]', 9, 1),
(232, '2018-04-17 15:23:51.510053', '6', 'Cerrado', 1, '[{\"added\": {}}]', 9, 1),
(233, '2018-04-17 15:26:08.378185', '4', 'Liberación de módulo', 2, '[{\"changed\": {\"fields\": [\"nombre\"]}}]', 19, 1),
(234, '2018-04-17 15:26:53.285092', '1', 'Reunión interna', 2, '[{\"changed\": {\"fields\": [\"nombre\", \"descripcion\"]}}]', 19, 1),
(235, '2018-04-17 15:27:12.538743', '3', 'Revisión', 2, '[{\"changed\": {\"fields\": [\"nombre\"]}}]', 19, 1),
(236, '2018-04-17 15:27:19.657483', '8', 'Termino de fase', 2, '[]', 19, 1),
(237, '2018-04-17 15:27:55.105595', '1', 'Evaluación', 2, '[{\"changed\": {\"fields\": [\"nombre\", \"objetivo\"]}}]', 7, 1),
(238, '2018-04-17 15:28:04.542168', '3', 'Análisis', 2, '[{\"changed\": {\"fields\": [\"nombre\"]}}]', 7, 1),
(239, '2018-04-17 15:28:22.129974', '4', 'Desarrollo', 2, '[{\"changed\": {\"fields\": [\"objetivo\"]}}]', 7, 1),
(240, '2018-04-17 15:28:52.458334', '6', 'Diseño', 2, '[{\"changed\": {\"fields\": [\"nombre\"]}}]', 7, 1),
(241, '2018-04-17 15:29:14.646988', '7', 'Pruebas', 2, '[]', 7, 1),
(242, '2018-04-17 15:29:22.759704', '7', 'Pruebas', 2, '[]', 7, 1),
(243, '2018-04-17 15:29:28.381761', '10', 'Cierre', 2, '[]', 7, 1),
(244, '2018-04-17 15:30:03.780531', '9', 'Liberación', 2, '[{\"changed\": {\"fields\": [\"nombre\", \"objetivo\"]}}]', 7, 1),
(245, '2018-04-17 15:30:11.318727', '10', 'Cierre', 2, '[]', 7, 1),
(246, '2018-04-17 15:30:15.771368', '9', 'Liberación', 2, '[]', 7, 1),
(247, '2018-04-17 15:30:20.576404', '7', 'Pruebas', 2, '[]', 7, 1),
(248, '2018-04-17 15:30:26.219353', '6', 'Diseño', 2, '[]', 7, 1),
(249, '2018-04-17 15:30:30.866997', '4', 'Desarrollo', 2, '[]', 7, 1),
(250, '2018-04-17 15:30:35.795215', '4', 'Desarrollo', 2, '[]', 7, 1),
(251, '2018-04-17 15:30:42.042539', '3', 'Análisis', 2, '[]', 7, 1),
(252, '2018-04-17 15:32:52.194983', '16', 'Acoplamiento', 2, '[]', 10, 1),
(253, '2018-04-17 15:40:32.094557', '3', 'Código fuente', 2, '[{\"changed\": {\"fields\": [\"nombre\"]}}]', 22, 1),
(254, '2018-04-17 15:40:53.419518', '6', 'Diagrama de diseño de sistema', 2, '[{\"changed\": {\"fields\": [\"nombre\", \"descripcion\"]}}]', 22, 1),
(255, '2018-04-17 15:41:02.055784', '10', 'Documento de cierre de proyecto', 2, '[]', 22, 1),
(256, '2018-04-17 15:42:01.488167', '1', 'Documento de requisitos', 2, '[{\"changed\": {\"fields\": [\"descripcion\"]}}]', 22, 1),
(257, '2018-04-17 15:42:13.667699', '7', 'Plan de pruebas', 2, '[]', 22, 1),
(258, '2018-04-17 15:42:45.107249', '2', 'Plan de riesgos', 2, '[{\"changed\": {\"fields\": [\"descripcion\"]}}]', 22, 1),
(259, '2018-04-17 15:43:06.823057', '8', 'Reporte de pruebas', 2, '[]', 22, 1),
(260, '2018-04-17 15:43:14.701783', '9', 'Procedimiento de entrega', 2, '[]', 22, 1),
(261, '2018-04-17 15:43:19.667825', '2', 'Plan de riesgos', 2, '[]', 22, 1),
(262, '2018-04-17 15:43:39.977383', '5', 'Líder de proyecto', 2, '[{\"changed\": {\"fields\": [\"nombre\"]}}]', 11, 1),
(263, '2018-04-17 15:43:44.880015', '4', 'Tester', 2, '[]', 11, 1),
(264, '2018-04-17 15:43:52.046901', '6', 'Gerente de calidad', 2, '[]', 11, 1),
(265, '2018-04-17 15:43:56.845805', '3', 'Desarrollador', 2, '[]', 11, 1),
(266, '2018-04-17 15:44:03.038691', '2', 'Arquitecto', 2, '[]', 11, 1),
(267, '2018-04-17 15:44:10.606922', '1', 'Analista', 2, '[]', 11, 1),
(268, '2018-04-17 15:44:32.492151', '12', 'Analizar procedimientos de medición de gestión de riesgos.', 2, '[{\"changed\": {\"fields\": [\"nombre\"]}}]', 12, 1),
(269, '2018-04-17 15:44:49.355103', '11', 'Analizar resultados de medición de la calidad en documento de gestión de riesgos.', 2, '[{\"changed\": {\"fields\": [\"nombre\"]}}]', 12, 1),
(270, '2018-04-17 15:45:03.596212', '10', 'Conformidad de documento de gestión de riesgos contra criterios de aceptación.', 2, '[{\"changed\": {\"fields\": [\"nombre\"]}}]', 12, 1),
(271, '2018-04-17 15:45:11.339487', '8', 'Analizar procedimientos de medición.', 2, '[{\"changed\": {\"fields\": [\"nombre\"]}}]', 12, 1),
(272, '2018-04-17 15:45:22.327381', '7', 'Analizar resultados de medición de la calidad.', 2, '[{\"changed\": {\"fields\": [\"nombre\"]}}]', 12, 1),
(273, '2018-04-17 15:45:30.861595', '5', 'Aceptabilidad del documento de requisitos confirmado por el cliente.', 2, '[]', 12, 1),
(274, '2018-04-17 15:45:40.855833', '4', 'Determinar conformidad entre documento de requisitos y criterios de aceptación.', 2, '[{\"changed\": {\"fields\": [\"nombre\"]}}]', 12, 1),
(275, '2018-04-17 15:45:56.166061', '23', 'Analizar procedimiento de medición de código.', 2, '[{\"changed\": {\"fields\": [\"nombre\"]}}]', 12, 1),
(276, '2018-04-17 15:46:05.544278', '22', 'Analizar resultados de medición.', 2, '[{\"changed\": {\"fields\": [\"nombre\"]}}]', 12, 1),
(277, '2018-04-17 15:46:17.466861', '21', 'Aceptabilidad del código fuente confirmado por el cliente.', 2, '[{\"changed\": {\"fields\": [\"nombre\"]}}]', 12, 1),
(278, '2018-04-17 15:46:27.389376', '20', 'Determinar conformidad de código fuente y criterios de aceptabilidad.', 2, '[{\"changed\": {\"fields\": [\"nombre\"]}}]', 12, 1),
(279, '2018-04-17 15:46:44.297193', '19', 'Evaluar conformidad en código fuente y documentación relacionada contra el diseño de software.', 2, '[{\"changed\": {\"fields\": [\"nombre\"]}}]', 12, 1),
(280, '2018-04-17 15:46:55.715118', '18', 'Evaluar la conformidad del código fuente y requisitos  de software establecidos.', 2, '[{\"changed\": {\"fields\": [\"nombre\"]}}]', 12, 1),
(281, '2018-04-17 15:47:04.911232', '13', 'Evaluar conformidad de los diagramas de sistema contra el documento de requisitos', 2, '[]', 12, 1),
(282, '2018-04-17 15:47:14.662978', '17', 'Analizar procedimientos de medición.', 2, '[{\"changed\": {\"fields\": [\"nombre\"]}}]', 12, 1),
(283, '2018-04-17 15:47:22.526732', '16', 'Analizar resultados de mediciones', 2, '[]', 12, 1),
(284, '2018-04-17 15:47:31.561325', '15', 'Aceptabilidad del diseño de sistema confirmado por el cliente.', 2, '[{\"changed\": {\"fields\": [\"nombre\"]}}]', 12, 1),
(285, '2018-04-17 15:47:43.457356', '14', 'Determinar conformidad del diseño de sistema y criterios de aceptación.', 2, '[{\"changed\": {\"fields\": [\"nombre\"]}}]', 12, 1),
(286, '2018-04-17 15:47:54.727568', '28', 'Analizar procedimientos de medición de plan de pruebas y resultados de pruebas.', 2, '[{\"changed\": {\"fields\": [\"nombre\"]}}]', 12, 1),
(287, '2018-04-17 15:48:03.990326', '27', 'Analizar resultados de mediciones al plan de pruebas y resultados de pruebas.', 2, '[]', 12, 1),
(288, '2018-04-17 15:48:12.202860', '27', 'Analizar resultados de mediciones al plan de pruebas y resultados de pruebas.', 2, '[]', 12, 1),
(289, '2018-04-17 15:48:24.145939', '26', 'Determinar por el cliente el cumplimiento de criterios de aceptabilidad a los resultados de pruebas.', 2, '[]', 12, 1),
(290, '2018-04-17 15:48:35.142149', '25', 'Determinar conformidad entre resultados de pruebas y criterios de aceptación.', 2, '[{\"changed\": {\"fields\": [\"nombre\"]}}]', 12, 1),
(291, '2018-04-17 15:48:47.336886', '24', 'Evaluar conformidad de plan de pruebas o procedimientos de pruebas contra los requisitos de software.', 2, '[]', 12, 1),
(292, '2018-04-17 15:48:58.165214', '33', 'Analizar el procedimiento de medición del procedimiento de entrega.', 2, '[{\"changed\": {\"fields\": [\"nombre\"]}}]', 12, 1),
(293, '2018-04-17 15:49:12.736299', '32', 'Analizar resultado de medición del procedimiento de entrega.', 2, '[{\"changed\": {\"fields\": [\"nombre\"]}}]', 12, 1),
(294, '2018-04-17 15:49:32.631471', '31', 'Corroborar la aceptación del cliente del cumplimiento de los  criterios de aceptación.', 2, '[{\"changed\": {\"fields\": [\"nombre\"]}}]', 12, 1),
(295, '2018-04-17 15:49:41.914120', '29', 'Evaluar cuando el procedimiento de entrega esta conforme a criterios de aceptación.', 2, '[{\"changed\": {\"fields\": [\"nombre\"]}}]', 12, 1),
(296, '2018-04-17 15:49:50.698639', '36', 'Analizar los resultados de medición del cierre del proyecto.', 2, '[{\"changed\": {\"fields\": [\"nombre\"]}}]', 12, 1),
(297, '2018-04-17 15:49:59.093188', '35', 'Confirmar por el cliente el cumplimiento de los criterios de aceptación.', 2, '[{\"changed\": {\"fields\": [\"nombre\"]}}]', 12, 1),
(298, '2018-04-17 15:50:06.434433', '34', 'Determinar conformidad entre documento de cierre del proyecto y criterios de aceptación.', 2, '[{\"changed\": {\"fields\": [\"nombre\"]}}]', 12, 1),
(299, '2018-04-17 15:51:21.432382', '2', 'alonso', 2, '[{\"changed\": {\"fields\": [\"first_name\"]}}]', 4, 1),
(300, '2018-04-17 15:51:32.246979', '1', 'líder de proyecto', 2, '[{\"changed\": {\"fields\": [\"name\"]}}]', 2, 1),
(301, '2018-04-17 19:58:56.196719', '2', 'JPG images', 2, '[{\"changed\": {\"fields\": [\"programa\"]}}]', 26, 1),
(302, '2018-04-17 19:59:16.409320', '8', 'JPEG images', 1, '[{\"added\": {}}]', 26, 1),
(303, '2018-04-17 19:59:43.280732', '2', 'JPG images', 2, '[]', 26, 1),
(304, '2018-04-17 20:39:57.319124', '7', 'Cliente', 1, '[{\"added\": {}}]', 11, 1),
(305, '2018-04-17 20:40:28.675137', '1', 'Evaluación', 2, '[{\"changed\": {\"fields\": [\"rol\"]}}]', 7, 1),
(306, '2018-04-17 20:40:38.386327', '3', 'Análisis', 2, '[{\"changed\": {\"fields\": [\"rol\"]}}]', 7, 1),
(307, '2018-04-17 20:40:42.879623', '4', 'Desarrollo', 2, '[{\"changed\": {\"fields\": [\"rol\"]}}]', 7, 1),
(308, '2018-04-17 20:40:47.965723', '6', 'Diseño', 2, '[{\"changed\": {\"fields\": [\"rol\"]}}]', 7, 1),
(309, '2018-04-17 20:40:53.391087', '6', 'Diseño', 2, '[]', 7, 1),
(310, '2018-04-17 20:40:57.828221', '4', 'Desarrollo', 2, '[]', 7, 1),
(311, '2018-04-17 20:41:02.336655', '7', 'Pruebas', 2, '[{\"changed\": {\"fields\": [\"rol\"]}}]', 7, 1),
(312, '2018-04-17 20:41:10.331057', '9', 'Liberación', 2, '[{\"changed\": {\"fields\": [\"rol\"]}}]', 7, 1),
(313, '2018-04-17 20:41:14.892993', '10', 'Cierre', 2, '[{\"changed\": {\"fields\": [\"rol\"]}}]', 7, 1),
(314, '2018-04-18 22:39:12.225720', '2', 'alonso', 3, '', 4, 1),
(315, '2018-04-18 22:39:12.240178', '3', 'saul', 3, '', 4, 1),
(316, '2018-04-21 04:00:19.177219', '4', 'Defectos removidos', 3, '', 10, 1),
(317, '2018-04-21 04:00:57.165044', '8', 'Densidad de defectos', 3, '', 10, 1),
(318, '2018-04-21 04:01:46.466492', '9', 'Cobertura de código', 3, '', 10, 1),
(319, '2018-04-21 04:02:05.003170', '6', 'Tiempo de corrección de defectos', 3, '', 10, 1),
(320, '2018-04-21 04:17:33.730759', '17', 'Mantenibilidad', 2, '[{\"changed\": {\"fields\": [\"comando\"]}}]', 10, 1),
(321, '2018-04-24 20:58:03.675133', '2', 'Alonso', 1, '[{\"added\": {}}]', 4, 1),
(322, '2018-04-24 20:58:31.708656', '2', 'Alonso', 2, '[{\"changed\": {\"fields\": [\"first_name\", \"last_name\", \"email\"]}}]', 4, 1),
(323, '2018-04-24 20:58:46.489698', '3', 'saul', 1, '[{\"added\": {}}]', 4, 1),
(324, '2018-04-24 20:59:03.607489', '3', 'saul', 2, '[{\"changed\": {\"fields\": [\"first_name\", \"last_name\", \"email\"]}}]', 4, 1),
(325, '2018-04-26 18:22:30.140858', '3', 'saul', 2, '[{\"changed\": {\"fields\": [\"is_superuser\"]}}]', 4, 1),
(326, '2018-04-26 18:23:29.467302', '3', 'saul', 2, '[{\"changed\": {\"fields\": [\"is_staff\"]}}]', 4, 1),
(327, '2018-04-30 04:41:20.857511', '4', 'alonso2', 3, '', 4, 1),
(328, '2018-04-30 04:41:20.882325', '6', 'asa', 3, '', 4, 1),
(329, '2018-04-30 04:41:20.900249', '5', 'asdasd', 3, '', 4, 1),
(330, '2018-04-30 04:41:56.505591', '2', 'alonso', 2, '[{\"changed\": {\"fields\": [\"username\", \"email\"]}}]', 4, 1),
(331, '2018-04-30 04:42:17.049117', '3', 'saul', 2, '[{\"changed\": {\"fields\": [\"email\", \"is_staff\", \"is_superuser\"]}}]', 4, 1),
(332, '2018-04-30 20:32:05.166006', '2', 'A - Muy alto', 1, '[{\"added\": {}}]', 29, 1),
(333, '2018-04-30 20:32:29.752248', '3', 'B - Medio', 1, '[{\"added\": {}}]', 29, 1),
(334, '2018-04-30 20:33:03.672864', '4', 'C - Extremadamente bajo', 1, '[{\"added\": {}}]', 29, 1),
(335, '2018-04-30 20:37:54.449466', '10', 'Complejidad ciclomática', 2, '[{\"changed\": {\"fields\": [\"descripcion\"]}}]', 10, 1),
(336, '2018-04-30 20:39:52.733681', '7', 'Complejidad ciclomática - A Bajo - bloques sencillos', 1, '[{\"added\": {}}]', 29, 1),
(337, '2018-04-30 20:40:36.107959', '8', 'Complejidad ciclomática - B Bajo- bloques bien estructurados y estables', 1, '[{\"added\": {}}]', 29, 1),
(338, '2018-04-30 20:41:00.298121', '9', 'Complejidad ciclomática - C Moderado - bloques significativamente complejos', 1, '[{\"added\": {}}]', 29, 1),
(339, '2018-04-30 20:41:26.231910', '10', 'Complejidad ciclomática - D Más que moderado - bloques más complejos', 1, '[{\"added\": {}}]', 29, 1),
(340, '2018-04-30 20:42:07.796602', '11', 'Complejidad ciclomática - E Alto - alarma, bloques complejos', 1, '[{\"added\": {}}]', 29, 1),
(341, '2018-04-30 20:42:36.075733', '12', 'Complejidad ciclomática - F Muy alto - bloques inestables propensos a errores', 1, '[{\"added\": {}}]', 29, 1),
(342, '2018-04-30 22:02:03.053993', '7', 'Complejidad ciclomática - A Bajo - bloques sencillos', 2, '[{\"changed\": {\"fields\": [\"limite_inferior\"]}}]', 29, 1),
(343, '2018-05-01 17:19:34.952208', '3', 'Análisis', 2, '[{\"changed\": {\"fields\": [\"productos_de_trabajo\"]}}]', 7, 1),
(344, '2018-05-01 17:20:03.017623', '1', 'Evaluación', 2, '[{\"changed\": {\"fields\": [\"productos_de_trabajo\"]}}]', 7, 1),
(345, '2018-05-01 17:20:34.448696', '6', 'Diseño', 2, '[{\"changed\": {\"fields\": [\"productos_de_trabajo\"]}}]', 7, 1),
(346, '2018-05-01 17:21:02.919067', '4', 'Desarrollo', 2, '[{\"changed\": {\"fields\": [\"productos_de_trabajo\"]}}]', 7, 1),
(347, '2018-05-01 17:27:51.794174', '7', 'Pruebas', 2, '[{\"changed\": {\"fields\": [\"productos_de_trabajo\"]}}]', 7, 1),
(348, '2018-05-01 17:28:06.533117', '9', 'Liberación', 2, '[{\"changed\": {\"fields\": [\"productos_de_trabajo\"]}}]', 7, 1),
(349, '2018-05-01 17:28:16.329111', '10', 'Cierre', 2, '[{\"changed\": {\"fields\": [\"productos_de_trabajo\"]}}]', 7, 1),
(350, '2018-05-01 19:43:10.584209', '2', 'Plan de riesgos', 2, '[{\"changed\": {\"fields\": [\"metricas\"]}}]', 22, 1),
(351, '2018-05-01 19:43:37.913662', '2', 'Plan de riesgos', 2, '[{\"changed\": {\"fields\": [\"metricas\"]}}]', 22, 1),
(352, '2018-05-02 04:32:19.684930', '20', 'Completitud', 1, '[{\"added\": {}}]', 10, 1),
(353, '2018-05-02 16:32:10.443487', '10', 'Complejidad ciclomática', 2, '[{\"changed\": {\"fields\": [\"tipo\"]}}]', 10, 1),
(354, '2018-05-02 16:32:31.959999', '18', 'Desviación del estándar de código', 2, '[{\"changed\": {\"fields\": [\"tipo\"]}}]', 10, 1),
(355, '2018-05-02 16:32:46.506742', '7', 'Lineas de código', 2, '[{\"changed\": {\"fields\": [\"tipo\"]}}]', 10, 1),
(356, '2018-05-02 16:32:58.960961', '19', 'Lineas lógicas de código', 2, '[{\"changed\": {\"fields\": [\"tipo\"]}}]', 10, 1),
(357, '2018-05-02 16:33:03.941218', '7', 'Lineas de código', 2, '[]', 10, 1),
(358, '2018-05-02 16:33:13.528482', '17', 'Mantenibilidad', 2, '[{\"changed\": {\"fields\": [\"tipo\"]}}]', 10, 1),
(359, '2018-05-02 16:33:18.738490', '10', 'Complejidad ciclomática', 2, '[]', 10, 1),
(360, '2018-05-02 16:38:24.735815', '10', 'Complejidad ciclomática', 2, '[{\"changed\": {\"fields\": [\"tipo\"]}}]', 10, 1),
(361, '2018-05-02 16:38:34.001685', '7', 'Lineas de código', 2, '[{\"changed\": {\"fields\": [\"tipo\"]}}]', 10, 1),
(362, '2018-05-02 16:38:40.590688', '19', 'Lineas lógicas de código', 2, '[{\"changed\": {\"fields\": [\"tipo\"]}}]', 10, 1),
(363, '2018-05-02 16:38:46.802332', '17', 'Mantenibilidad', 2, '[{\"changed\": {\"fields\": [\"tipo\"]}}]', 10, 1),
(364, '2018-05-02 16:39:14.021593', '18', 'Desviación del estándar de código', 2, '[{\"changed\": {\"fields\": [\"tipo\"]}}]', 10, 1),
(365, '2018-05-02 21:13:08.964237', '16', 'Acoplamiento', 2, '[{\"changed\": {\"fields\": [\"tipo\"]}}]', 10, 1),
(366, '2018-05-02 21:13:13.989215', '13', 'Capacidad de verificación', 2, '[{\"changed\": {\"fields\": [\"tipo\"]}}]', 10, 1),
(367, '2018-05-02 21:13:18.017691', '15', 'Cohesión', 2, '[{\"changed\": {\"fields\": [\"tipo\"]}}]', 10, 1),
(368, '2018-05-02 21:13:21.295586', '15', 'Cohesión', 2, '[]', 10, 1),
(369, '2018-05-02 21:13:25.857252', '10', 'Complejidad ciclomática', 2, '[]', 10, 1),
(370, '2018-05-02 21:13:30.543527', '20', 'Completitud', 2, '[{\"changed\": {\"fields\": [\"tipo\"]}}]', 10, 1),
(371, '2018-05-02 21:13:35.857592', '14', 'Comprensión', 2, '[{\"changed\": {\"fields\": [\"tipo\"]}}]', 10, 1),
(372, '2018-05-02 21:13:40.573859', '3', 'Defectos identificados', 2, '[{\"changed\": {\"fields\": [\"tipo\"]}}]', 10, 1),
(373, '2018-05-02 21:13:44.627947', '3', 'Defectos identificados', 2, '[]', 10, 1),
(374, '2018-05-02 21:13:48.775827', '18', 'Desviación del estándar de código', 2, '[]', 10, 1),
(375, '2018-05-02 21:14:00.027314', '11', 'Eficiencia de eliminación de defectos', 2, '[{\"changed\": {\"fields\": [\"tipo\", \"codigo\"]}}]', 10, 1),
(376, '2018-05-02 21:14:09.105199', '2', 'Grado de validación de requisitos', 2, '[{\"changed\": {\"fields\": [\"tipo\", \"codigo\"]}}]', 10, 1),
(377, '2018-05-02 21:14:13.870479', '7', 'Lineas de código', 2, '[]', 10, 1),
(378, '2018-05-02 21:14:17.649387', '19', 'Lineas lógicas de código', 2, '[]', 10, 1),
(379, '2018-05-02 21:14:22.806398', '17', 'Mantenibilidad', 2, '[]', 10, 1),
(380, '2018-05-02 21:15:01.096918', '16', 'Acoplamiento', 2, '[{\"changed\": {\"fields\": [\"codigo\"]}}]', 10, 1),
(381, '2018-05-04 15:10:21.862218', '1', 'Evaluación', 2, '[{\"changed\": {\"fields\": [\"roles\"]}}]', 7, 1),
(382, '2018-05-04 15:10:52.565842', '3', 'Análisis', 2, '[{\"changed\": {\"fields\": [\"roles\"]}}]', 7, 1),
(383, '2018-05-04 15:11:03.336541', '3', 'Análisis', 2, '[]', 7, 1),
(384, '2018-05-04 15:11:21.871015', '4', 'Desarrollo', 2, '[{\"changed\": {\"fields\": [\"roles\"]}}]', 7, 1),
(385, '2018-05-04 15:11:43.203016', '6', 'Diseño', 2, '[{\"changed\": {\"fields\": [\"roles\"]}}]', 7, 1),
(386, '2018-05-04 15:12:02.420780', '7', 'Pruebas', 2, '[{\"changed\": {\"fields\": [\"roles\"]}}]', 7, 1),
(387, '2018-05-04 15:12:17.831022', '9', 'Liberación', 2, '[{\"changed\": {\"fields\": [\"roles\"]}}]', 7, 1),
(388, '2018-05-04 15:12:23.619351', '10', 'Cierre', 2, '[{\"changed\": {\"fields\": [\"roles\"]}}]', 7, 1),
(389, '2018-05-08 16:35:48.599509', '1', 'En ejecución', 1, '[{\"added\": {}}]', 31, 1),
(390, '2018-05-08 16:36:01.466388', '2', 'Aplicado sin resultados', 1, '[{\"added\": {}}]', 31, 1),
(391, '2018-05-08 16:44:52.194339', '3', 'Aplicado con resultados postivos', 1, '[{\"added\": {}}]', 31, 1),
(392, '2018-05-09 15:17:31.450697', '4', 'roote', 3, '', 4, 1),
(393, '2018-05-09 15:17:31.483019', '5', 'rootsdf', 3, '', 4, 1),
(394, '2018-05-09 15:28:15.235550', '6', 'roote', 3, '', 4, 1),
(395, '2018-05-10 01:32:36.786259', '2', 'Documento de gestión de riesgos', 2, '[{\"changed\": {\"fields\": [\"nombre\"]}}]', 22, 1),
(396, '2018-05-10 18:20:54.526354', '1', 'Documento de requisitos', 2, '[{\"changed\": {\"fields\": [\"plantilla\"]}}]', 22, 1),
(397, '2018-05-10 18:21:16.312033', '1', 'Documento de requisitos', 2, '[{\"changed\": {\"fields\": [\"plantilla\"]}}]', 22, 1),
(398, '2018-05-10 23:13:59.626528', '1', 'example.com', 3, '', 28, 1),
(399, '2018-05-10 23:34:01.994795', '95', 'inicio | producto de trabajo de fase | To provide AC-Bus facility', 3, '', 3, 1),
(400, '2018-05-10 23:34:01.997378', '94', 'inicio | producto de trabajo de fase | To provide non-AC Bus facility', 3, '', 3, 1),
(401, '2018-05-10 23:34:01.998986', '98', 'inicio | producto de trabajo de fase | Puede autorizar cumplimiento de criterios', 3, '', 3, 1),
(402, '2018-05-10 23:34:02.000371', '96', 'inicio | producto de trabajo de fase | To provide staying at AC room', 3, '', 3, 1),
(403, '2018-05-10 23:34:02.001594', '97', 'inicio | producto de trabajo de fase | Can update file of producto de trabajo', 3, '', 3, 1),
(404, '2018-05-10 23:35:18.866410', '99', 'inicio | producto de trabajo de fase | Can update file of producto de trabajo', 3, '', 3, 1),
(405, '2018-05-10 23:43:37.458615', '1', 'Analista', 2, '[{\"changed\": {\"fields\": [\"permisos\"]}}]', 11, 1),
(406, '2018-05-10 23:49:55.369205', '1', 'Analista', 2, '[{\"changed\": {\"fields\": [\"permisos\"]}}]', 11, 1),
(407, '2018-05-11 00:19:23.486855', '2', 'Arquitecto', 2, '[{\"changed\": {\"fields\": [\"permisos\"]}}]', 11, 1),
(408, '2018-05-11 00:19:42.490127', '7', 'Cliente', 2, '[{\"changed\": {\"fields\": [\"permisos\"]}}]', 11, 1),
(409, '2018-05-11 00:20:18.587302', '3', 'Desarrollador', 2, '[{\"changed\": {\"fields\": [\"permisos\"]}}]', 11, 1),
(410, '2018-05-11 00:20:50.458900', '6', 'Gerente de calidad', 2, '[{\"changed\": {\"fields\": [\"permisos\"]}}]', 11, 1),
(411, '2018-05-11 00:21:06.147137', '5', 'Líder de proyecto', 2, '[{\"changed\": {\"fields\": [\"permisos\"]}}]', 11, 1),
(412, '2018-05-11 00:21:22.798135', '4', 'Tester', 2, '[{\"changed\": {\"fields\": [\"permisos\"]}}]', 11, 1),
(413, '2018-05-11 03:02:49.014497', '2', 'Cliente', 1, '[{\"added\": {}}]', 2, 1),
(414, '2018-05-11 03:03:01.219789', '1', 'Líder de proyecto', 2, '[{\"changed\": {\"fields\": [\"name\"]}}]', 2, 1),
(415, '2018-05-11 03:03:23.992828', '3', 'Desarrollador', 1, '[{\"added\": {}}]', 2, 1),
(416, '2018-05-11 14:35:31.877542', '3', 'saul', 2, '[{\"changed\": {\"fields\": [\"user_permissions\"]}}]', 4, 1),
(417, '2018-05-11 14:36:04.889892', '3', 'saul', 2, '[{\"changed\": {\"fields\": [\"user_permissions\"]}}]', 4, 1),
(418, '2018-05-11 15:00:21.197622', '3', 'saul', 2, '[{\"changed\": {\"fields\": [\"user_permissions\"]}}]', 4, 1),
(419, '2018-05-11 15:05:27.488373', '1', 'root', 2, '[{\"changed\": {\"fields\": [\"user_permissions\"]}}]', 4, 1),
(420, '2018-05-11 15:22:20.068972', '3', 'saul', 2, '[{\"changed\": {\"fields\": [\"user_permissions\"]}}]', 4, 1),
(421, '2018-05-11 15:22:49.794550', '3', 'saul', 2, '[{\"changed\": {\"fields\": [\"user_permissions\"]}}]', 4, 1),
(422, '2018-05-11 15:23:31.335442', '3', 'saul', 2, '[{\"changed\": {\"fields\": [\"user_permissions\"]}}]', 4, 1),
(423, '2018-05-11 15:33:50.262123', '1', 'Evaluación', 2, '[{\"changed\": {\"fields\": [\"roles\"]}}]', 7, 1),
(424, '2018-05-11 15:33:55.958530', '3', 'Análisis', 2, '[{\"changed\": {\"fields\": [\"roles\"]}}]', 7, 1),
(425, '2018-05-11 15:33:59.591627', '1', 'Evaluación', 2, '[]', 7, 1),
(426, '2018-05-11 15:34:05.220947', '4', 'Desarrollo', 2, '[{\"changed\": {\"fields\": [\"roles\"]}}]', 7, 1),
(427, '2018-05-11 15:34:10.539313', '6', 'Diseño', 2, '[{\"changed\": {\"fields\": [\"roles\"]}}]', 7, 1),
(428, '2018-05-11 15:34:17.314558', '7', 'Pruebas', 2, '[{\"changed\": {\"fields\": [\"roles\"]}}]', 7, 1),
(429, '2018-05-11 15:34:21.549413', '7', 'Pruebas', 2, '[]', 7, 1),
(430, '2018-05-11 15:34:26.177067', '9', 'Liberación', 2, '[{\"changed\": {\"fields\": [\"roles\"]}}]', 7, 1),
(431, '2018-05-11 15:34:31.259378', '10', 'Cierre', 2, '[{\"changed\": {\"fields\": [\"roles\"]}}]', 7, 1),
(432, '2018-05-11 15:42:24.793849', '1', 'Analista', 2, '[{\"changed\": {\"fields\": [\"permisos\"]}}]', 11, 1),
(433, '2018-05-11 15:44:15.316495', '103', 'inicio | accion correctiva de metrica | Actualizar estátus de accion correctiva', 3, '', 3, 1),
(434, '2018-05-11 15:44:34.774107', '2', 'Arquitecto', 2, '[{\"changed\": {\"fields\": [\"permisos\"]}}]', 11, 1),
(435, '2018-05-11 15:44:59.036506', '7', 'Cliente', 2, '[{\"changed\": {\"fields\": [\"permisos\"]}}]', 11, 1),
(436, '2018-05-11 15:45:10.931670', '3', 'Desarrollador', 2, '[{\"changed\": {\"fields\": [\"permisos\"]}}]', 11, 1),
(437, '2018-05-11 15:45:24.752224', '6', 'Gerente de calidad', 2, '[{\"changed\": {\"fields\": [\"permisos\"]}}]', 11, 1);
INSERT INTO `django_admin_log` (`id`, `action_time`, `object_id`, `object_repr`, `action_flag`, `change_message`, `content_type_id`, `user_id`) VALUES
(438, '2018-05-11 15:45:34.297202', '5', 'Líder de proyecto', 2, '[{\"changed\": {\"fields\": [\"permisos\"]}}]', 11, 1),
(439, '2018-05-11 15:45:39.878389', '5', 'Líder de proyecto', 2, '[]', 11, 1),
(440, '2018-05-11 15:46:02.239786', '4', 'Tester', 2, '[{\"changed\": {\"fields\": [\"permisos\"]}}]', 11, 1),
(441, '2018-05-11 15:48:40.757362', '1', 'Analista', 2, '[{\"changed\": {\"fields\": [\"permisos\"]}}]', 11, 1),
(442, '2018-05-11 15:48:57.260025', '2', 'Arquitecto', 2, '[{\"changed\": {\"fields\": [\"permisos\"]}}]', 11, 1),
(443, '2018-05-11 15:49:19.954284', '3', 'Desarrollador', 2, '[{\"changed\": {\"fields\": [\"permisos\"]}}]', 11, 1),
(444, '2018-05-11 15:49:30.280999', '6', 'Gerente de calidad', 2, '[{\"changed\": {\"fields\": [\"permisos\"]}}]', 11, 1),
(445, '2018-05-11 15:49:47.292339', '5', 'Líder de proyecto', 2, '[{\"changed\": {\"fields\": [\"permisos\"]}}]', 11, 1),
(446, '2018-05-11 15:50:06.559553', '4', 'Tester', 2, '[{\"changed\": {\"fields\": [\"permisos\"]}}]', 11, 1),
(447, '2018-05-11 16:08:38.012039', '1', 'Evaluación', 2, '[{\"changed\": {\"fields\": [\"permiso_de_fase\"]}}]', 7, 1),
(448, '2018-05-11 16:08:51.138960', '3', 'Análisis', 2, '[{\"changed\": {\"fields\": [\"permiso_de_fase\"]}}]', 7, 1),
(449, '2018-05-11 16:09:14.902255', '4', 'Desarrollo', 2, '[{\"changed\": {\"fields\": [\"permiso_de_fase\"]}}]', 7, 1),
(450, '2018-05-11 16:09:34.033534', '6', 'Diseño', 2, '[{\"changed\": {\"fields\": [\"permiso_de_fase\"]}}]', 7, 1),
(451, '2018-05-11 16:09:43.648282', '7', 'Pruebas', 2, '[{\"changed\": {\"fields\": [\"permiso_de_fase\"]}}]', 7, 1),
(452, '2018-05-11 16:09:54.389174', '9', 'Liberación', 2, '[{\"changed\": {\"fields\": [\"permiso_de_fase\"]}}]', 7, 1),
(453, '2018-05-11 16:10:06.378562', '10', 'Cierre', 2, '[{\"changed\": {\"fields\": [\"permiso_de_fase\"]}}]', 7, 1),
(454, '2018-05-11 16:14:50.416655', '1', 'Analista', 2, '[{\"changed\": {\"fields\": [\"permisos\"]}}]', 11, 1),
(455, '2018-05-11 16:15:07.578734', '2', 'Arquitecto', 2, '[{\"changed\": {\"fields\": [\"permisos\"]}}]', 11, 1),
(456, '2018-05-11 16:15:31.065783', '3', 'Desarrollador', 2, '[{\"changed\": {\"fields\": [\"permisos\"]}}]', 11, 1),
(457, '2018-05-11 16:15:52.099640', '6', 'Gerente de calidad', 2, '[{\"changed\": {\"fields\": [\"permisos\"]}}]', 11, 1),
(458, '2018-05-11 16:16:14.840255', '5', 'Líder de proyecto', 2, '[{\"changed\": {\"fields\": [\"permisos\"]}}]', 11, 1),
(459, '2018-05-11 16:16:30.619368', '4', 'Tester', 2, '[{\"changed\": {\"fields\": [\"permisos\"]}}]', 11, 1),
(460, '2018-05-11 17:58:21.750206', '4', 'Desarrollo', 2, '[{\"changed\": {\"fields\": [\"roles\"]}}]', 7, 1),
(461, '2018-05-11 17:58:29.221593', '6', 'Diseño', 2, '[{\"changed\": {\"fields\": [\"roles\"]}}]', 7, 1),
(462, '2018-05-11 17:58:44.734897', '3', 'Análisis', 2, '[{\"changed\": {\"fields\": [\"roles\"]}}]', 7, 1),
(463, '2018-05-11 17:59:03.219810', '7', 'Pruebas', 2, '[{\"changed\": {\"fields\": [\"roles\"]}}]', 7, 1),
(464, '2018-05-17 15:54:30.511911', '3', 'saul', 2, '[{\"changed\": {\"fields\": [\"user_permissions\"]}}]', 4, 1),
(465, '2018-05-17 16:51:24.659626', '1', 'Evaluación', 2, '[{\"changed\": {\"fields\": [\"roles\", \"productos_de_trabajo\", \"permiso_de_fase\"]}}]', 7, 1),
(466, '2018-05-17 16:52:08.118842', '3', 'Análisis', 2, '[{\"changed\": {\"fields\": [\"roles\", \"productos_de_trabajo\", \"permiso_de_fase\"]}}]', 7, 1),
(467, '2018-05-17 16:53:01.331693', '4', 'Desarrollo', 2, '[{\"changed\": {\"fields\": [\"roles\", \"productos_de_trabajo\", \"permiso_de_fase\"]}}]', 7, 1),
(468, '2018-05-17 16:53:24.629446', '6', 'Diseño', 2, '[{\"changed\": {\"fields\": [\"roles\", \"productos_de_trabajo\", \"permiso_de_fase\"]}}]', 7, 1),
(469, '2018-05-17 16:54:10.631975', '7', 'Pruebas', 2, '[{\"changed\": {\"fields\": [\"roles\", \"productos_de_trabajo\", \"permiso_de_fase\"]}}]', 7, 1),
(470, '2018-05-17 16:54:57.727174', '9', 'Liberación', 2, '[{\"changed\": {\"fields\": [\"roles\", \"productos_de_trabajo\", \"permiso_de_fase\"]}}]', 7, 1),
(471, '2018-05-17 16:55:16.458095', '10', 'Cierre', 2, '[{\"changed\": {\"fields\": [\"roles\", \"productos_de_trabajo\", \"permiso_de_fase\"]}}]', 7, 1),
(472, '2018-05-17 18:09:04.146650', '3', 'Desarrollador', 2, '[{\"changed\": {\"fields\": [\"permisos\"]}}]', 11, 1),
(473, '2018-05-17 18:10:06.248687', '1', 'Analista', 2, '[{\"changed\": {\"fields\": [\"permisos\"]}}]', 11, 1),
(474, '2018-05-17 18:10:51.887106', '2', 'Arquitecto', 2, '[{\"changed\": {\"fields\": [\"permisos\"]}}]', 11, 1),
(475, '2018-05-17 18:11:23.482886', '7', 'Cliente', 2, '[{\"changed\": {\"fields\": [\"permisos\"]}}]', 11, 1),
(476, '2018-05-17 18:11:55.269453', '6', 'Gerente de calidad', 2, '[{\"changed\": {\"fields\": [\"permisos\"]}}]', 11, 1),
(477, '2018-05-17 18:12:32.117992', '5', 'Líder de proyecto', 2, '[{\"changed\": {\"fields\": [\"permisos\"]}}]', 11, 1),
(478, '2018-05-17 18:12:56.512266', '4', 'Tester', 2, '[{\"changed\": {\"fields\": [\"permisos\"]}}]', 11, 1),
(479, '2018-05-17 18:35:16.093465', '4', 'Desarrollo', 2, '[{\"changed\": {\"fields\": [\"roles\"]}}]', 7, 1),
(480, '2018-05-18 15:49:34.789910', '21', 'Densidad de defectos', 1, '[{\"added\": {}}]', 10, 1),
(481, '2018-05-18 15:49:50.393501', '21', 'Densidad de defectos', 2, '[]', 10, 1),
(482, '2018-05-18 15:50:07.297946', '21', 'Densidad de defectos', 2, '[{\"changed\": {\"fields\": [\"tipo\"]}}]', 10, 1),
(483, '2018-05-18 15:50:12.455460', '21', 'Densidad de defectos', 2, '[{\"changed\": {\"fields\": [\"tipo\"]}}]', 10, 1),
(484, '2018-05-18 15:50:31.756867', '21', 'Densidad de defectos', 2, '[{\"changed\": {\"fields\": [\"tipo\"]}}]', 10, 1),
(485, '2018-05-18 15:52:29.857204', '21', 'Densidad de defectos', 2, '[]', 10, 1),
(486, '2018-05-18 15:53:39.018790', '22', 'Número de requisitos', 1, '[{\"added\": {}}]', 10, 1),
(487, '2018-05-18 15:59:47.426487', '22', 'Número de requisitos', 2, '[{\"changed\": {\"fields\": [\"metricas_relacionadas\"]}}]', 10, 1),
(488, '2018-05-18 22:20:10.002226', '3', 'Código fuente', 2, '[{\"changed\": {\"fields\": [\"metricas\"]}}]', 22, 1),
(489, '2018-05-18 22:24:33.610799', '3', 'Defectos identificados', 2, '[{\"changed\": {\"fields\": [\"metricas_relacionadas\"]}}]', 10, 1),
(490, '2018-05-18 22:28:49.673755', '21', 'Densidad de defectos', 2, '[{\"changed\": {\"fields\": [\"metricas_relacionadas\"]}}]', 10, 1),
(491, '2018-05-18 22:31:11.187272', '3', 'Defectos identificados', 2, '[{\"changed\": {\"fields\": [\"metricas_relacionadas\"]}}]', 10, 1);

-- --------------------------------------------------------

--
-- Estructura de tabla para la tabla `django_content_type`
--

CREATE TABLE `django_content_type` (
  `id` int(11) NOT NULL,
  `app_label` varchar(100) NOT NULL,
  `model` varchar(100) NOT NULL
) ENGINE=InnoDB DEFAULT CHARSET=latin1;

--
-- Volcado de datos para la tabla `django_content_type`
--

INSERT INTO `django_content_type` (`id`, `app_label`, `model`) VALUES
(1, 'admin', 'logentry'),
(2, 'auth', 'group'),
(3, 'auth', 'permission'),
(4, 'auth', 'user'),
(5, 'contenttypes', 'contenttype'),
(25, 'django_cron', 'cronjoblog'),
(30, 'inicio', 'accioncorrectivademetrica'),
(8, 'inicio', 'actividad'),
(16, 'inicio', 'criteriodeaceptacion'),
(13, 'inicio', 'criteriodeproducto'),
(31, 'inicio', 'estatusdeaccionescorrectivas'),
(9, 'inicio', 'estatusdeproductos'),
(19, 'inicio', 'evento'),
(14, 'inicio', 'eventodeproyecto'),
(7, 'inicio', 'fase'),
(20, 'inicio', 'fasedeproyecto'),
(26, 'inicio', 'formato'),
(27, 'inicio', 'historicodemetrica'),
(10, 'inicio', 'metrica'),
(15, 'inicio', 'metricadeproducto'),
(22, 'inicio', 'productodetrabajo'),
(23, 'inicio', 'productodetrabajodefase'),
(24, 'inicio', 'proyecto'),
(29, 'inicio', 'rangodemetrica'),
(11, 'inicio', 'rol'),
(18, 'inicio', 'roldeproyecto'),
(12, 'inicio', 'tarea'),
(17, 'inicio', 'tarearealizada'),
(21, 'inicio', 'usuario'),
(6, 'sessions', 'session'),
(28, 'sites', 'site');

-- --------------------------------------------------------

--
-- Estructura de tabla para la tabla `django_cron_cronjoblog`
--

CREATE TABLE `django_cron_cronjoblog` (
  `id` int(11) NOT NULL,
  `code` varchar(64) NOT NULL,
  `start_time` datetime(6) NOT NULL,
  `end_time` datetime(6) NOT NULL,
  `is_success` tinyint(1) NOT NULL,
  `message` longtext NOT NULL,
  `ran_at_time` time(6) DEFAULT NULL
) ENGINE=InnoDB DEFAULT CHARSET=latin1;

-- --------------------------------------------------------

--
-- Estructura de tabla para la tabla `django_migrations`
--

CREATE TABLE `django_migrations` (
  `id` int(11) NOT NULL,
  `app` varchar(255) NOT NULL,
  `name` varchar(255) NOT NULL,
  `applied` datetime(6) NOT NULL
) ENGINE=InnoDB DEFAULT CHARSET=latin1;

--
-- Volcado de datos para la tabla `django_migrations`
--

INSERT INTO `django_migrations` (`id`, `app`, `name`, `applied`) VALUES
(1, 'contenttypes', '0001_initial', '2018-01-23 04:29:59.841669'),
(2, 'auth', '0001_initial', '2018-01-23 04:30:01.734970'),
(3, 'admin', '0001_initial', '2018-01-23 04:30:02.025436'),
(4, 'admin', '0002_logentry_remove_auto_add', '2018-01-23 04:30:02.207224'),
(5, 'contenttypes', '0002_remove_content_type_name', '2018-01-23 04:30:02.437762'),
(6, 'auth', '0002_alter_permission_name_max_length', '2018-01-23 04:30:02.545700'),
(7, 'auth', '0003_alter_user_email_max_length', '2018-01-23 04:30:02.702047'),
(8, 'auth', '0004_alter_user_username_opts', '2018-01-23 04:30:02.718690'),
(9, 'auth', '0005_alter_user_last_login_null', '2018-01-23 04:30:02.810629'),
(10, 'auth', '0006_require_contenttypes_0002', '2018-01-23 04:30:02.814832'),
(11, 'auth', '0007_alter_validators_add_error_messages', '2018-01-23 04:30:02.831596'),
(12, 'auth', '0008_alter_user_username_max_length', '2018-01-23 04:30:03.141297'),
(13, 'inicio', '0001_initial', '2018-01-23 04:30:08.036340'),
(14, 'inicio', '0002_auto_20180115_2028', '2018-01-23 04:30:08.302586'),
(15, 'inicio', '0003_auto_20180115_2137', '2018-01-23 04:30:09.484302'),
(16, 'inicio', '0004_auto_20180115_2149', '2018-01-23 04:30:09.565759'),
(17, 'inicio', '0005_auto_20180117_1730', '2018-01-23 04:30:13.720885'),
(18, 'inicio', '0006_auto_20180117_2155', '2018-01-23 04:30:14.174684'),
(19, 'inicio', '0007_auto_20180117_2157', '2018-01-23 04:30:14.463130'),
(20, 'inicio', '0008_proyecto_duplicate', '2018-01-23 04:30:14.958890'),
(21, 'inicio', '0009_auto_20180118_1532', '2018-01-23 04:30:15.537320'),
(22, 'inicio', '0010_remove_proyecto_id_usuario_registro', '2018-01-23 04:30:15.727479'),
(23, 'inicio', '0011_auto_20180118_1538', '2018-01-23 04:30:15.764762'),
(24, 'inicio', '0012_auto_20180118_1548', '2018-01-23 04:30:16.310759'),
(25, 'inicio', '0013_auto_20180118_1550', '2018-01-23 04:30:16.615362'),
(26, 'inicio', '0014_auto_20180119_1847', '2018-01-23 04:30:17.751463'),
(27, 'inicio', '0015_auto_20180119_1901', '2018-01-23 04:30:17.942285'),
(28, 'inicio', '0016_auto_20180119_1902', '2018-01-23 04:30:18.258586'),
(29, 'inicio', '0017_auto_20180122_2111', '2018-01-23 04:30:18.914510'),
(30, 'inicio', '0018_auto_20180122_2130', '2018-01-23 04:30:19.139294'),
(31, 'inicio', '0019_auto_20180123_0429', '2018-01-23 04:30:19.319522'),
(32, 'sessions', '0001_initial', '2018-01-23 04:30:19.535239'),
(33, 'inicio', '0020_auto_20180219_1606', '2018-02-19 16:06:30.601049'),
(34, 'inicio', '0021_auto_20180222_1935', '2018-02-22 19:35:29.984350'),
(35, 'inicio', '0022_auto_20180222_2042', '2018-02-22 20:42:15.409309'),
(36, 'inicio', '0023_auto_20180223_1739', '2018-02-23 17:40:08.119167'),
(37, 'inicio', '0024_auto_20180223_1742', '2018-02-23 17:42:55.970925'),
(38, 'inicio', '0025_auto_20180226_0558', '2018-02-26 06:03:16.873364'),
(39, 'inicio', '0026_auto_20180226_0612', '2018-02-26 06:12:11.017602'),
(40, 'inicio', '0027_auto_20180226_2148', '2018-02-26 21:48:53.445633'),
(41, 'inicio', '0028_auto_20180226_2215', '2018-02-26 22:15:37.379270'),
(42, 'inicio', '0029_auto_20180226_2229', '2018-02-26 22:29:25.862345'),
(43, 'inicio', '0030_auto_20180227_0233', '2018-02-27 02:33:41.937513'),
(44, 'inicio', '0031_auto_20180227_0233', '2018-02-27 02:34:02.261946'),
(45, 'inicio', '0032_auto_20180227_0236', '2018-02-27 02:36:42.037419'),
(46, 'inicio', '0033_auto_20180227_0241', '2018-02-27 02:41:07.446945'),
(47, 'inicio', '0034_auto_20180227_0241', '2018-02-27 02:41:18.216492'),
(48, 'inicio', '0035_auto_20180227_0241', '2018-02-27 02:41:31.142176'),
(49, 'inicio', '0036_auto_20180227_0242', '2018-02-27 02:42:48.103428'),
(50, 'inicio', '0037_auto_20180227_0310', '2018-02-27 03:10:45.824218'),
(51, 'inicio', '0038_auto_20180227_0310', '2018-02-27 03:10:46.003645'),
(52, 'inicio', '0039_auto_20180307_1939', '2018-03-07 19:40:00.940122'),
(53, 'inicio', '0040_auto_20180307_2108', '2018-03-07 21:08:42.395915'),
(54, 'inicio', '0041_auto_20180308_2033', '2018-03-08 20:36:16.876140'),
(55, 'inicio', '0042_auto_20180308_2118', '2018-03-08 21:18:45.675821'),
(56, 'inicio', '0043_auto_20180308_2138', '2018-03-08 21:38:50.228835'),
(57, 'inicio', '0044_auto_20180318_2138', '2018-03-18 21:38:31.693559'),
(58, 'inicio', '0045_auto_20180318_2141', '2018-03-18 21:41:42.891959'),
(59, 'inicio', '0046_auto_20180319_1811', '2018-03-19 18:12:02.056593'),
(60, 'inicio', '0047_auto_20180319_2057', '2018-03-19 20:57:39.357043'),
(61, 'inicio', '0048_auto_20180319_2100', '2018-03-19 21:01:11.469879'),
(62, 'inicio', '0049_auto_20180319_2103', '2018-03-19 21:03:36.124720'),
(63, 'inicio', '0050_auto_20180319_2251', '2018-03-19 22:51:47.860166'),
(64, 'inicio', '0051_auto_20180320_0314', '2018-03-20 03:14:32.152744'),
(65, 'inicio', '0052_auto_20180320_1656', '2018-03-20 16:56:26.322573'),
(66, 'inicio', '0053_auto_20180320_1958', '2018-03-20 19:58:09.881319'),
(67, 'inicio', '0054_auto_20180321_0430', '2018-03-21 04:31:45.260524'),
(68, 'inicio', '0055_auto_20180321_0521', '2018-03-21 05:21:13.793494'),
(69, 'inicio', '0056_auto_20180321_1818', '2018-03-21 18:21:13.519396'),
(70, 'inicio', '0057_auto_20180321_1819', '2018-03-21 18:21:14.038907'),
(71, 'inicio', '0058_auto_20180321_1820', '2018-03-21 18:21:14.319877'),
(72, 'inicio', '0059_auto_20180322_0222', '2018-03-22 02:23:07.534011'),
(73, 'django_cron', '0001_initial', '2018-03-22 03:28:13.045669'),
(74, 'django_cron', '0002_remove_max_length_from_CronJobLog_message', '2018-03-22 03:28:13.057928'),
(75, 'inicio', '0060_auto_20180322_2109', '2018-03-22 21:09:26.751376'),
(76, 'inicio', '0061_auto_20180323_0248', '2018-03-23 02:48:06.086604'),
(77, 'inicio', '0062_auto_20180323_1548', '2018-03-23 15:48:42.829819'),
(78, 'inicio', '0063_auto_20180323_1628', '2018-03-23 16:28:48.082225'),
(79, 'inicio', '0064_auto_20180323_1631', '2018-03-23 16:31:42.958860'),
(80, 'inicio', '0065_auto_20180323_1801', '2018-03-23 18:01:16.859563'),
(81, 'inicio', '0066_auto_20180323_1802', '2018-03-23 18:02:51.447739'),
(82, 'inicio', '0066_auto_20180323_1852', '2018-03-23 18:53:39.146899'),
(83, 'inicio', '0067_auto_20180323_1853', '2018-03-23 18:54:23.266504'),
(84, 'inicio', '0068_auto_20180323_1854', '2018-03-23 18:59:27.030712'),
(85, 'inicio', '0002_auto_20180323_1905', '2018-03-23 19:07:00.275072'),
(86, 'inicio', '0003_auto_20180323_1909', '2018-03-23 19:09:16.495405'),
(87, 'inicio', '0004_auto_20180323_1909', '2018-03-23 19:09:54.216943'),
(88, 'inicio', '0005_auto_20180323_1914', '2018-03-23 19:15:44.066406'),
(89, 'inicio', '0006_auto_20180330_2137', '2018-03-30 21:37:08.232459'),
(90, 'inicio', '0007_auto_20180415_0734', '2018-04-15 07:34:14.006644'),
(91, 'inicio', '0008_auto_20180415_1631', '2018-04-15 16:32:00.843105'),
(92, 'inicio', '0009_auto_20180415_1855', '2018-04-15 18:55:44.220413'),
(93, 'sites', '0001_initial', '2018-04-15 18:55:44.463341'),
(94, 'sites', '0002_alter_domain_unique', '2018-04-15 18:55:44.582218'),
(95, 'inicio', '0010_auto_20180415_1900', '2018-04-15 19:00:45.126486'),
(96, 'inicio', '0011_auto_20180417_1532', '2018-04-17 15:32:33.672705'),
(97, 'inicio', '0012_auto_20180417_1806', '2018-04-17 18:06:55.097925'),
(98, 'inicio', '0013_auto_20180417_1836', '2018-04-17 18:36:45.164394'),
(99, 'inicio', '0014_auto_20180417_1859', '2018-04-17 18:59:37.120559'),
(100, 'inicio', '0015_auto_20180417_2057', '2018-04-17 20:57:29.883459'),
(101, 'inicio', '0016_auto_20180426_1123', '2018-04-26 16:23:15.096304'),
(102, 'inicio', '0002_auto_20180430_1036', '2018-04-30 15:36:28.870043'),
(103, 'inicio', '0003_auto_20180430_1036', '2018-04-30 15:37:04.433668'),
(104, 'inicio', '0004_auto_20180430_1036', '2018-04-30 15:37:04.470554'),
(105, 'inicio', '0016_rangodemetrica', '2018-04-30 20:29:20.903930'),
(106, 'inicio', '0017_fasedeproyecto_productos_de_trabajo', '2018-05-01 17:11:15.022603'),
(107, 'inicio', '0018_auto_20180501_1713', '2018-05-01 17:13:27.568629'),
(108, 'inicio', '0002_auto_20180502_1131', '2018-05-02 16:31:36.748251'),
(109, 'inicio', '0003_auto_20180502_1141', '2018-05-02 16:41:16.264017'),
(110, 'inicio', '0004_auto_20180502_1141', '2018-05-02 16:41:16.318704'),
(111, 'inicio', '0005_auto_20180504_0957', '2018-05-04 14:57:47.222908'),
(112, 'inicio', '0006_auto_20180507_1051', '2018-05-07 15:51:37.079753'),
(113, 'inicio', '0002_auto_20180508_1212', '2018-05-08 17:12:51.524204'),
(114, 'inicio', '0002_auto_20180508_1320', '2018-05-08 18:20:34.968124'),
(115, 'inicio', '0003_auto_20180508_1320', '2018-05-08 18:20:34.998535'),
(116, 'inicio', '0004_auto_20180509_1413', '2018-05-09 19:14:05.851427'),
(117, 'inicio', '0005_auto_20180509_1413', '2018-05-09 19:14:06.103752'),
(118, 'inicio', '0006_auto_20180509_1712', '2018-05-09 22:12:09.014956'),
(119, 'inicio', '0007_auto_20180509_1713', '2018-05-09 22:13:13.649940'),
(120, 'inicio', '0008_auto_20180510_1822', '2018-05-10 23:23:05.320172'),
(121, 'inicio', '0009_auto_20180510_1825', '2018-05-10 23:25:05.040284'),
(122, 'inicio', '0010_auto_20180510_1830', '2018-05-10 23:31:00.373711'),
(123, 'inicio', '0011_auto_20180510_1831', '2018-05-10 23:31:05.298411'),
(124, 'inicio', '0012_auto_20180510_1834', '2018-05-10 23:34:20.812019'),
(125, 'inicio', '0013_auto_20180510_1835', '2018-05-10 23:35:32.491188'),
(126, 'inicio', '0014_auto_20180510_1842', '2018-05-10 23:42:20.206486'),
(127, 'inicio', '0015_auto_20180510_1845', '2018-05-10 23:49:01.012234'),
(128, 'inicio', '0016_auto_20180510_1847', '2018-05-10 23:49:01.272448'),
(129, 'inicio', '0017_auto_20180510_1848', '2018-05-10 23:49:01.501936'),
(130, 'inicio', '0018_auto_20180511_0053', '2018-05-11 05:54:54.414416'),
(131, 'inicio', '0019_auto_20180511_0054', '2018-05-11 05:54:54.646244'),
(132, 'inicio', '0020_auto_20180511_0054', '2018-05-11 05:54:54.701075'),
(133, 'inicio', '0021_auto_20180511_0054', '2018-05-11 05:54:54.750819'),
(134, 'inicio', '0022_auto_20180511_1041', '2018-05-11 15:41:17.848481'),
(135, 'inicio', '0023_auto_20180511_1043', '2018-05-11 15:44:01.275876'),
(136, 'inicio', '0024_auto_20180511_1104', '2018-05-11 16:04:21.789830'),
(137, 'inicio', '0025_auto_20180511_1108', '2018-05-11 16:08:10.451528'),
(138, 'inicio', '0026_auto_20180511_1128', '2018-05-11 16:28:11.080489'),
(139, 'inicio', '0027_auto_20180511_1128', '2018-05-11 16:28:17.168717'),
(140, 'inicio', '0028_auto_20180511_1211', '2018-05-11 17:11:28.587556'),
(141, 'inicio', '0029_auto_20180511_1216', '2018-05-11 17:16:23.643121'),
(142, 'inicio', '0030_auto_20180511_1220', '2018-05-11 17:20:09.403152'),
(143, 'inicio', '0031_auto_20180511_1305', '2018-05-11 18:05:29.961626'),
(144, 'inicio', '0032_auto_20180512_0923', '2018-05-12 14:23:36.217935'),
(145, 'inicio', '0033_auto_20180514_1255', '2018-05-14 17:55:57.906954'),
(146, 'inicio', '0034_auto_20180516_2228', '2018-05-17 03:29:10.078342'),
(147, 'inicio', '0035_auto_20180517_1116', '2018-05-17 16:16:54.549835'),
(148, 'inicio', '0036_auto_20180517_1121', '2018-05-17 16:21:13.031213'),
(149, 'inicio', '0037_auto_20180518_1048', '2018-05-18 15:48:36.338239'),
(150, 'inicio', '0038_auto_20180518_1059', '2018-05-18 15:59:06.371813');

-- --------------------------------------------------------

--
-- Estructura de tabla para la tabla `django_session`
--

CREATE TABLE `django_session` (
  `session_key` varchar(40) NOT NULL,
  `session_data` longtext NOT NULL,
  `expire_date` datetime(6) NOT NULL
) ENGINE=InnoDB DEFAULT CHARSET=latin1;

--
-- Volcado de datos para la tabla `django_session`
--

INSERT INTO `django_session` (`session_key`, `session_data`, `expire_date`) VALUES
('00ki4az245i9seesrzit471oc819qlan', 'MTcyNzAxYWViYzg0MTUwM2JjOGZjZDRmZjYwMjAxMzkxZjhiOGNlYTp7Il9hdXRoX3VzZXJfaGFzaCI6Ijc2MjEwNWQwMGFlZDgyYzY0YTBmMDEyNjdjYzVhZjRhMmU2MTcwNmMiLCJfYXV0aF91c2VyX2JhY2tlbmQiOiJkamFuZ28uY29udHJpYi5hdXRoLmJhY2tlbmRzLk1vZGVsQmFja2VuZCIsIl9hdXRoX3VzZXJfaWQiOiIxIn0=', '2018-04-04 18:54:25.330153'),
('00vog1g9qblw5r1s5rkh9468ve0xbwor', 'MTcyNzAxYWViYzg0MTUwM2JjOGZjZDRmZjYwMjAxMzkxZjhiOGNlYTp7Il9hdXRoX3VzZXJfaGFzaCI6Ijc2MjEwNWQwMGFlZDgyYzY0YTBmMDEyNjdjYzVhZjRhMmU2MTcwNmMiLCJfYXV0aF91c2VyX2JhY2tlbmQiOiJkamFuZ28uY29udHJpYi5hdXRoLmJhY2tlbmRzLk1vZGVsQmFja2VuZCIsIl9hdXRoX3VzZXJfaWQiOiIxIn0=', '2018-04-30 20:55:59.166589'),
('01sbns992fibizmfho8ub2otqd5b871d', 'MTcyNzAxYWViYzg0MTUwM2JjOGZjZDRmZjYwMjAxMzkxZjhiOGNlYTp7Il9hdXRoX3VzZXJfaGFzaCI6Ijc2MjEwNWQwMGFlZDgyYzY0YTBmMDEyNjdjYzVhZjRhMmU2MTcwNmMiLCJfYXV0aF91c2VyX2JhY2tlbmQiOiJkamFuZ28uY29udHJpYi5hdXRoLmJhY2tlbmRzLk1vZGVsQmFja2VuZCIsIl9hdXRoX3VzZXJfaWQiOiIxIn0=', '2018-05-01 03:26:31.370340'),
('02552y9u4midu3fvat3v073qr7elaqqc', 'MTcyNzAxYWViYzg0MTUwM2JjOGZjZDRmZjYwMjAxMzkxZjhiOGNlYTp7Il9hdXRoX3VzZXJfaGFzaCI6Ijc2MjEwNWQwMGFlZDgyYzY0YTBmMDEyNjdjYzVhZjRhMmU2MTcwNmMiLCJfYXV0aF91c2VyX2JhY2tlbmQiOiJkamFuZ28uY29udHJpYi5hdXRoLmJhY2tlbmRzLk1vZGVsQmFja2VuZCIsIl9hdXRoX3VzZXJfaWQiOiIxIn0=', '2018-05-18 17:53:57.604915'),
('041res7kr23w1pud2sge15jar42lw2m0', 'MTcyNzAxYWViYzg0MTUwM2JjOGZjZDRmZjYwMjAxMzkxZjhiOGNlYTp7Il9hdXRoX3VzZXJfaGFzaCI6Ijc2MjEwNWQwMGFlZDgyYzY0YTBmMDEyNjdjYzVhZjRhMmU2MTcwNmMiLCJfYXV0aF91c2VyX2JhY2tlbmQiOiJkamFuZ28uY29udHJpYi5hdXRoLmJhY2tlbmRzLk1vZGVsQmFja2VuZCIsIl9hdXRoX3VzZXJfaWQiOiIxIn0=', '2018-04-30 20:51:10.090048'),
('05x40bd63mp1kurvxfa6bwnulvlpzvdf', 'MTcyNzAxYWViYzg0MTUwM2JjOGZjZDRmZjYwMjAxMzkxZjhiOGNlYTp7Il9hdXRoX3VzZXJfaGFzaCI6Ijc2MjEwNWQwMGFlZDgyYzY0YTBmMDEyNjdjYzVhZjRhMmU2MTcwNmMiLCJfYXV0aF91c2VyX2JhY2tlbmQiOiJkamFuZ28uY29udHJpYi5hdXRoLmJhY2tlbmRzLk1vZGVsQmFja2VuZCIsIl9hdXRoX3VzZXJfaWQiOiIxIn0=', '2018-05-30 21:06:08.929211'),
('069jq9mqyvvhkre9uzft00hbmdqt7q7f', 'MTcyNzAxYWViYzg0MTUwM2JjOGZjZDRmZjYwMjAxMzkxZjhiOGNlYTp7Il9hdXRoX3VzZXJfaGFzaCI6Ijc2MjEwNWQwMGFlZDgyYzY0YTBmMDEyNjdjYzVhZjRhMmU2MTcwNmMiLCJfYXV0aF91c2VyX2JhY2tlbmQiOiJkamFuZ28uY29udHJpYi5hdXRoLmJhY2tlbmRzLk1vZGVsQmFja2VuZCIsIl9hdXRoX3VzZXJfaWQiOiIxIn0=', '2018-05-31 05:06:08.928777'),
('06q3fpnmth8f9sq0h9z9zjd2pl7a2v7g', 'MTcyNzAxYWViYzg0MTUwM2JjOGZjZDRmZjYwMjAxMzkxZjhiOGNlYTp7Il9hdXRoX3VzZXJfaGFzaCI6Ijc2MjEwNWQwMGFlZDgyYzY0YTBmMDEyNjdjYzVhZjRhMmU2MTcwNmMiLCJfYXV0aF91c2VyX2JhY2tlbmQiOiJkamFuZ28uY29udHJpYi5hdXRoLmJhY2tlbmRzLk1vZGVsQmFja2VuZCIsIl9hdXRoX3VzZXJfaWQiOiIxIn0=', '2018-04-04 04:22:11.091596'),
('06sp6fxw5wtqx9t54d8jcrwk0lap1ymq', 'MTcyNzAxYWViYzg0MTUwM2JjOGZjZDRmZjYwMjAxMzkxZjhiOGNlYTp7Il9hdXRoX3VzZXJfaGFzaCI6Ijc2MjEwNWQwMGFlZDgyYzY0YTBmMDEyNjdjYzVhZjRhMmU2MTcwNmMiLCJfYXV0aF91c2VyX2JhY2tlbmQiOiJkamFuZ28uY29udHJpYi5hdXRoLmJhY2tlbmRzLk1vZGVsQmFja2VuZCIsIl9hdXRoX3VzZXJfaWQiOiIxIn0=', '2018-04-23 07:02:37.751793'),
('07qn1wch6wnnide6sv3kudg1qw0rcl1a', 'MTcyNzAxYWViYzg0MTUwM2JjOGZjZDRmZjYwMjAxMzkxZjhiOGNlYTp7Il9hdXRoX3VzZXJfaGFzaCI6Ijc2MjEwNWQwMGFlZDgyYzY0YTBmMDEyNjdjYzVhZjRhMmU2MTcwNmMiLCJfYXV0aF91c2VyX2JhY2tlbmQiOiJkamFuZ28uY29udHJpYi5hdXRoLmJhY2tlbmRzLk1vZGVsQmFja2VuZCIsIl9hdXRoX3VzZXJfaWQiOiIxIn0=', '2018-05-01 03:30:05.834014'),
('08sx3kvyu2wsstwul18csal0m70onze8', 'MTcyNzAxYWViYzg0MTUwM2JjOGZjZDRmZjYwMjAxMzkxZjhiOGNlYTp7Il9hdXRoX3VzZXJfaGFzaCI6Ijc2MjEwNWQwMGFlZDgyYzY0YTBmMDEyNjdjYzVhZjRhMmU2MTcwNmMiLCJfYXV0aF91c2VyX2JhY2tlbmQiOiJkamFuZ28uY29udHJpYi5hdXRoLmJhY2tlbmRzLk1vZGVsQmFja2VuZCIsIl9hdXRoX3VzZXJfaWQiOiIxIn0=', '2018-04-30 20:42:40.095809'),
('09mujigx81dkjvalg7spolxfz4p7bpe8', 'MTcyNzAxYWViYzg0MTUwM2JjOGZjZDRmZjYwMjAxMzkxZjhiOGNlYTp7Il9hdXRoX3VzZXJfaGFzaCI6Ijc2MjEwNWQwMGFlZDgyYzY0YTBmMDEyNjdjYzVhZjRhMmU2MTcwNmMiLCJfYXV0aF91c2VyX2JhY2tlbmQiOiJkamFuZ28uY29udHJpYi5hdXRoLmJhY2tlbmRzLk1vZGVsQmFja2VuZCIsIl9hdXRoX3VzZXJfaWQiOiIxIn0=', '2018-04-30 20:26:14.027318'),
('0acim5d0rw9wdoge9pthjig4ndtkgamj', 'MTcyNzAxYWViYzg0MTUwM2JjOGZjZDRmZjYwMjAxMzkxZjhiOGNlYTp7Il9hdXRoX3VzZXJfaGFzaCI6Ijc2MjEwNWQwMGFlZDgyYzY0YTBmMDEyNjdjYzVhZjRhMmU2MTcwNmMiLCJfYXV0aF91c2VyX2JhY2tlbmQiOiJkamFuZ28uY29udHJpYi5hdXRoLmJhY2tlbmRzLk1vZGVsQmFja2VuZCIsIl9hdXRoX3VzZXJfaWQiOiIxIn0=', '2018-05-31 17:43:24.942883'),
('0bncbxfkhxr0angt2bs9irkqw1bjceah', 'MTcyNzAxYWViYzg0MTUwM2JjOGZjZDRmZjYwMjAxMzkxZjhiOGNlYTp7Il9hdXRoX3VzZXJfaGFzaCI6Ijc2MjEwNWQwMGFlZDgyYzY0YTBmMDEyNjdjYzVhZjRhMmU2MTcwNmMiLCJfYXV0aF91c2VyX2JhY2tlbmQiOiJkamFuZ28uY29udHJpYi5hdXRoLmJhY2tlbmRzLk1vZGVsQmFja2VuZCIsIl9hdXRoX3VzZXJfaWQiOiIxIn0=', '2018-05-31 04:03:02.214060'),
('0c18vg61jvb5nxxudfrckpnukp0nisz3', 'MTcyNzAxYWViYzg0MTUwM2JjOGZjZDRmZjYwMjAxMzkxZjhiOGNlYTp7Il9hdXRoX3VzZXJfaGFzaCI6Ijc2MjEwNWQwMGFlZDgyYzY0YTBmMDEyNjdjYzVhZjRhMmU2MTcwNmMiLCJfYXV0aF91c2VyX2JhY2tlbmQiOiJkamFuZ28uY29udHJpYi5hdXRoLmJhY2tlbmRzLk1vZGVsQmFja2VuZCIsIl9hdXRoX3VzZXJfaWQiOiIxIn0=', '2018-05-18 19:24:58.730798'),
('0cgvr7pjrg0oo1dnz02fusd6bp1e1yzs', 'MTcyNzAxYWViYzg0MTUwM2JjOGZjZDRmZjYwMjAxMzkxZjhiOGNlYTp7Il9hdXRoX3VzZXJfaGFzaCI6Ijc2MjEwNWQwMGFlZDgyYzY0YTBmMDEyNjdjYzVhZjRhMmU2MTcwNmMiLCJfYXV0aF91c2VyX2JhY2tlbmQiOiJkamFuZ28uY29udHJpYi5hdXRoLmJhY2tlbmRzLk1vZGVsQmFja2VuZCIsIl9hdXRoX3VzZXJfaWQiOiIxIn0=', '2018-05-31 17:06:37.047564'),
('0chbd2sgdooxg21dj3nxkk6nnpapfpr6', 'MTcyNzAxYWViYzg0MTUwM2JjOGZjZDRmZjYwMjAxMzkxZjhiOGNlYTp7Il9hdXRoX3VzZXJfaGFzaCI6Ijc2MjEwNWQwMGFlZDgyYzY0YTBmMDEyNjdjYzVhZjRhMmU2MTcwNmMiLCJfYXV0aF91c2VyX2JhY2tlbmQiOiJkamFuZ28uY29udHJpYi5hdXRoLmJhY2tlbmRzLk1vZGVsQmFja2VuZCIsIl9hdXRoX3VzZXJfaWQiOiIxIn0=', '2018-04-30 20:09:28.666827'),
('0cp30qcjzkq6i0h4t8g72vf8qfko6ujl', 'MTcyNzAxYWViYzg0MTUwM2JjOGZjZDRmZjYwMjAxMzkxZjhiOGNlYTp7Il9hdXRoX3VzZXJfaGFzaCI6Ijc2MjEwNWQwMGFlZDgyYzY0YTBmMDEyNjdjYzVhZjRhMmU2MTcwNmMiLCJfYXV0aF91c2VyX2JhY2tlbmQiOiJkamFuZ28uY29udHJpYi5hdXRoLmJhY2tlbmRzLk1vZGVsQmFja2VuZCIsIl9hdXRoX3VzZXJfaWQiOiIxIn0=', '2018-04-04 18:13:46.974926'),
('0fs9vwhnugpqifnwjpiw12cs0ckb0m3g', 'MTcyNzAxYWViYzg0MTUwM2JjOGZjZDRmZjYwMjAxMzkxZjhiOGNlYTp7Il9hdXRoX3VzZXJfaGFzaCI6Ijc2MjEwNWQwMGFlZDgyYzY0YTBmMDEyNjdjYzVhZjRhMmU2MTcwNmMiLCJfYXV0aF91c2VyX2JhY2tlbmQiOiJkamFuZ28uY29udHJpYi5hdXRoLmJhY2tlbmRzLk1vZGVsQmFja2VuZCIsIl9hdXRoX3VzZXJfaWQiOiIxIn0=', '2018-04-04 04:17:13.492862'),
('0gmp7bto1kds8h7qcs5rslseie8xxy11', 'MTcyNzAxYWViYzg0MTUwM2JjOGZjZDRmZjYwMjAxMzkxZjhiOGNlYTp7Il9hdXRoX3VzZXJfaGFzaCI6Ijc2MjEwNWQwMGFlZDgyYzY0YTBmMDEyNjdjYzVhZjRhMmU2MTcwNmMiLCJfYXV0aF91c2VyX2JhY2tlbmQiOiJkamFuZ28uY29udHJpYi5hdXRoLmJhY2tlbmRzLk1vZGVsQmFja2VuZCIsIl9hdXRoX3VzZXJfaWQiOiIxIn0=', '2018-05-01 03:26:26.779348'),
('0h29tzqs2ujdh2kzqeo6vnrjt1ct1x6v', 'MTcyNzAxYWViYzg0MTUwM2JjOGZjZDRmZjYwMjAxMzkxZjhiOGNlYTp7Il9hdXRoX3VzZXJfaGFzaCI6Ijc2MjEwNWQwMGFlZDgyYzY0YTBmMDEyNjdjYzVhZjRhMmU2MTcwNmMiLCJfYXV0aF91c2VyX2JhY2tlbmQiOiJkamFuZ28uY29udHJpYi5hdXRoLmJhY2tlbmRzLk1vZGVsQmFja2VuZCIsIl9hdXRoX3VzZXJfaWQiOiIxIn0=', '2018-05-01 03:49:37.759718'),
('0i1h7txhnidg9r4gmw4e652w51060fid', 'MTcyNzAxYWViYzg0MTUwM2JjOGZjZDRmZjYwMjAxMzkxZjhiOGNlYTp7Il9hdXRoX3VzZXJfaGFzaCI6Ijc2MjEwNWQwMGFlZDgyYzY0YTBmMDEyNjdjYzVhZjRhMmU2MTcwNmMiLCJfYXV0aF91c2VyX2JhY2tlbmQiOiJkamFuZ28uY29udHJpYi5hdXRoLmJhY2tlbmRzLk1vZGVsQmFja2VuZCIsIl9hdXRoX3VzZXJfaWQiOiIxIn0=', '2018-04-05 20:51:52.597227'),
('0ienj7yq0rentbkh6m00ub3rcxhd52vg', 'MTcyNzAxYWViYzg0MTUwM2JjOGZjZDRmZjYwMjAxMzkxZjhiOGNlYTp7Il9hdXRoX3VzZXJfaGFzaCI6Ijc2MjEwNWQwMGFlZDgyYzY0YTBmMDEyNjdjYzVhZjRhMmU2MTcwNmMiLCJfYXV0aF91c2VyX2JhY2tlbmQiOiJkamFuZ28uY29udHJpYi5hdXRoLmJhY2tlbmRzLk1vZGVsQmFja2VuZCIsIl9hdXRoX3VzZXJfaWQiOiIxIn0=', '2018-05-31 05:25:18.576245'),
('0ivulnk68zxcj3wmp8ms5578jmceezrn', 'MTcyNzAxYWViYzg0MTUwM2JjOGZjZDRmZjYwMjAxMzkxZjhiOGNlYTp7Il9hdXRoX3VzZXJfaGFzaCI6Ijc2MjEwNWQwMGFlZDgyYzY0YTBmMDEyNjdjYzVhZjRhMmU2MTcwNmMiLCJfYXV0aF91c2VyX2JhY2tlbmQiOiJkamFuZ28uY29udHJpYi5hdXRoLmJhY2tlbmRzLk1vZGVsQmFja2VuZCIsIl9hdXRoX3VzZXJfaWQiOiIxIn0=', '2018-04-30 21:45:41.289173'),
('0ixeah6jq2wuknzqitybcakkc2tr2n41', 'MTcyNzAxYWViYzg0MTUwM2JjOGZjZDRmZjYwMjAxMzkxZjhiOGNlYTp7Il9hdXRoX3VzZXJfaGFzaCI6Ijc2MjEwNWQwMGFlZDgyYzY0YTBmMDEyNjdjYzVhZjRhMmU2MTcwNmMiLCJfYXV0aF91c2VyX2JhY2tlbmQiOiJkamFuZ28uY29udHJpYi5hdXRoLmJhY2tlbmRzLk1vZGVsQmFja2VuZCIsIl9hdXRoX3VzZXJfaWQiOiIxIn0=', '2018-05-30 21:32:45.698688'),
('0jjyz9y8a0upriu38bn7faq3f3csmo6c', 'MTcyNzAxYWViYzg0MTUwM2JjOGZjZDRmZjYwMjAxMzkxZjhiOGNlYTp7Il9hdXRoX3VzZXJfaGFzaCI6Ijc2MjEwNWQwMGFlZDgyYzY0YTBmMDEyNjdjYzVhZjRhMmU2MTcwNmMiLCJfYXV0aF91c2VyX2JhY2tlbmQiOiJkamFuZ28uY29udHJpYi5hdXRoLmJhY2tlbmRzLk1vZGVsQmFja2VuZCIsIl9hdXRoX3VzZXJfaWQiOiIxIn0=', '2018-04-30 22:03:46.964836'),
('0kuit3ub5ibuqsn0zxftqpgjsn5ugbfw', 'MTcyNzAxYWViYzg0MTUwM2JjOGZjZDRmZjYwMjAxMzkxZjhiOGNlYTp7Il9hdXRoX3VzZXJfaGFzaCI6Ijc2MjEwNWQwMGFlZDgyYzY0YTBmMDEyNjdjYzVhZjRhMmU2MTcwNmMiLCJfYXV0aF91c2VyX2JhY2tlbmQiOiJkamFuZ28uY29udHJpYi5hdXRoLmJhY2tlbmRzLk1vZGVsQmFja2VuZCIsIl9hdXRoX3VzZXJfaWQiOiIxIn0=', '2018-05-18 17:48:23.115308'),
('0ml9p1zmns54ehyt5gyop7mqq0pa7b7i', 'MTcyNzAxYWViYzg0MTUwM2JjOGZjZDRmZjYwMjAxMzkxZjhiOGNlYTp7Il9hdXRoX3VzZXJfaGFzaCI6Ijc2MjEwNWQwMGFlZDgyYzY0YTBmMDEyNjdjYzVhZjRhMmU2MTcwNmMiLCJfYXV0aF91c2VyX2JhY2tlbmQiOiJkamFuZ28uY29udHJpYi5hdXRoLmJhY2tlbmRzLk1vZGVsQmFja2VuZCIsIl9hdXRoX3VzZXJfaWQiOiIxIn0=', '2018-04-04 03:47:04.882453'),
('0mqa7my53h0jkleumv4xh7r8xhh4xv1k', 'MTcyNzAxYWViYzg0MTUwM2JjOGZjZDRmZjYwMjAxMzkxZjhiOGNlYTp7Il9hdXRoX3VzZXJfaGFzaCI6Ijc2MjEwNWQwMGFlZDgyYzY0YTBmMDEyNjdjYzVhZjRhMmU2MTcwNmMiLCJfYXV0aF91c2VyX2JhY2tlbmQiOiJkamFuZ28uY29udHJpYi5hdXRoLmJhY2tlbmRzLk1vZGVsQmFja2VuZCIsIl9hdXRoX3VzZXJfaWQiOiIxIn0=', '2018-05-01 03:27:20.962835'),
('0nhxw1queq5cpepzce10qwdlesof9xjk', 'MTcyNzAxYWViYzg0MTUwM2JjOGZjZDRmZjYwMjAxMzkxZjhiOGNlYTp7Il9hdXRoX3VzZXJfaGFzaCI6Ijc2MjEwNWQwMGFlZDgyYzY0YTBmMDEyNjdjYzVhZjRhMmU2MTcwNmMiLCJfYXV0aF91c2VyX2JhY2tlbmQiOiJkamFuZ28uY29udHJpYi5hdXRoLmJhY2tlbmRzLk1vZGVsQmFja2VuZCIsIl9hdXRoX3VzZXJfaWQiOiIxIn0=', '2018-05-31 17:44:26.413111'),
('0o6xutwf5uwkf14iel88t4pj2tso63fr', 'MTcyNzAxYWViYzg0MTUwM2JjOGZjZDRmZjYwMjAxMzkxZjhiOGNlYTp7Il9hdXRoX3VzZXJfaGFzaCI6Ijc2MjEwNWQwMGFlZDgyYzY0YTBmMDEyNjdjYzVhZjRhMmU2MTcwNmMiLCJfYXV0aF91c2VyX2JhY2tlbmQiOiJkamFuZ28uY29udHJpYi5hdXRoLmJhY2tlbmRzLk1vZGVsQmFja2VuZCIsIl9hdXRoX3VzZXJfaWQiOiIxIn0=', '2018-04-04 18:52:17.649456'),
('0o9pk4i1qn8g12qv324sbkedlvmaoj6z', 'MTcyNzAxYWViYzg0MTUwM2JjOGZjZDRmZjYwMjAxMzkxZjhiOGNlYTp7Il9hdXRoX3VzZXJfaGFzaCI6Ijc2MjEwNWQwMGFlZDgyYzY0YTBmMDEyNjdjYzVhZjRhMmU2MTcwNmMiLCJfYXV0aF91c2VyX2JhY2tlbmQiOiJkamFuZ28uY29udHJpYi5hdXRoLmJhY2tlbmRzLk1vZGVsQmFja2VuZCIsIl9hdXRoX3VzZXJfaWQiOiIxIn0=', '2018-05-18 17:30:52.139873'),
('0occzed5vt0ud356bcxeq9l553wkf2ng', 'MTcyNzAxYWViYzg0MTUwM2JjOGZjZDRmZjYwMjAxMzkxZjhiOGNlYTp7Il9hdXRoX3VzZXJfaGFzaCI6Ijc2MjEwNWQwMGFlZDgyYzY0YTBmMDEyNjdjYzVhZjRhMmU2MTcwNmMiLCJfYXV0aF91c2VyX2JhY2tlbmQiOiJkamFuZ28uY29udHJpYi5hdXRoLmJhY2tlbmRzLk1vZGVsQmFja2VuZCIsIl9hdXRoX3VzZXJfaWQiOiIxIn0=', '2018-04-02 18:15:54.233178'),
('0ox7ft0nlah2d5zc7ri0rk6yfb7tsxop', 'MTcyNzAxYWViYzg0MTUwM2JjOGZjZDRmZjYwMjAxMzkxZjhiOGNlYTp7Il9hdXRoX3VzZXJfaGFzaCI6Ijc2MjEwNWQwMGFlZDgyYzY0YTBmMDEyNjdjYzVhZjRhMmU2MTcwNmMiLCJfYXV0aF91c2VyX2JhY2tlbmQiOiJkamFuZ28uY29udHJpYi5hdXRoLmJhY2tlbmRzLk1vZGVsQmFja2VuZCIsIl9hdXRoX3VzZXJfaWQiOiIxIn0=', '2018-05-31 04:02:17.125584'),
('0pbumcdawk3jmde2xte71g79elibziw2', 'MTcyNzAxYWViYzg0MTUwM2JjOGZjZDRmZjYwMjAxMzkxZjhiOGNlYTp7Il9hdXRoX3VzZXJfaGFzaCI6Ijc2MjEwNWQwMGFlZDgyYzY0YTBmMDEyNjdjYzVhZjRhMmU2MTcwNmMiLCJfYXV0aF91c2VyX2JhY2tlbmQiOiJkamFuZ28uY29udHJpYi5hdXRoLmJhY2tlbmRzLk1vZGVsQmFja2VuZCIsIl9hdXRoX3VzZXJfaWQiOiIxIn0=', '2018-04-05 20:51:14.647378'),
('0pxebsvh229hvsggukjed9vnhuu6bwok', 'MTcyNzAxYWViYzg0MTUwM2JjOGZjZDRmZjYwMjAxMzkxZjhiOGNlYTp7Il9hdXRoX3VzZXJfaGFzaCI6Ijc2MjEwNWQwMGFlZDgyYzY0YTBmMDEyNjdjYzVhZjRhMmU2MTcwNmMiLCJfYXV0aF91c2VyX2JhY2tlbmQiOiJkamFuZ28uY29udHJpYi5hdXRoLmJhY2tlbmRzLk1vZGVsQmFja2VuZCIsIl9hdXRoX3VzZXJfaWQiOiIxIn0=', '2018-05-31 17:31:05.473299'),
('0pyy842rff1crd72ov1crcjvhihvdw0t', 'MGY0MWNhYWYwNjY3ZTM2ZjM2NGEwODgyOWU3MTc2NjI3NDRlZjU2ZTp7Il9hdXRoX3VzZXJfaGFzaCI6IjA2YzEwMWYwYTE5NjM2MzI3ZWQxMzZjYjQyNjNhZjlhYTUxN2Q0ODEiLCJfYXV0aF91c2VyX2JhY2tlbmQiOiJkamFuZ28uY29udHJpYi5hdXRoLmJhY2tlbmRzLk1vZGVsQmFja2VuZCIsIl9hdXRoX3VzZXJfaWQiOiIzIn0=', '2018-05-31 18:18:54.142881'),
('0qkt9v2wbtwiozf17aexq4r94nhh22vo', 'MTcyNzAxYWViYzg0MTUwM2JjOGZjZDRmZjYwMjAxMzkxZjhiOGNlYTp7Il9hdXRoX3VzZXJfaGFzaCI6Ijc2MjEwNWQwMGFlZDgyYzY0YTBmMDEyNjdjYzVhZjRhMmU2MTcwNmMiLCJfYXV0aF91c2VyX2JhY2tlbmQiOiJkamFuZ28uY29udHJpYi5hdXRoLmJhY2tlbmRzLk1vZGVsQmFja2VuZCIsIl9hdXRoX3VzZXJfaWQiOiIxIn0=', '2018-04-04 03:42:20.428389'),
('0r5s2qaqrek7ykdmeuph9t5o9jmm7g37', 'MTcyNzAxYWViYzg0MTUwM2JjOGZjZDRmZjYwMjAxMzkxZjhiOGNlYTp7Il9hdXRoX3VzZXJfaGFzaCI6Ijc2MjEwNWQwMGFlZDgyYzY0YTBmMDEyNjdjYzVhZjRhMmU2MTcwNmMiLCJfYXV0aF91c2VyX2JhY2tlbmQiOiJkamFuZ28uY29udHJpYi5hdXRoLmJhY2tlbmRzLk1vZGVsQmFja2VuZCIsIl9hdXRoX3VzZXJfaWQiOiIxIn0=', '2018-05-31 05:25:54.687681'),
('0scpa5vynfwqmz0t5mpptojd3w4nokqp', 'MTcyNzAxYWViYzg0MTUwM2JjOGZjZDRmZjYwMjAxMzkxZjhiOGNlYTp7Il9hdXRoX3VzZXJfaGFzaCI6Ijc2MjEwNWQwMGFlZDgyYzY0YTBmMDEyNjdjYzVhZjRhMmU2MTcwNmMiLCJfYXV0aF91c2VyX2JhY2tlbmQiOiJkamFuZ28uY29udHJpYi5hdXRoLmJhY2tlbmRzLk1vZGVsQmFja2VuZCIsIl9hdXRoX3VzZXJfaWQiOiIxIn0=', '2018-05-31 05:32:17.407962'),
('0upjkxvtmnqqhf103ef5ikm3ndswmm6u', 'MTcyNzAxYWViYzg0MTUwM2JjOGZjZDRmZjYwMjAxMzkxZjhiOGNlYTp7Il9hdXRoX3VzZXJfaGFzaCI6Ijc2MjEwNWQwMGFlZDgyYzY0YTBmMDEyNjdjYzVhZjRhMmU2MTcwNmMiLCJfYXV0aF91c2VyX2JhY2tlbmQiOiJkamFuZ28uY29udHJpYi5hdXRoLmJhY2tlbmRzLk1vZGVsQmFja2VuZCIsIl9hdXRoX3VzZXJfaWQiOiIxIn0=', '2018-05-01 03:46:26.602571'),
('0wfcrlztvy9pcs8ms06nl4558fw28i0i', 'MTcyNzAxYWViYzg0MTUwM2JjOGZjZDRmZjYwMjAxMzkxZjhiOGNlYTp7Il9hdXRoX3VzZXJfaGFzaCI6Ijc2MjEwNWQwMGFlZDgyYzY0YTBmMDEyNjdjYzVhZjRhMmU2MTcwNmMiLCJfYXV0aF91c2VyX2JhY2tlbmQiOiJkamFuZ28uY29udHJpYi5hdXRoLmJhY2tlbmRzLk1vZGVsQmFja2VuZCIsIl9hdXRoX3VzZXJfaWQiOiIxIn0=', '2018-04-30 21:59:02.120660'),
('0wvyulo8wmhi875anvyf5ca73l2oll0r', 'MTcyNzAxYWViYzg0MTUwM2JjOGZjZDRmZjYwMjAxMzkxZjhiOGNlYTp7Il9hdXRoX3VzZXJfaGFzaCI6Ijc2MjEwNWQwMGFlZDgyYzY0YTBmMDEyNjdjYzVhZjRhMmU2MTcwNmMiLCJfYXV0aF91c2VyX2JhY2tlbmQiOiJkamFuZ28uY29udHJpYi5hdXRoLmJhY2tlbmRzLk1vZGVsQmFja2VuZCIsIl9hdXRoX3VzZXJfaWQiOiIxIn0=', '2018-05-30 21:33:34.618495'),
('0xrhqrzjbrzl1ptm2v4jrboaduf13p3i', 'MTcyNzAxYWViYzg0MTUwM2JjOGZjZDRmZjYwMjAxMzkxZjhiOGNlYTp7Il9hdXRoX3VzZXJfaGFzaCI6Ijc2MjEwNWQwMGFlZDgyYzY0YTBmMDEyNjdjYzVhZjRhMmU2MTcwNmMiLCJfYXV0aF91c2VyX2JhY2tlbmQiOiJkamFuZ28uY29udHJpYi5hdXRoLmJhY2tlbmRzLk1vZGVsQmFja2VuZCIsIl9hdXRoX3VzZXJfaWQiOiIxIn0=', '2018-04-04 18:10:23.844607'),
('0yeviga0915ynq54pu8i9x686gi4acv6', 'MTcyNzAxYWViYzg0MTUwM2JjOGZjZDRmZjYwMjAxMzkxZjhiOGNlYTp7Il9hdXRoX3VzZXJfaGFzaCI6Ijc2MjEwNWQwMGFlZDgyYzY0YTBmMDEyNjdjYzVhZjRhMmU2MTcwNmMiLCJfYXV0aF91c2VyX2JhY2tlbmQiOiJkamFuZ28uY29udHJpYi5hdXRoLmJhY2tlbmRzLk1vZGVsQmFja2VuZCIsIl9hdXRoX3VzZXJfaWQiOiIxIn0=', '2018-05-01 03:32:47.019207'),
('0ywz7lprgb0t77j0jp27zrk4xffvtspe', 'MTcyNzAxYWViYzg0MTUwM2JjOGZjZDRmZjYwMjAxMzkxZjhiOGNlYTp7Il9hdXRoX3VzZXJfaGFzaCI6Ijc2MjEwNWQwMGFlZDgyYzY0YTBmMDEyNjdjYzVhZjRhMmU2MTcwNmMiLCJfYXV0aF91c2VyX2JhY2tlbmQiOiJkamFuZ28uY29udHJpYi5hdXRoLmJhY2tlbmRzLk1vZGVsQmFja2VuZCIsIl9hdXRoX3VzZXJfaWQiOiIxIn0=', '2018-05-31 18:02:41.984111'),
('0ziczandmoz9417m4rffa7cutap4u3f8', 'MTcyNzAxYWViYzg0MTUwM2JjOGZjZDRmZjYwMjAxMzkxZjhiOGNlYTp7Il9hdXRoX3VzZXJfaGFzaCI6Ijc2MjEwNWQwMGFlZDgyYzY0YTBmMDEyNjdjYzVhZjRhMmU2MTcwNmMiLCJfYXV0aF91c2VyX2JhY2tlbmQiOiJkamFuZ28uY29udHJpYi5hdXRoLmJhY2tlbmRzLk1vZGVsQmFja2VuZCIsIl9hdXRoX3VzZXJfaWQiOiIxIn0=', '2018-05-18 17:29:43.054026'),
('10jgaq3za7brse60byfxdr2vianm5b69', 'MTcyNzAxYWViYzg0MTUwM2JjOGZjZDRmZjYwMjAxMzkxZjhiOGNlYTp7Il9hdXRoX3VzZXJfaGFzaCI6Ijc2MjEwNWQwMGFlZDgyYzY0YTBmMDEyNjdjYzVhZjRhMmU2MTcwNmMiLCJfYXV0aF91c2VyX2JhY2tlbmQiOiJkamFuZ28uY29udHJpYi5hdXRoLmJhY2tlbmRzLk1vZGVsQmFja2VuZCIsIl9hdXRoX3VzZXJfaWQiOiIxIn0=', '2018-04-30 20:51:05.491823'),
('118953ulzev5of7dzfacyxbemhjd0luh', 'MTcyNzAxYWViYzg0MTUwM2JjOGZjZDRmZjYwMjAxMzkxZjhiOGNlYTp7Il9hdXRoX3VzZXJfaGFzaCI6Ijc2MjEwNWQwMGFlZDgyYzY0YTBmMDEyNjdjYzVhZjRhMmU2MTcwNmMiLCJfYXV0aF91c2VyX2JhY2tlbmQiOiJkamFuZ28uY29udHJpYi5hdXRoLmJhY2tlbmRzLk1vZGVsQmFja2VuZCIsIl9hdXRoX3VzZXJfaWQiOiIxIn0=', '2018-05-31 17:43:33.029605'),
('11pysaywx422sfg3h0avifbpfj2tvhgz', 'MTcyNzAxYWViYzg0MTUwM2JjOGZjZDRmZjYwMjAxMzkxZjhiOGNlYTp7Il9hdXRoX3VzZXJfaGFzaCI6Ijc2MjEwNWQwMGFlZDgyYzY0YTBmMDEyNjdjYzVhZjRhMmU2MTcwNmMiLCJfYXV0aF91c2VyX2JhY2tlbmQiOiJkamFuZ28uY29udHJpYi5hdXRoLmJhY2tlbmRzLk1vZGVsQmFja2VuZCIsIl9hdXRoX3VzZXJfaWQiOiIxIn0=', '2018-05-31 05:48:44.180997'),
('137qd7ouj1vpith7xyyn78ohf5rtlc1g', 'MTcyNzAxYWViYzg0MTUwM2JjOGZjZDRmZjYwMjAxMzkxZjhiOGNlYTp7Il9hdXRoX3VzZXJfaGFzaCI6Ijc2MjEwNWQwMGFlZDgyYzY0YTBmMDEyNjdjYzVhZjRhMmU2MTcwNmMiLCJfYXV0aF91c2VyX2JhY2tlbmQiOiJkamFuZ28uY29udHJpYi5hdXRoLmJhY2tlbmRzLk1vZGVsQmFja2VuZCIsIl9hdXRoX3VzZXJfaWQiOiIxIn0=', '2018-04-01 19:55:02.125320'),
('13ffcahqhn6t1goggndj5b5xm87icer7', 'MTcyNzAxYWViYzg0MTUwM2JjOGZjZDRmZjYwMjAxMzkxZjhiOGNlYTp7Il9hdXRoX3VzZXJfaGFzaCI6Ijc2MjEwNWQwMGFlZDgyYzY0YTBmMDEyNjdjYzVhZjRhMmU2MTcwNmMiLCJfYXV0aF91c2VyX2JhY2tlbmQiOiJkamFuZ28uY29udHJpYi5hdXRoLmJhY2tlbmRzLk1vZGVsQmFja2VuZCIsIl9hdXRoX3VzZXJfaWQiOiIxIn0=', '2018-04-30 20:36:21.389480'),
('13mws0gx203p4hoj44x1giig7n360nns', 'MTcyNzAxYWViYzg0MTUwM2JjOGZjZDRmZjYwMjAxMzkxZjhiOGNlYTp7Il9hdXRoX3VzZXJfaGFzaCI6Ijc2MjEwNWQwMGFlZDgyYzY0YTBmMDEyNjdjYzVhZjRhMmU2MTcwNmMiLCJfYXV0aF91c2VyX2JhY2tlbmQiOiJkamFuZ28uY29udHJpYi5hdXRoLmJhY2tlbmRzLk1vZGVsQmFja2VuZCIsIl9hdXRoX3VzZXJfaWQiOiIxIn0=', '2018-04-04 18:51:25.143827'),
('14i6vvpsvhid1hk05yublf4d1lsvwnff', 'MTcyNzAxYWViYzg0MTUwM2JjOGZjZDRmZjYwMjAxMzkxZjhiOGNlYTp7Il9hdXRoX3VzZXJfaGFzaCI6Ijc2MjEwNWQwMGFlZDgyYzY0YTBmMDEyNjdjYzVhZjRhMmU2MTcwNmMiLCJfYXV0aF91c2VyX2JhY2tlbmQiOiJkamFuZ28uY29udHJpYi5hdXRoLmJhY2tlbmRzLk1vZGVsQmFja2VuZCIsIl9hdXRoX3VzZXJfaWQiOiIxIn0=', '2018-04-30 21:16:01.156990'),
('151u390xwohqguc1mcca9btag811o5kv', 'MTcyNzAxYWViYzg0MTUwM2JjOGZjZDRmZjYwMjAxMzkxZjhiOGNlYTp7Il9hdXRoX3VzZXJfaGFzaCI6Ijc2MjEwNWQwMGFlZDgyYzY0YTBmMDEyNjdjYzVhZjRhMmU2MTcwNmMiLCJfYXV0aF91c2VyX2JhY2tlbmQiOiJkamFuZ28uY29udHJpYi5hdXRoLmJhY2tlbmRzLk1vZGVsQmFja2VuZCIsIl9hdXRoX3VzZXJfaWQiOiIxIn0=', '2018-05-31 17:42:30.137594'),
('164ovjz2cuz4b93w97cka0cjqe6mx3x6', 'MTcyNzAxYWViYzg0MTUwM2JjOGZjZDRmZjYwMjAxMzkxZjhiOGNlYTp7Il9hdXRoX3VzZXJfaGFzaCI6Ijc2MjEwNWQwMGFlZDgyYzY0YTBmMDEyNjdjYzVhZjRhMmU2MTcwNmMiLCJfYXV0aF91c2VyX2JhY2tlbmQiOiJkamFuZ28uY29udHJpYi5hdXRoLmJhY2tlbmRzLk1vZGVsQmFja2VuZCIsIl9hdXRoX3VzZXJfaWQiOiIxIn0=', '2018-05-31 05:15:55.604504'),
('167ckdm2b3jwap9g2gxc18vb63nyt0mt', 'MTcyNzAxYWViYzg0MTUwM2JjOGZjZDRmZjYwMjAxMzkxZjhiOGNlYTp7Il9hdXRoX3VzZXJfaGFzaCI6Ijc2MjEwNWQwMGFlZDgyYzY0YTBmMDEyNjdjYzVhZjRhMmU2MTcwNmMiLCJfYXV0aF91c2VyX2JhY2tlbmQiOiJkamFuZ28uY29udHJpYi5hdXRoLmJhY2tlbmRzLk1vZGVsQmFja2VuZCIsIl9hdXRoX3VzZXJfaWQiOiIxIn0=', '2018-04-04 18:47:13.931759'),
('16daeawr65kwfm0695llz43m2t4vls0o', 'MTcyNzAxYWViYzg0MTUwM2JjOGZjZDRmZjYwMjAxMzkxZjhiOGNlYTp7Il9hdXRoX3VzZXJfaGFzaCI6Ijc2MjEwNWQwMGFlZDgyYzY0YTBmMDEyNjdjYzVhZjRhMmU2MTcwNmMiLCJfYXV0aF91c2VyX2JhY2tlbmQiOiJkamFuZ28uY29udHJpYi5hdXRoLmJhY2tlbmRzLk1vZGVsQmFja2VuZCIsIl9hdXRoX3VzZXJfaWQiOiIxIn0=', '2018-04-30 21:47:48.136426'),
('1a07lgf3lbt18zv0kuqz1xfsobgv3qb6', 'MTcyNzAxYWViYzg0MTUwM2JjOGZjZDRmZjYwMjAxMzkxZjhiOGNlYTp7Il9hdXRoX3VzZXJfaGFzaCI6Ijc2MjEwNWQwMGFlZDgyYzY0YTBmMDEyNjdjYzVhZjRhMmU2MTcwNmMiLCJfYXV0aF91c2VyX2JhY2tlbmQiOiJkamFuZ28uY29udHJpYi5hdXRoLmJhY2tlbmRzLk1vZGVsQmFja2VuZCIsIl9hdXRoX3VzZXJfaWQiOiIxIn0=', '2018-05-18 17:33:33.453444'),
('1a9yrgp4i6ph54mnnjc8yh03mrucos0q', 'MTcyNzAxYWViYzg0MTUwM2JjOGZjZDRmZjYwMjAxMzkxZjhiOGNlYTp7Il9hdXRoX3VzZXJfaGFzaCI6Ijc2MjEwNWQwMGFlZDgyYzY0YTBmMDEyNjdjYzVhZjRhMmU2MTcwNmMiLCJfYXV0aF91c2VyX2JhY2tlbmQiOiJkamFuZ28uY29udHJpYi5hdXRoLmJhY2tlbmRzLk1vZGVsQmFja2VuZCIsIl9hdXRoX3VzZXJfaWQiOiIxIn0=', '2018-05-31 05:25:05.521830'),
('1aeq46xu4hjt899b6956xvuf648ela0n', 'MTcyNzAxYWViYzg0MTUwM2JjOGZjZDRmZjYwMjAxMzkxZjhiOGNlYTp7Il9hdXRoX3VzZXJfaGFzaCI6Ijc2MjEwNWQwMGFlZDgyYzY0YTBmMDEyNjdjYzVhZjRhMmU2MTcwNmMiLCJfYXV0aF91c2VyX2JhY2tlbmQiOiJkamFuZ28uY29udHJpYi5hdXRoLmJhY2tlbmRzLk1vZGVsQmFja2VuZCIsIl9hdXRoX3VzZXJfaWQiOiIxIn0=', '2018-05-31 04:34:20.348093'),
('1aowz6eolrr4w6e472y52c51t42fegad', 'MTcyNzAxYWViYzg0MTUwM2JjOGZjZDRmZjYwMjAxMzkxZjhiOGNlYTp7Il9hdXRoX3VzZXJfaGFzaCI6Ijc2MjEwNWQwMGFlZDgyYzY0YTBmMDEyNjdjYzVhZjRhMmU2MTcwNmMiLCJfYXV0aF91c2VyX2JhY2tlbmQiOiJkamFuZ28uY29udHJpYi5hdXRoLmJhY2tlbmRzLk1vZGVsQmFja2VuZCIsIl9hdXRoX3VzZXJfaWQiOiIxIn0=', '2018-05-31 17:55:14.852950'),
('1dbowj4wmnvsfj8io9caswnkmqdvzwe6', 'MTcyNzAxYWViYzg0MTUwM2JjOGZjZDRmZjYwMjAxMzkxZjhiOGNlYTp7Il9hdXRoX3VzZXJfaGFzaCI6Ijc2MjEwNWQwMGFlZDgyYzY0YTBmMDEyNjdjYzVhZjRhMmU2MTcwNmMiLCJfYXV0aF91c2VyX2JhY2tlbmQiOiJkamFuZ28uY29udHJpYi5hdXRoLmJhY2tlbmRzLk1vZGVsQmFja2VuZCIsIl9hdXRoX3VzZXJfaWQiOiIxIn0=', '2018-05-31 04:31:30.858332'),
('1drzqgc3tg3nn9eb9lecudl4y3bes4s0', 'MTcyNzAxYWViYzg0MTUwM2JjOGZjZDRmZjYwMjAxMzkxZjhiOGNlYTp7Il9hdXRoX3VzZXJfaGFzaCI6Ijc2MjEwNWQwMGFlZDgyYzY0YTBmMDEyNjdjYzVhZjRhMmU2MTcwNmMiLCJfYXV0aF91c2VyX2JhY2tlbmQiOiJkamFuZ28uY29udHJpYi5hdXRoLmJhY2tlbmRzLk1vZGVsQmFja2VuZCIsIl9hdXRoX3VzZXJfaWQiOiIxIn0=', '2018-05-31 05:01:43.401889'),
('1dt13sgvcqofo7x1ao542h3v2xv0hsf1', 'MTcyNzAxYWViYzg0MTUwM2JjOGZjZDRmZjYwMjAxMzkxZjhiOGNlYTp7Il9hdXRoX3VzZXJfaGFzaCI6Ijc2MjEwNWQwMGFlZDgyYzY0YTBmMDEyNjdjYzVhZjRhMmU2MTcwNmMiLCJfYXV0aF91c2VyX2JhY2tlbmQiOiJkamFuZ28uY29udHJpYi5hdXRoLmJhY2tlbmRzLk1vZGVsQmFja2VuZCIsIl9hdXRoX3VzZXJfaWQiOiIxIn0=', '2018-05-01 03:29:55.078980'),
('1e3u984m0ulgrpcel5166y5rk2osacwe', 'MTcyNzAxYWViYzg0MTUwM2JjOGZjZDRmZjYwMjAxMzkxZjhiOGNlYTp7Il9hdXRoX3VzZXJfaGFzaCI6Ijc2MjEwNWQwMGFlZDgyYzY0YTBmMDEyNjdjYzVhZjRhMmU2MTcwNmMiLCJfYXV0aF91c2VyX2JhY2tlbmQiOiJkamFuZ28uY29udHJpYi5hdXRoLmJhY2tlbmRzLk1vZGVsQmFja2VuZCIsIl9hdXRoX3VzZXJfaWQiOiIxIn0=', '2018-04-30 20:09:55.934803'),
('1g5bvzsb0pva5r8j7d8iytdl3r9sjgov', 'MTcyNzAxYWViYzg0MTUwM2JjOGZjZDRmZjYwMjAxMzkxZjhiOGNlYTp7Il9hdXRoX3VzZXJfaGFzaCI6Ijc2MjEwNWQwMGFlZDgyYzY0YTBmMDEyNjdjYzVhZjRhMmU2MTcwNmMiLCJfYXV0aF91c2VyX2JhY2tlbmQiOiJkamFuZ28uY29udHJpYi5hdXRoLmJhY2tlbmRzLk1vZGVsQmFja2VuZCIsIl9hdXRoX3VzZXJfaWQiOiIxIn0=', '2018-04-30 21:45:37.175190'),
('1gcd8dg1v7fei0qpe4r9i0hs7fwy9vsx', 'MTcyNzAxYWViYzg0MTUwM2JjOGZjZDRmZjYwMjAxMzkxZjhiOGNlYTp7Il9hdXRoX3VzZXJfaGFzaCI6Ijc2MjEwNWQwMGFlZDgyYzY0YTBmMDEyNjdjYzVhZjRhMmU2MTcwNmMiLCJfYXV0aF91c2VyX2JhY2tlbmQiOiJkamFuZ28uY29udHJpYi5hdXRoLmJhY2tlbmRzLk1vZGVsQmFja2VuZCIsIl9hdXRoX3VzZXJfaWQiOiIxIn0=', '2018-04-30 21:12:53.217579'),
('1gmnmcdwrnftjqz6g6frind5zzj8b9xa', 'MTcyNzAxYWViYzg0MTUwM2JjOGZjZDRmZjYwMjAxMzkxZjhiOGNlYTp7Il9hdXRoX3VzZXJfaGFzaCI6Ijc2MjEwNWQwMGFlZDgyYzY0YTBmMDEyNjdjYzVhZjRhMmU2MTcwNmMiLCJfYXV0aF91c2VyX2JhY2tlbmQiOiJkamFuZ28uY29udHJpYi5hdXRoLmJhY2tlbmRzLk1vZGVsQmFja2VuZCIsIl9hdXRoX3VzZXJfaWQiOiIxIn0=', '2018-04-04 05:21:43.048183'),
('1h170yklivmxnlalb8aq51ry8h2ozekl', 'MTcyNzAxYWViYzg0MTUwM2JjOGZjZDRmZjYwMjAxMzkxZjhiOGNlYTp7Il9hdXRoX3VzZXJfaGFzaCI6Ijc2MjEwNWQwMGFlZDgyYzY0YTBmMDEyNjdjYzVhZjRhMmU2MTcwNmMiLCJfYXV0aF91c2VyX2JhY2tlbmQiOiJkamFuZ28uY29udHJpYi5hdXRoLmJhY2tlbmRzLk1vZGVsQmFja2VuZCIsIl9hdXRoX3VzZXJfaWQiOiIxIn0=', '2018-05-31 17:54:56.545035'),
('1h4c525jf5qgil7o7hjzk1a2j59lw3vs', 'MTcyNzAxYWViYzg0MTUwM2JjOGZjZDRmZjYwMjAxMzkxZjhiOGNlYTp7Il9hdXRoX3VzZXJfaGFzaCI6Ijc2MjEwNWQwMGFlZDgyYzY0YTBmMDEyNjdjYzVhZjRhMmU2MTcwNmMiLCJfYXV0aF91c2VyX2JhY2tlbmQiOiJkamFuZ28uY29udHJpYi5hdXRoLmJhY2tlbmRzLk1vZGVsQmFja2VuZCIsIl9hdXRoX3VzZXJfaWQiOiIxIn0=', '2018-05-31 04:41:43.285951'),
('1ha4mamnmszd69br26nu7p3p2amspsys', 'MTcyNzAxYWViYzg0MTUwM2JjOGZjZDRmZjYwMjAxMzkxZjhiOGNlYTp7Il9hdXRoX3VzZXJfaGFzaCI6Ijc2MjEwNWQwMGFlZDgyYzY0YTBmMDEyNjdjYzVhZjRhMmU2MTcwNmMiLCJfYXV0aF91c2VyX2JhY2tlbmQiOiJkamFuZ28uY29udHJpYi5hdXRoLmJhY2tlbmRzLk1vZGVsQmFja2VuZCIsIl9hdXRoX3VzZXJfaWQiOiIxIn0=', '2018-05-31 16:29:53.814729'),
('1hwr66wc3vi2ue1hfutpszk7mgpdlyqd', 'MTcyNzAxYWViYzg0MTUwM2JjOGZjZDRmZjYwMjAxMzkxZjhiOGNlYTp7Il9hdXRoX3VzZXJfaGFzaCI6Ijc2MjEwNWQwMGFlZDgyYzY0YTBmMDEyNjdjYzVhZjRhMmU2MTcwNmMiLCJfYXV0aF91c2VyX2JhY2tlbmQiOiJkamFuZ28uY29udHJpYi5hdXRoLmJhY2tlbmRzLk1vZGVsQmFja2VuZCIsIl9hdXRoX3VzZXJfaWQiOiIxIn0=', '2018-05-31 17:29:12.904038'),
('1iokvid8e2lql8r8n5mubvfdggqoali3', 'MTcyNzAxYWViYzg0MTUwM2JjOGZjZDRmZjYwMjAxMzkxZjhiOGNlYTp7Il9hdXRoX3VzZXJfaGFzaCI6Ijc2MjEwNWQwMGFlZDgyYzY0YTBmMDEyNjdjYzVhZjRhMmU2MTcwNmMiLCJfYXV0aF91c2VyX2JhY2tlbmQiOiJkamFuZ28uY29udHJpYi5hdXRoLmJhY2tlbmRzLk1vZGVsQmFja2VuZCIsIl9hdXRoX3VzZXJfaWQiOiIxIn0=', '2018-05-18 17:11:57.120944'),
('1iv4kpcgi2zrj70bk5u6yhkfx2nnenvl', 'MTcyNzAxYWViYzg0MTUwM2JjOGZjZDRmZjYwMjAxMzkxZjhiOGNlYTp7Il9hdXRoX3VzZXJfaGFzaCI6Ijc2MjEwNWQwMGFlZDgyYzY0YTBmMDEyNjdjYzVhZjRhMmU2MTcwNmMiLCJfYXV0aF91c2VyX2JhY2tlbmQiOiJkamFuZ28uY29udHJpYi5hdXRoLmJhY2tlbmRzLk1vZGVsQmFja2VuZCIsIl9hdXRoX3VzZXJfaWQiOiIxIn0=', '2018-04-05 20:52:20.941803'),
('1k8sb12stjf2rnr957ds9gci6ctwzb83', 'MTcyNzAxYWViYzg0MTUwM2JjOGZjZDRmZjYwMjAxMzkxZjhiOGNlYTp7Il9hdXRoX3VzZXJfaGFzaCI6Ijc2MjEwNWQwMGFlZDgyYzY0YTBmMDEyNjdjYzVhZjRhMmU2MTcwNmMiLCJfYXV0aF91c2VyX2JhY2tlbmQiOiJkamFuZ28uY29udHJpYi5hdXRoLmJhY2tlbmRzLk1vZGVsQmFja2VuZCIsIl9hdXRoX3VzZXJfaWQiOiIxIn0=', '2018-04-30 20:56:04.021916'),
('1kkxo5fyrpxhpy270h3xeonhu19b1ur8', 'MTcyNzAxYWViYzg0MTUwM2JjOGZjZDRmZjYwMjAxMzkxZjhiOGNlYTp7Il9hdXRoX3VzZXJfaGFzaCI6Ijc2MjEwNWQwMGFlZDgyYzY0YTBmMDEyNjdjYzVhZjRhMmU2MTcwNmMiLCJfYXV0aF91c2VyX2JhY2tlbmQiOiJkamFuZ28uY29udHJpYi5hdXRoLmJhY2tlbmRzLk1vZGVsQmFja2VuZCIsIl9hdXRoX3VzZXJfaWQiOiIxIn0=', '2018-05-31 17:54:50.151964'),
('1mpaurjogihyfeprbzl3sbtvtqa7sohk', 'MTcyNzAxYWViYzg0MTUwM2JjOGZjZDRmZjYwMjAxMzkxZjhiOGNlYTp7Il9hdXRoX3VzZXJfaGFzaCI6Ijc2MjEwNWQwMGFlZDgyYzY0YTBmMDEyNjdjYzVhZjRhMmU2MTcwNmMiLCJfYXV0aF91c2VyX2JhY2tlbmQiOiJkamFuZ28uY29udHJpYi5hdXRoLmJhY2tlbmRzLk1vZGVsQmFja2VuZCIsIl9hdXRoX3VzZXJfaWQiOiIxIn0=', '2018-05-30 21:07:21.224364'),
('1nd425mtgkr3440yug95jeqh9f3486cd', 'MTcyNzAxYWViYzg0MTUwM2JjOGZjZDRmZjYwMjAxMzkxZjhiOGNlYTp7Il9hdXRoX3VzZXJfaGFzaCI6Ijc2MjEwNWQwMGFlZDgyYzY0YTBmMDEyNjdjYzVhZjRhMmU2MTcwNmMiLCJfYXV0aF91c2VyX2JhY2tlbmQiOiJkamFuZ28uY29udHJpYi5hdXRoLmJhY2tlbmRzLk1vZGVsQmFja2VuZCIsIl9hdXRoX3VzZXJfaWQiOiIxIn0=', '2018-04-04 05:22:34.237269'),
('1npa4t3jcjqd3nobujfb1as9vukx2ytb', 'MTcyNzAxYWViYzg0MTUwM2JjOGZjZDRmZjYwMjAxMzkxZjhiOGNlYTp7Il9hdXRoX3VzZXJfaGFzaCI6Ijc2MjEwNWQwMGFlZDgyYzY0YTBmMDEyNjdjYzVhZjRhMmU2MTcwNmMiLCJfYXV0aF91c2VyX2JhY2tlbmQiOiJkamFuZ28uY29udHJpYi5hdXRoLmJhY2tlbmRzLk1vZGVsQmFja2VuZCIsIl9hdXRoX3VzZXJfaWQiOiIxIn0=', '2018-04-30 20:41:54.051829'),
('1nqa98ub2fta3zgsxbef7mr88yk6qoym', 'MTcyNzAxYWViYzg0MTUwM2JjOGZjZDRmZjYwMjAxMzkxZjhiOGNlYTp7Il9hdXRoX3VzZXJfaGFzaCI6Ijc2MjEwNWQwMGFlZDgyYzY0YTBmMDEyNjdjYzVhZjRhMmU2MTcwNmMiLCJfYXV0aF91c2VyX2JhY2tlbmQiOiJkamFuZ28uY29udHJpYi5hdXRoLmJhY2tlbmRzLk1vZGVsQmFja2VuZCIsIl9hdXRoX3VzZXJfaWQiOiIxIn0=', '2018-04-30 20:11:54.196759'),
('1p6rp5r3obanbgwx26o4z2eb9ky3gava', 'MTcyNzAxYWViYzg0MTUwM2JjOGZjZDRmZjYwMjAxMzkxZjhiOGNlYTp7Il9hdXRoX3VzZXJfaGFzaCI6Ijc2MjEwNWQwMGFlZDgyYzY0YTBmMDEyNjdjYzVhZjRhMmU2MTcwNmMiLCJfYXV0aF91c2VyX2JhY2tlbmQiOiJkamFuZ28uY29udHJpYi5hdXRoLmJhY2tlbmRzLk1vZGVsQmFja2VuZCIsIl9hdXRoX3VzZXJfaWQiOiIxIn0=', '2018-04-30 20:12:13.755393'),
('1pwgbq599sq5rvebrsnxegrh894gzyw2', 'MTcyNzAxYWViYzg0MTUwM2JjOGZjZDRmZjYwMjAxMzkxZjhiOGNlYTp7Il9hdXRoX3VzZXJfaGFzaCI6Ijc2MjEwNWQwMGFlZDgyYzY0YTBmMDEyNjdjYzVhZjRhMmU2MTcwNmMiLCJfYXV0aF91c2VyX2JhY2tlbmQiOiJkamFuZ28uY29udHJpYi5hdXRoLmJhY2tlbmRzLk1vZGVsQmFja2VuZCIsIl9hdXRoX3VzZXJfaWQiOiIxIn0=', '2018-05-31 18:31:56.423101'),
('1r5mxmrpzbp0cxj8ln4eazu1fi65g8d7', 'MTcyNzAxYWViYzg0MTUwM2JjOGZjZDRmZjYwMjAxMzkxZjhiOGNlYTp7Il9hdXRoX3VzZXJfaGFzaCI6Ijc2MjEwNWQwMGFlZDgyYzY0YTBmMDEyNjdjYzVhZjRhMmU2MTcwNmMiLCJfYXV0aF91c2VyX2JhY2tlbmQiOiJkamFuZ28uY29udHJpYi5hdXRoLmJhY2tlbmRzLk1vZGVsQmFja2VuZCIsIl9hdXRoX3VzZXJfaWQiOiIxIn0=', '2018-04-23 07:17:14.372891'),
('1svjcw103b877z84z1o1w78x16mz15ll', 'MTcyNzAxYWViYzg0MTUwM2JjOGZjZDRmZjYwMjAxMzkxZjhiOGNlYTp7Il9hdXRoX3VzZXJfaGFzaCI6Ijc2MjEwNWQwMGFlZDgyYzY0YTBmMDEyNjdjYzVhZjRhMmU2MTcwNmMiLCJfYXV0aF91c2VyX2JhY2tlbmQiOiJkamFuZ28uY29udHJpYi5hdXRoLmJhY2tlbmRzLk1vZGVsQmFja2VuZCIsIl9hdXRoX3VzZXJfaWQiOiIxIn0=', '2018-05-18 19:25:34.010092'),
('1tfan2zcuu62uf8frmb35a068qbd5af1', 'MTcyNzAxYWViYzg0MTUwM2JjOGZjZDRmZjYwMjAxMzkxZjhiOGNlYTp7Il9hdXRoX3VzZXJfaGFzaCI6Ijc2MjEwNWQwMGFlZDgyYzY0YTBmMDEyNjdjYzVhZjRhMmU2MTcwNmMiLCJfYXV0aF91c2VyX2JhY2tlbmQiOiJkamFuZ28uY29udHJpYi5hdXRoLmJhY2tlbmRzLk1vZGVsQmFja2VuZCIsIl9hdXRoX3VzZXJfaWQiOiIxIn0=', '2018-05-31 17:06:25.301056'),
('1tpvjs5oimtzs5y3ixa2m4hcz1p11mk2', 'MTcyNzAxYWViYzg0MTUwM2JjOGZjZDRmZjYwMjAxMzkxZjhiOGNlYTp7Il9hdXRoX3VzZXJfaGFzaCI6Ijc2MjEwNWQwMGFlZDgyYzY0YTBmMDEyNjdjYzVhZjRhMmU2MTcwNmMiLCJfYXV0aF91c2VyX2JhY2tlbmQiOiJkamFuZ28uY29udHJpYi5hdXRoLmJhY2tlbmRzLk1vZGVsQmFja2VuZCIsIl9hdXRoX3VzZXJfaWQiOiIxIn0=', '2018-05-01 03:45:29.032573'),
('1u2qswlcxf38qhtwu0aijyvm8zauh2jh', 'MTcyNzAxYWViYzg0MTUwM2JjOGZjZDRmZjYwMjAxMzkxZjhiOGNlYTp7Il9hdXRoX3VzZXJfaGFzaCI6Ijc2MjEwNWQwMGFlZDgyYzY0YTBmMDEyNjdjYzVhZjRhMmU2MTcwNmMiLCJfYXV0aF91c2VyX2JhY2tlbmQiOiJkamFuZ28uY29udHJpYi5hdXRoLmJhY2tlbmRzLk1vZGVsQmFja2VuZCIsIl9hdXRoX3VzZXJfaWQiOiIxIn0=', '2018-04-03 15:49:13.710445'),
('1utrr5xdtti7n5a1x0vobgbvvxhsj4zk', 'MTcyNzAxYWViYzg0MTUwM2JjOGZjZDRmZjYwMjAxMzkxZjhiOGNlYTp7Il9hdXRoX3VzZXJfaGFzaCI6Ijc2MjEwNWQwMGFlZDgyYzY0YTBmMDEyNjdjYzVhZjRhMmU2MTcwNmMiLCJfYXV0aF91c2VyX2JhY2tlbmQiOiJkamFuZ28uY29udHJpYi5hdXRoLmJhY2tlbmRzLk1vZGVsQmFja2VuZCIsIl9hdXRoX3VzZXJfaWQiOiIxIn0=', '2018-05-31 04:38:26.030543'),
('1uxgrva2wvjcj12abbcun8p22aciz4rh', 'MTcyNzAxYWViYzg0MTUwM2JjOGZjZDRmZjYwMjAxMzkxZjhiOGNlYTp7Il9hdXRoX3VzZXJfaGFzaCI6Ijc2MjEwNWQwMGFlZDgyYzY0YTBmMDEyNjdjYzVhZjRhMmU2MTcwNmMiLCJfYXV0aF91c2VyX2JhY2tlbmQiOiJkamFuZ28uY29udHJpYi5hdXRoLmJhY2tlbmRzLk1vZGVsQmFja2VuZCIsIl9hdXRoX3VzZXJfaWQiOiIxIn0=', '2018-05-31 17:12:31.622054'),
('1uxmrcryyhk3dfbi99v4z0q8teqanpzd', 'MTcyNzAxYWViYzg0MTUwM2JjOGZjZDRmZjYwMjAxMzkxZjhiOGNlYTp7Il9hdXRoX3VzZXJfaGFzaCI6Ijc2MjEwNWQwMGFlZDgyYzY0YTBmMDEyNjdjYzVhZjRhMmU2MTcwNmMiLCJfYXV0aF91c2VyX2JhY2tlbmQiOiJkamFuZ28uY29udHJpYi5hdXRoLmJhY2tlbmRzLk1vZGVsQmFja2VuZCIsIl9hdXRoX3VzZXJfaWQiOiIxIn0=', '2018-05-31 17:01:26.857425'),
('1v5hkh9jllh147waan8rctp8iq4u4sdt', 'MTcyNzAxYWViYzg0MTUwM2JjOGZjZDRmZjYwMjAxMzkxZjhiOGNlYTp7Il9hdXRoX3VzZXJfaGFzaCI6Ijc2MjEwNWQwMGFlZDgyYzY0YTBmMDEyNjdjYzVhZjRhMmU2MTcwNmMiLCJfYXV0aF91c2VyX2JhY2tlbmQiOiJkamFuZ28uY29udHJpYi5hdXRoLmJhY2tlbmRzLk1vZGVsQmFja2VuZCIsIl9hdXRoX3VzZXJfaWQiOiIxIn0=', '2018-04-30 20:59:49.254255'),
('1x7e6u6n1etszfrkdfd48sc8uqgfkcjv', 'MTcyNzAxYWViYzg0MTUwM2JjOGZjZDRmZjYwMjAxMzkxZjhiOGNlYTp7Il9hdXRoX3VzZXJfaGFzaCI6Ijc2MjEwNWQwMGFlZDgyYzY0YTBmMDEyNjdjYzVhZjRhMmU2MTcwNmMiLCJfYXV0aF91c2VyX2JhY2tlbmQiOiJkamFuZ28uY29udHJpYi5hdXRoLmJhY2tlbmRzLk1vZGVsQmFja2VuZCIsIl9hdXRoX3VzZXJfaWQiOiIxIn0=', '2018-05-31 05:06:01.077889'),
('1xyhyo7hb1odk2ad8i66ish4cu238ec8', 'MTcyNzAxYWViYzg0MTUwM2JjOGZjZDRmZjYwMjAxMzkxZjhiOGNlYTp7Il9hdXRoX3VzZXJfaGFzaCI6Ijc2MjEwNWQwMGFlZDgyYzY0YTBmMDEyNjdjYzVhZjRhMmU2MTcwNmMiLCJfYXV0aF91c2VyX2JhY2tlbmQiOiJkamFuZ28uY29udHJpYi5hdXRoLmJhY2tlbmRzLk1vZGVsQmFja2VuZCIsIl9hdXRoX3VzZXJfaWQiOiIxIn0=', '2018-04-30 20:51:58.093632'),
('1y5zeppwisfkvlp3ba2e9c71y4zbxkn6', 'MTcyNzAxYWViYzg0MTUwM2JjOGZjZDRmZjYwMjAxMzkxZjhiOGNlYTp7Il9hdXRoX3VzZXJfaGFzaCI6Ijc2MjEwNWQwMGFlZDgyYzY0YTBmMDEyNjdjYzVhZjRhMmU2MTcwNmMiLCJfYXV0aF91c2VyX2JhY2tlbmQiOiJkamFuZ28uY29udHJpYi5hdXRoLmJhY2tlbmRzLk1vZGVsQmFja2VuZCIsIl9hdXRoX3VzZXJfaWQiOiIxIn0=', '2018-04-30 20:35:50.356888'),
('1yao0rf2f11lvy8u20g0ub4hkidz57n6', 'MTcyNzAxYWViYzg0MTUwM2JjOGZjZDRmZjYwMjAxMzkxZjhiOGNlYTp7Il9hdXRoX3VzZXJfaGFzaCI6Ijc2MjEwNWQwMGFlZDgyYzY0YTBmMDEyNjdjYzVhZjRhMmU2MTcwNmMiLCJfYXV0aF91c2VyX2JhY2tlbmQiOiJkamFuZ28uY29udHJpYi5hdXRoLmJhY2tlbmRzLk1vZGVsQmFja2VuZCIsIl9hdXRoX3VzZXJfaWQiOiIxIn0=', '2018-04-30 20:59:04.131302'),
('1yo7hd9q6oqsy70eq3a9l1k10ck6pvbp', 'MTcyNzAxYWViYzg0MTUwM2JjOGZjZDRmZjYwMjAxMzkxZjhiOGNlYTp7Il9hdXRoX3VzZXJfaGFzaCI6Ijc2MjEwNWQwMGFlZDgyYzY0YTBmMDEyNjdjYzVhZjRhMmU2MTcwNmMiLCJfYXV0aF91c2VyX2JhY2tlbmQiOiJkamFuZ28uY29udHJpYi5hdXRoLmJhY2tlbmRzLk1vZGVsQmFja2VuZCIsIl9hdXRoX3VzZXJfaWQiOiIxIn0=', '2018-05-31 05:14:15.374838'),
('1yq0sdun553wob9c03490pwh1uoxfhgr', 'MTcyNzAxYWViYzg0MTUwM2JjOGZjZDRmZjYwMjAxMzkxZjhiOGNlYTp7Il9hdXRoX3VzZXJfaGFzaCI6Ijc2MjEwNWQwMGFlZDgyYzY0YTBmMDEyNjdjYzVhZjRhMmU2MTcwNmMiLCJfYXV0aF91c2VyX2JhY2tlbmQiOiJkamFuZ28uY29udHJpYi5hdXRoLmJhY2tlbmRzLk1vZGVsQmFja2VuZCIsIl9hdXRoX3VzZXJfaWQiOiIxIn0=', '2018-05-18 17:23:22.082336'),
('21soi4y8mwnbwcyi1q9gcrxl8eosrwgv', 'MTcyNzAxYWViYzg0MTUwM2JjOGZjZDRmZjYwMjAxMzkxZjhiOGNlYTp7Il9hdXRoX3VzZXJfaGFzaCI6Ijc2MjEwNWQwMGFlZDgyYzY0YTBmMDEyNjdjYzVhZjRhMmU2MTcwNmMiLCJfYXV0aF91c2VyX2JhY2tlbmQiOiJkamFuZ28uY29udHJpYi5hdXRoLmJhY2tlbmRzLk1vZGVsQmFja2VuZCIsIl9hdXRoX3VzZXJfaWQiOiIxIn0=', '2018-04-30 20:42:17.940171'),
('22g4ygg971t5es4uf97rwwb2cs8f3a8x', 'MTcyNzAxYWViYzg0MTUwM2JjOGZjZDRmZjYwMjAxMzkxZjhiOGNlYTp7Il9hdXRoX3VzZXJfaGFzaCI6Ijc2MjEwNWQwMGFlZDgyYzY0YTBmMDEyNjdjYzVhZjRhMmU2MTcwNmMiLCJfYXV0aF91c2VyX2JhY2tlbmQiOiJkamFuZ28uY29udHJpYi5hdXRoLmJhY2tlbmRzLk1vZGVsQmFja2VuZCIsIl9hdXRoX3VzZXJfaWQiOiIxIn0=', '2018-04-05 19:27:12.896728'),
('23ytq0jhglrfoel0cah0zrm8z7tkymhi', 'MTcyNzAxYWViYzg0MTUwM2JjOGZjZDRmZjYwMjAxMzkxZjhiOGNlYTp7Il9hdXRoX3VzZXJfaGFzaCI6Ijc2MjEwNWQwMGFlZDgyYzY0YTBmMDEyNjdjYzVhZjRhMmU2MTcwNmMiLCJfYXV0aF91c2VyX2JhY2tlbmQiOiJkamFuZ28uY29udHJpYi5hdXRoLmJhY2tlbmRzLk1vZGVsQmFja2VuZCIsIl9hdXRoX3VzZXJfaWQiOiIxIn0=', '2018-04-04 18:10:31.665021'),
('2601tyjqlloti2hnfenn4ggwbw734g58', 'MTcyNzAxYWViYzg0MTUwM2JjOGZjZDRmZjYwMjAxMzkxZjhiOGNlYTp7Il9hdXRoX3VzZXJfaGFzaCI6Ijc2MjEwNWQwMGFlZDgyYzY0YTBmMDEyNjdjYzVhZjRhMmU2MTcwNmMiLCJfYXV0aF91c2VyX2JhY2tlbmQiOiJkamFuZ28uY29udHJpYi5hdXRoLmJhY2tlbmRzLk1vZGVsQmFja2VuZCIsIl9hdXRoX3VzZXJfaWQiOiIxIn0=', '2018-05-18 17:54:11.970611'),
('26703czfhjg1k899ta4sh0utkhmc1f8m', 'MGY0MWNhYWYwNjY3ZTM2ZjM2NGEwODgyOWU3MTc2NjI3NDRlZjU2ZTp7Il9hdXRoX3VzZXJfaGFzaCI6IjA2YzEwMWYwYTE5NjM2MzI3ZWQxMzZjYjQyNjNhZjlhYTUxN2Q0ODEiLCJfYXV0aF91c2VyX2JhY2tlbmQiOiJkamFuZ28uY29udHJpYi5hdXRoLmJhY2tlbmRzLk1vZGVsQmFja2VuZCIsIl9hdXRoX3VzZXJfaWQiOiIzIn0=', '2018-05-10 18:15:20.840511'),
('269miwtqpznaqqn19hochg2svwldqgtm', 'MTcyNzAxYWViYzg0MTUwM2JjOGZjZDRmZjYwMjAxMzkxZjhiOGNlYTp7Il9hdXRoX3VzZXJfaGFzaCI6Ijc2MjEwNWQwMGFlZDgyYzY0YTBmMDEyNjdjYzVhZjRhMmU2MTcwNmMiLCJfYXV0aF91c2VyX2JhY2tlbmQiOiJkamFuZ28uY29udHJpYi5hdXRoLmJhY2tlbmRzLk1vZGVsQmFja2VuZCIsIl9hdXRoX3VzZXJfaWQiOiIxIn0=', '2018-05-31 04:41:31.519242'),
('274iv5h8wcvoal8c203q9gicb3uvz0z8', 'MTcyNzAxYWViYzg0MTUwM2JjOGZjZDRmZjYwMjAxMzkxZjhiOGNlYTp7Il9hdXRoX3VzZXJfaGFzaCI6Ijc2MjEwNWQwMGFlZDgyYzY0YTBmMDEyNjdjYzVhZjRhMmU2MTcwNmMiLCJfYXV0aF91c2VyX2JhY2tlbmQiOiJkamFuZ28uY29udHJpYi5hdXRoLmJhY2tlbmRzLk1vZGVsQmFja2VuZCIsIl9hdXRoX3VzZXJfaWQiOiIxIn0=', '2018-04-30 20:31:17.764796'),
('287id9qcl9kuj2ojp2rjas5wvldjxzk2', 'MTcyNzAxYWViYzg0MTUwM2JjOGZjZDRmZjYwMjAxMzkxZjhiOGNlYTp7Il9hdXRoX3VzZXJfaGFzaCI6Ijc2MjEwNWQwMGFlZDgyYzY0YTBmMDEyNjdjYzVhZjRhMmU2MTcwNmMiLCJfYXV0aF91c2VyX2JhY2tlbmQiOiJkamFuZ28uY29udHJpYi5hdXRoLmJhY2tlbmRzLk1vZGVsQmFja2VuZCIsIl9hdXRoX3VzZXJfaWQiOiIxIn0=', '2018-04-05 20:53:36.109215'),
('28f7sujbe52xxd2p86zbso1q2jxlbjug', 'MTcyNzAxYWViYzg0MTUwM2JjOGZjZDRmZjYwMjAxMzkxZjhiOGNlYTp7Il9hdXRoX3VzZXJfaGFzaCI6Ijc2MjEwNWQwMGFlZDgyYzY0YTBmMDEyNjdjYzVhZjRhMmU2MTcwNmMiLCJfYXV0aF91c2VyX2JhY2tlbmQiOiJkamFuZ28uY29udHJpYi5hdXRoLmJhY2tlbmRzLk1vZGVsQmFja2VuZCIsIl9hdXRoX3VzZXJfaWQiOiIxIn0=', '2018-04-04 18:45:57.398979'),
('29m608hr7ncghzx9my1armjjokpmhqzw', 'MTcyNzAxYWViYzg0MTUwM2JjOGZjZDRmZjYwMjAxMzkxZjhiOGNlYTp7Il9hdXRoX3VzZXJfaGFzaCI6Ijc2MjEwNWQwMGFlZDgyYzY0YTBmMDEyNjdjYzVhZjRhMmU2MTcwNmMiLCJfYXV0aF91c2VyX2JhY2tlbmQiOiJkamFuZ28uY29udHJpYi5hdXRoLmJhY2tlbmRzLk1vZGVsQmFja2VuZCIsIl9hdXRoX3VzZXJfaWQiOiIxIn0=', '2018-04-30 21:45:14.438398'),
('29n9zhtfcomah5xhh7m9t3zkcigy9mbz', 'MTcyNzAxYWViYzg0MTUwM2JjOGZjZDRmZjYwMjAxMzkxZjhiOGNlYTp7Il9hdXRoX3VzZXJfaGFzaCI6Ijc2MjEwNWQwMGFlZDgyYzY0YTBmMDEyNjdjYzVhZjRhMmU2MTcwNmMiLCJfYXV0aF91c2VyX2JhY2tlbmQiOiJkamFuZ28uY29udHJpYi5hdXRoLmJhY2tlbmRzLk1vZGVsQmFja2VuZCIsIl9hdXRoX3VzZXJfaWQiOiIxIn0=', '2018-04-04 18:51:00.048382'),
('2a729e7g7prcfucx9m7jd88rbp2cpljr', 'MTcyNzAxYWViYzg0MTUwM2JjOGZjZDRmZjYwMjAxMzkxZjhiOGNlYTp7Il9hdXRoX3VzZXJfaGFzaCI6Ijc2MjEwNWQwMGFlZDgyYzY0YTBmMDEyNjdjYzVhZjRhMmU2MTcwNmMiLCJfYXV0aF91c2VyX2JhY2tlbmQiOiJkamFuZ28uY29udHJpYi5hdXRoLmJhY2tlbmRzLk1vZGVsQmFja2VuZCIsIl9hdXRoX3VzZXJfaWQiOiIxIn0=', '2018-05-01 03:21:48.554348'),
('2a8gumquds0dxtrjsc0johwtrqoc7k9y', 'MTcyNzAxYWViYzg0MTUwM2JjOGZjZDRmZjYwMjAxMzkxZjhiOGNlYTp7Il9hdXRoX3VzZXJfaGFzaCI6Ijc2MjEwNWQwMGFlZDgyYzY0YTBmMDEyNjdjYzVhZjRhMmU2MTcwNmMiLCJfYXV0aF91c2VyX2JhY2tlbmQiOiJkamFuZ28uY29udHJpYi5hdXRoLmJhY2tlbmRzLk1vZGVsQmFja2VuZCIsIl9hdXRoX3VzZXJfaWQiOiIxIn0=', '2018-04-30 21:12:24.619814'),
('2c86gtjtm0o2lz1eok90tk3c042kcc43', 'MTcyNzAxYWViYzg0MTUwM2JjOGZjZDRmZjYwMjAxMzkxZjhiOGNlYTp7Il9hdXRoX3VzZXJfaGFzaCI6Ijc2MjEwNWQwMGFlZDgyYzY0YTBmMDEyNjdjYzVhZjRhMmU2MTcwNmMiLCJfYXV0aF91c2VyX2JhY2tlbmQiOiJkamFuZ28uY29udHJpYi5hdXRoLmJhY2tlbmRzLk1vZGVsQmFja2VuZCIsIl9hdXRoX3VzZXJfaWQiOiIxIn0=', '2018-04-30 20:42:02.987845'),
('2cut4embrbxtgnegutpohy76elg6pyft', 'MTcyNzAxYWViYzg0MTUwM2JjOGZjZDRmZjYwMjAxMzkxZjhiOGNlYTp7Il9hdXRoX3VzZXJfaGFzaCI6Ijc2MjEwNWQwMGFlZDgyYzY0YTBmMDEyNjdjYzVhZjRhMmU2MTcwNmMiLCJfYXV0aF91c2VyX2JhY2tlbmQiOiJkamFuZ28uY29udHJpYi5hdXRoLmJhY2tlbmRzLk1vZGVsQmFja2VuZCIsIl9hdXRoX3VzZXJfaWQiOiIxIn0=', '2018-05-31 18:43:30.998928'),
('2db39w0ir6n2i2v39tcf43fv1cf0rn2r', 'MTcyNzAxYWViYzg0MTUwM2JjOGZjZDRmZjYwMjAxMzkxZjhiOGNlYTp7Il9hdXRoX3VzZXJfaGFzaCI6Ijc2MjEwNWQwMGFlZDgyYzY0YTBmMDEyNjdjYzVhZjRhMmU2MTcwNmMiLCJfYXV0aF91c2VyX2JhY2tlbmQiOiJkamFuZ28uY29udHJpYi5hdXRoLmJhY2tlbmRzLk1vZGVsQmFja2VuZCIsIl9hdXRoX3VzZXJfaWQiOiIxIn0=', '2018-05-31 04:26:36.958309'),
('2dpi2nhqh6isi5gf0u3pt2kru2ab29xh', 'MTcyNzAxYWViYzg0MTUwM2JjOGZjZDRmZjYwMjAxMzkxZjhiOGNlYTp7Il9hdXRoX3VzZXJfaGFzaCI6Ijc2MjEwNWQwMGFlZDgyYzY0YTBmMDEyNjdjYzVhZjRhMmU2MTcwNmMiLCJfYXV0aF91c2VyX2JhY2tlbmQiOiJkamFuZ28uY29udHJpYi5hdXRoLmJhY2tlbmRzLk1vZGVsQmFja2VuZCIsIl9hdXRoX3VzZXJfaWQiOiIxIn0=', '2018-04-02 18:15:38.747425'),
('2ffn2tilrqbhq9oz84msmylcqntw5tfd', 'MTcyNzAxYWViYzg0MTUwM2JjOGZjZDRmZjYwMjAxMzkxZjhiOGNlYTp7Il9hdXRoX3VzZXJfaGFzaCI6Ijc2MjEwNWQwMGFlZDgyYzY0YTBmMDEyNjdjYzVhZjRhMmU2MTcwNmMiLCJfYXV0aF91c2VyX2JhY2tlbmQiOiJkamFuZ28uY29udHJpYi5hdXRoLmJhY2tlbmRzLk1vZGVsQmFja2VuZCIsIl9hdXRoX3VzZXJfaWQiOiIxIn0=', '2018-04-30 21:45:27.238418'),
('2g89ssz23fhzpqlzq1cxbum28x3h0nxa', 'MTcyNzAxYWViYzg0MTUwM2JjOGZjZDRmZjYwMjAxMzkxZjhiOGNlYTp7Il9hdXRoX3VzZXJfaGFzaCI6Ijc2MjEwNWQwMGFlZDgyYzY0YTBmMDEyNjdjYzVhZjRhMmU2MTcwNmMiLCJfYXV0aF91c2VyX2JhY2tlbmQiOiJkamFuZ28uY29udHJpYi5hdXRoLmJhY2tlbmRzLk1vZGVsQmFja2VuZCIsIl9hdXRoX3VzZXJfaWQiOiIxIn0=', '2018-05-31 16:29:37.888976'),
('2gy32gmbia6g7ed6rgn99fe7gapwgk1p', 'MTcyNzAxYWViYzg0MTUwM2JjOGZjZDRmZjYwMjAxMzkxZjhiOGNlYTp7Il9hdXRoX3VzZXJfaGFzaCI6Ijc2MjEwNWQwMGFlZDgyYzY0YTBmMDEyNjdjYzVhZjRhMmU2MTcwNmMiLCJfYXV0aF91c2VyX2JhY2tlbmQiOiJkamFuZ28uY29udHJpYi5hdXRoLmJhY2tlbmRzLk1vZGVsQmFja2VuZCIsIl9hdXRoX3VzZXJfaWQiOiIxIn0=', '2018-05-31 04:37:03.153997'),
('2hwxya7e7easvbaefsyp5exw5bxuslix', 'MTcyNzAxYWViYzg0MTUwM2JjOGZjZDRmZjYwMjAxMzkxZjhiOGNlYTp7Il9hdXRoX3VzZXJfaGFzaCI6Ijc2MjEwNWQwMGFlZDgyYzY0YTBmMDEyNjdjYzVhZjRhMmU2MTcwNmMiLCJfYXV0aF91c2VyX2JhY2tlbmQiOiJkamFuZ28uY29udHJpYi5hdXRoLmJhY2tlbmRzLk1vZGVsQmFja2VuZCIsIl9hdXRoX3VzZXJfaWQiOiIxIn0=', '2018-05-31 05:01:32.078178'),
('2ikmbkmrq8l3f47p2yx4lponclgmz984', 'MTcyNzAxYWViYzg0MTUwM2JjOGZjZDRmZjYwMjAxMzkxZjhiOGNlYTp7Il9hdXRoX3VzZXJfaGFzaCI6Ijc2MjEwNWQwMGFlZDgyYzY0YTBmMDEyNjdjYzVhZjRhMmU2MTcwNmMiLCJfYXV0aF91c2VyX2JhY2tlbmQiOiJkamFuZ28uY29udHJpYi5hdXRoLmJhY2tlbmRzLk1vZGVsQmFja2VuZCIsIl9hdXRoX3VzZXJfaWQiOiIxIn0=', '2018-05-31 18:31:49.150157'),
('2iv5hogk1kw5wnaz1any3atiw8rhg2po', 'MTcyNzAxYWViYzg0MTUwM2JjOGZjZDRmZjYwMjAxMzkxZjhiOGNlYTp7Il9hdXRoX3VzZXJfaGFzaCI6Ijc2MjEwNWQwMGFlZDgyYzY0YTBmMDEyNjdjYzVhZjRhMmU2MTcwNmMiLCJfYXV0aF91c2VyX2JhY2tlbmQiOiJkamFuZ28uY29udHJpYi5hdXRoLmJhY2tlbmRzLk1vZGVsQmFja2VuZCIsIl9hdXRoX3VzZXJfaWQiOiIxIn0=', '2018-04-04 18:12:11.657416'),
('2jbzsxxmjpovhes4rymiv3ml94a9mqr0', 'MTcyNzAxYWViYzg0MTUwM2JjOGZjZDRmZjYwMjAxMzkxZjhiOGNlYTp7Il9hdXRoX3VzZXJfaGFzaCI6Ijc2MjEwNWQwMGFlZDgyYzY0YTBmMDEyNjdjYzVhZjRhMmU2MTcwNmMiLCJfYXV0aF91c2VyX2JhY2tlbmQiOiJkamFuZ28uY29udHJpYi5hdXRoLmJhY2tlbmRzLk1vZGVsQmFja2VuZCIsIl9hdXRoX3VzZXJfaWQiOiIxIn0=', '2018-04-04 05:31:47.687338'),
('2jl5kfip2nfpp7wamotoil9z4ai4hxtn', 'MTcyNzAxYWViYzg0MTUwM2JjOGZjZDRmZjYwMjAxMzkxZjhiOGNlYTp7Il9hdXRoX3VzZXJfaGFzaCI6Ijc2MjEwNWQwMGFlZDgyYzY0YTBmMDEyNjdjYzVhZjRhMmU2MTcwNmMiLCJfYXV0aF91c2VyX2JhY2tlbmQiOiJkamFuZ28uY29udHJpYi5hdXRoLmJhY2tlbmRzLk1vZGVsQmFja2VuZCIsIl9hdXRoX3VzZXJfaWQiOiIxIn0=', '2018-04-04 18:45:53.431489'),
('2l1ors9hxgw7txo6ynkz2gxlghwy5oj0', 'MTcyNzAxYWViYzg0MTUwM2JjOGZjZDRmZjYwMjAxMzkxZjhiOGNlYTp7Il9hdXRoX3VzZXJfaGFzaCI6Ijc2MjEwNWQwMGFlZDgyYzY0YTBmMDEyNjdjYzVhZjRhMmU2MTcwNmMiLCJfYXV0aF91c2VyX2JhY2tlbmQiOiJkamFuZ28uY29udHJpYi5hdXRoLmJhY2tlbmRzLk1vZGVsQmFja2VuZCIsIl9hdXRoX3VzZXJfaWQiOiIxIn0=', '2018-05-31 17:42:54.141348'),
('2q25m6jqwqntfr7tir3n0n3zjuc3mu1a', 'MTcyNzAxYWViYzg0MTUwM2JjOGZjZDRmZjYwMjAxMzkxZjhiOGNlYTp7Il9hdXRoX3VzZXJfaGFzaCI6Ijc2MjEwNWQwMGFlZDgyYzY0YTBmMDEyNjdjYzVhZjRhMmU2MTcwNmMiLCJfYXV0aF91c2VyX2JhY2tlbmQiOiJkamFuZ28uY29udHJpYi5hdXRoLmJhY2tlbmRzLk1vZGVsQmFja2VuZCIsIl9hdXRoX3VzZXJfaWQiOiIxIn0=', '2018-05-01 03:51:35.461194'),
('2q541zi0lwkal6t9nud751vgr8uhdf8n', 'MTcyNzAxYWViYzg0MTUwM2JjOGZjZDRmZjYwMjAxMzkxZjhiOGNlYTp7Il9hdXRoX3VzZXJfaGFzaCI6Ijc2MjEwNWQwMGFlZDgyYzY0YTBmMDEyNjdjYzVhZjRhMmU2MTcwNmMiLCJfYXV0aF91c2VyX2JhY2tlbmQiOiJkamFuZ28uY29udHJpYi5hdXRoLmJhY2tlbmRzLk1vZGVsQmFja2VuZCIsIl9hdXRoX3VzZXJfaWQiOiIxIn0=', '2018-04-30 21:55:57.557159'),
('2qvx30bx66wqjf0ag01j1ei4oo0v86y7', 'MTcyNzAxYWViYzg0MTUwM2JjOGZjZDRmZjYwMjAxMzkxZjhiOGNlYTp7Il9hdXRoX3VzZXJfaGFzaCI6Ijc2MjEwNWQwMGFlZDgyYzY0YTBmMDEyNjdjYzVhZjRhMmU2MTcwNmMiLCJfYXV0aF91c2VyX2JhY2tlbmQiOiJkamFuZ28uY29udHJpYi5hdXRoLmJhY2tlbmRzLk1vZGVsQmFja2VuZCIsIl9hdXRoX3VzZXJfaWQiOiIxIn0=', '2018-05-31 05:49:17.738124'),
('2r6v3a5rpgs7haghow3o9i3tgbn56cwp', 'MTcyNzAxYWViYzg0MTUwM2JjOGZjZDRmZjYwMjAxMzkxZjhiOGNlYTp7Il9hdXRoX3VzZXJfaGFzaCI6Ijc2MjEwNWQwMGFlZDgyYzY0YTBmMDEyNjdjYzVhZjRhMmU2MTcwNmMiLCJfYXV0aF91c2VyX2JhY2tlbmQiOiJkamFuZ28uY29udHJpYi5hdXRoLmJhY2tlbmRzLk1vZGVsQmFja2VuZCIsIl9hdXRoX3VzZXJfaWQiOiIxIn0=', '2018-04-30 21:13:11.891261'),
('2tglzcqr6lih2jvzy6xk2eu9lkexeusi', 'MTcyNzAxYWViYzg0MTUwM2JjOGZjZDRmZjYwMjAxMzkxZjhiOGNlYTp7Il9hdXRoX3VzZXJfaGFzaCI6Ijc2MjEwNWQwMGFlZDgyYzY0YTBmMDEyNjdjYzVhZjRhMmU2MTcwNmMiLCJfYXV0aF91c2VyX2JhY2tlbmQiOiJkamFuZ28uY29udHJpYi5hdXRoLmJhY2tlbmRzLk1vZGVsQmFja2VuZCIsIl9hdXRoX3VzZXJfaWQiOiIxIn0=', '2018-04-30 20:04:18.166036'),
('2u2qne4xhbj95vyilfsy9fkqu9mqu9nh', 'MTcyNzAxYWViYzg0MTUwM2JjOGZjZDRmZjYwMjAxMzkxZjhiOGNlYTp7Il9hdXRoX3VzZXJfaGFzaCI6Ijc2MjEwNWQwMGFlZDgyYzY0YTBmMDEyNjdjYzVhZjRhMmU2MTcwNmMiLCJfYXV0aF91c2VyX2JhY2tlbmQiOiJkamFuZ28uY29udHJpYi5hdXRoLmJhY2tlbmRzLk1vZGVsQmFja2VuZCIsIl9hdXRoX3VzZXJfaWQiOiIxIn0=', '2018-04-30 21:56:07.852209'),
('2uzjvzwe1jasiqxnpwu3z7rxy711a5xg', 'MTcyNzAxYWViYzg0MTUwM2JjOGZjZDRmZjYwMjAxMzkxZjhiOGNlYTp7Il9hdXRoX3VzZXJfaGFzaCI6Ijc2MjEwNWQwMGFlZDgyYzY0YTBmMDEyNjdjYzVhZjRhMmU2MTcwNmMiLCJfYXV0aF91c2VyX2JhY2tlbmQiOiJkamFuZ28uY29udHJpYi5hdXRoLmJhY2tlbmRzLk1vZGVsQmFja2VuZCIsIl9hdXRoX3VzZXJfaWQiOiIxIn0=', '2018-05-01 03:22:43.846195'),
('2v74waubd8cc8omujkwejjo9ocz2c6ma', 'MTcyNzAxYWViYzg0MTUwM2JjOGZjZDRmZjYwMjAxMzkxZjhiOGNlYTp7Il9hdXRoX3VzZXJfaGFzaCI6Ijc2MjEwNWQwMGFlZDgyYzY0YTBmMDEyNjdjYzVhZjRhMmU2MTcwNmMiLCJfYXV0aF91c2VyX2JhY2tlbmQiOiJkamFuZ28uY29udHJpYi5hdXRoLmJhY2tlbmRzLk1vZGVsQmFja2VuZCIsIl9hdXRoX3VzZXJfaWQiOiIxIn0=', '2018-04-30 22:07:11.362950'),
('2y0vfgzcese7ut6kqqa4eri3hh84dzdj', 'MTcyNzAxYWViYzg0MTUwM2JjOGZjZDRmZjYwMjAxMzkxZjhiOGNlYTp7Il9hdXRoX3VzZXJfaGFzaCI6Ijc2MjEwNWQwMGFlZDgyYzY0YTBmMDEyNjdjYzVhZjRhMmU2MTcwNmMiLCJfYXV0aF91c2VyX2JhY2tlbmQiOiJkamFuZ28uY29udHJpYi5hdXRoLmJhY2tlbmRzLk1vZGVsQmFja2VuZCIsIl9hdXRoX3VzZXJfaWQiOiIxIn0=', '2018-05-31 17:10:37.648188'),
('2zsuz0tw3zbt8bmwsojy88bwe84codjt', 'MTcyNzAxYWViYzg0MTUwM2JjOGZjZDRmZjYwMjAxMzkxZjhiOGNlYTp7Il9hdXRoX3VzZXJfaGFzaCI6Ijc2MjEwNWQwMGFlZDgyYzY0YTBmMDEyNjdjYzVhZjRhMmU2MTcwNmMiLCJfYXV0aF91c2VyX2JhY2tlbmQiOiJkamFuZ28uY29udHJpYi5hdXRoLmJhY2tlbmRzLk1vZGVsQmFja2VuZCIsIl9hdXRoX3VzZXJfaWQiOiIxIn0=', '2018-05-31 17:42:03.199801'),
('30d4gsbvetdydsu4nkkz2k024p4r5zza', 'MTcyNzAxYWViYzg0MTUwM2JjOGZjZDRmZjYwMjAxMzkxZjhiOGNlYTp7Il9hdXRoX3VzZXJfaGFzaCI6Ijc2MjEwNWQwMGFlZDgyYzY0YTBmMDEyNjdjYzVhZjRhMmU2MTcwNmMiLCJfYXV0aF91c2VyX2JhY2tlbmQiOiJkamFuZ28uY29udHJpYi5hdXRoLmJhY2tlbmRzLk1vZGVsQmFja2VuZCIsIl9hdXRoX3VzZXJfaWQiOiIxIn0=', '2018-04-30 19:57:40.389929'),
('30embupcbu3fhusujtbytj2piue10a49', 'MTcyNzAxYWViYzg0MTUwM2JjOGZjZDRmZjYwMjAxMzkxZjhiOGNlYTp7Il9hdXRoX3VzZXJfaGFzaCI6Ijc2MjEwNWQwMGFlZDgyYzY0YTBmMDEyNjdjYzVhZjRhMmU2MTcwNmMiLCJfYXV0aF91c2VyX2JhY2tlbmQiOiJkamFuZ28uY29udHJpYi5hdXRoLmJhY2tlbmRzLk1vZGVsQmFja2VuZCIsIl9hdXRoX3VzZXJfaWQiOiIxIn0=', '2018-05-31 05:28:53.054299'),
('30lukf4647dz5jf45q29qyfcah0wwcit', 'MTcyNzAxYWViYzg0MTUwM2JjOGZjZDRmZjYwMjAxMzkxZjhiOGNlYTp7Il9hdXRoX3VzZXJfaGFzaCI6Ijc2MjEwNWQwMGFlZDgyYzY0YTBmMDEyNjdjYzVhZjRhMmU2MTcwNmMiLCJfYXV0aF91c2VyX2JhY2tlbmQiOiJkamFuZ28uY29udHJpYi5hdXRoLmJhY2tlbmRzLk1vZGVsQmFja2VuZCIsIl9hdXRoX3VzZXJfaWQiOiIxIn0=', '2018-04-02 22:59:35.030927'),
('316l2u3lvm9n96lhk7lw5ut35ugpjxdo', 'MTcyNzAxYWViYzg0MTUwM2JjOGZjZDRmZjYwMjAxMzkxZjhiOGNlYTp7Il9hdXRoX3VzZXJfaGFzaCI6Ijc2MjEwNWQwMGFlZDgyYzY0YTBmMDEyNjdjYzVhZjRhMmU2MTcwNmMiLCJfYXV0aF91c2VyX2JhY2tlbmQiOiJkamFuZ28uY29udHJpYi5hdXRoLmJhY2tlbmRzLk1vZGVsQmFja2VuZCIsIl9hdXRoX3VzZXJfaWQiOiIxIn0=', '2018-05-31 05:08:21.784920'),
('31hgjrcz5lrgciv7vihi2plhwammvth0', 'MTcyNzAxYWViYzg0MTUwM2JjOGZjZDRmZjYwMjAxMzkxZjhiOGNlYTp7Il9hdXRoX3VzZXJfaGFzaCI6Ijc2MjEwNWQwMGFlZDgyYzY0YTBmMDEyNjdjYzVhZjRhMmU2MTcwNmMiLCJfYXV0aF91c2VyX2JhY2tlbmQiOiJkamFuZ28uY29udHJpYi5hdXRoLmJhY2tlbmRzLk1vZGVsQmFja2VuZCIsIl9hdXRoX3VzZXJfaWQiOiIxIn0=', '2018-04-30 20:59:20.040284'),
('32hnc4qxyz0sbas3loyq52uq0dflhudl', 'MTcyNzAxYWViYzg0MTUwM2JjOGZjZDRmZjYwMjAxMzkxZjhiOGNlYTp7Il9hdXRoX3VzZXJfaGFzaCI6Ijc2MjEwNWQwMGFlZDgyYzY0YTBmMDEyNjdjYzVhZjRhMmU2MTcwNmMiLCJfYXV0aF91c2VyX2JhY2tlbmQiOiJkamFuZ28uY29udHJpYi5hdXRoLmJhY2tlbmRzLk1vZGVsQmFja2VuZCIsIl9hdXRoX3VzZXJfaWQiOiIxIn0=', '2018-04-04 18:11:57.752385'),
('336sd254jgdrwfnrsreyqlku31aepzm8', 'MTcyNzAxYWViYzg0MTUwM2JjOGZjZDRmZjYwMjAxMzkxZjhiOGNlYTp7Il9hdXRoX3VzZXJfaGFzaCI6Ijc2MjEwNWQwMGFlZDgyYzY0YTBmMDEyNjdjYzVhZjRhMmU2MTcwNmMiLCJfYXV0aF91c2VyX2JhY2tlbmQiOiJkamFuZ28uY29udHJpYi5hdXRoLmJhY2tlbmRzLk1vZGVsQmFja2VuZCIsIl9hdXRoX3VzZXJfaWQiOiIxIn0=', '2018-05-31 18:38:41.173618'),
('338yaf8rvsm6yvs6on54o67jf8rj3o2j', 'MTcyNzAxYWViYzg0MTUwM2JjOGZjZDRmZjYwMjAxMzkxZjhiOGNlYTp7Il9hdXRoX3VzZXJfaGFzaCI6Ijc2MjEwNWQwMGFlZDgyYzY0YTBmMDEyNjdjYzVhZjRhMmU2MTcwNmMiLCJfYXV0aF91c2VyX2JhY2tlbmQiOiJkamFuZ28uY29udHJpYi5hdXRoLmJhY2tlbmRzLk1vZGVsQmFja2VuZCIsIl9hdXRoX3VzZXJfaWQiOiIxIn0=', '2018-05-31 04:44:46.587235'),
('33f9kk3fhxqvid5b8cyqa8p43x7v2s0t', 'MTcyNzAxYWViYzg0MTUwM2JjOGZjZDRmZjYwMjAxMzkxZjhiOGNlYTp7Il9hdXRoX3VzZXJfaGFzaCI6Ijc2MjEwNWQwMGFlZDgyYzY0YTBmMDEyNjdjYzVhZjRhMmU2MTcwNmMiLCJfYXV0aF91c2VyX2JhY2tlbmQiOiJkamFuZ28uY29udHJpYi5hdXRoLmJhY2tlbmRzLk1vZGVsQmFja2VuZCIsIl9hdXRoX3VzZXJfaWQiOiIxIn0=', '2018-05-01 03:38:42.678045'),
('34s3mav89up8lfdtqw45m7qlwlyilt3i', 'MTcyNzAxYWViYzg0MTUwM2JjOGZjZDRmZjYwMjAxMzkxZjhiOGNlYTp7Il9hdXRoX3VzZXJfaGFzaCI6Ijc2MjEwNWQwMGFlZDgyYzY0YTBmMDEyNjdjYzVhZjRhMmU2MTcwNmMiLCJfYXV0aF91c2VyX2JhY2tlbmQiOiJkamFuZ28uY29udHJpYi5hdXRoLmJhY2tlbmRzLk1vZGVsQmFja2VuZCIsIl9hdXRoX3VzZXJfaWQiOiIxIn0=', '2018-05-01 03:52:29.693233'),
('34zk12mdt5ytyr4ze3wycuuynphwndle', 'MTcyNzAxYWViYzg0MTUwM2JjOGZjZDRmZjYwMjAxMzkxZjhiOGNlYTp7Il9hdXRoX3VzZXJfaGFzaCI6Ijc2MjEwNWQwMGFlZDgyYzY0YTBmMDEyNjdjYzVhZjRhMmU2MTcwNmMiLCJfYXV0aF91c2VyX2JhY2tlbmQiOiJkamFuZ28uY29udHJpYi5hdXRoLmJhY2tlbmRzLk1vZGVsQmFja2VuZCIsIl9hdXRoX3VzZXJfaWQiOiIxIn0=', '2018-04-04 05:23:15.717119'),
('35zcdq4741ahooo1si6s1pytgqoda0sy', 'MTcyNzAxYWViYzg0MTUwM2JjOGZjZDRmZjYwMjAxMzkxZjhiOGNlYTp7Il9hdXRoX3VzZXJfaGFzaCI6Ijc2MjEwNWQwMGFlZDgyYzY0YTBmMDEyNjdjYzVhZjRhMmU2MTcwNmMiLCJfYXV0aF91c2VyX2JhY2tlbmQiOiJkamFuZ28uY29udHJpYi5hdXRoLmJhY2tlbmRzLk1vZGVsQmFja2VuZCIsIl9hdXRoX3VzZXJfaWQiOiIxIn0=', '2018-04-30 21:50:36.509025'),
('363wzzliadut4tv3zwqmi0zk958qg8oh', 'MTcyNzAxYWViYzg0MTUwM2JjOGZjZDRmZjYwMjAxMzkxZjhiOGNlYTp7Il9hdXRoX3VzZXJfaGFzaCI6Ijc2MjEwNWQwMGFlZDgyYzY0YTBmMDEyNjdjYzVhZjRhMmU2MTcwNmMiLCJfYXV0aF91c2VyX2JhY2tlbmQiOiJkamFuZ28uY29udHJpYi5hdXRoLmJhY2tlbmRzLk1vZGVsQmFja2VuZCIsIl9hdXRoX3VzZXJfaWQiOiIxIn0=', '2018-04-04 18:07:52.509024'),
('36jq3xxc5elqm0ugw1eywig0i3m6soxm', 'MTcyNzAxYWViYzg0MTUwM2JjOGZjZDRmZjYwMjAxMzkxZjhiOGNlYTp7Il9hdXRoX3VzZXJfaGFzaCI6Ijc2MjEwNWQwMGFlZDgyYzY0YTBmMDEyNjdjYzVhZjRhMmU2MTcwNmMiLCJfYXV0aF91c2VyX2JhY2tlbmQiOiJkamFuZ28uY29udHJpYi5hdXRoLmJhY2tlbmRzLk1vZGVsQmFja2VuZCIsIl9hdXRoX3VzZXJfaWQiOiIxIn0=', '2018-04-30 20:36:45.223684'),
('374kgurofbczfizjaahlris2rgzynicq', 'MTcyNzAxYWViYzg0MTUwM2JjOGZjZDRmZjYwMjAxMzkxZjhiOGNlYTp7Il9hdXRoX3VzZXJfaGFzaCI6Ijc2MjEwNWQwMGFlZDgyYzY0YTBmMDEyNjdjYzVhZjRhMmU2MTcwNmMiLCJfYXV0aF91c2VyX2JhY2tlbmQiOiJkamFuZ28uY29udHJpYi5hdXRoLmJhY2tlbmRzLk1vZGVsQmFja2VuZCIsIl9hdXRoX3VzZXJfaWQiOiIxIn0=', '2018-05-31 17:06:31.399164'),
('38rup6svsi009j0f40qr6zpevp0yee84', 'M2M3ZTcwMDY3YzczMzk3MzE1ZDM4ZmRlNzhhYTk5MDM0NzkwNzVlYTp7Il9hdXRoX3VzZXJfaGFzaCI6IjIxMzI0MzllOGMzODY3OGQ0NGQ0ZTk2ODUzNDg4YzhlNDJhMWNlYjUiLCJfYXV0aF91c2VyX2JhY2tlbmQiOiJkamFuZ28uY29udHJpYi5hdXRoLmJhY2tlbmRzLk1vZGVsQmFja2VuZCIsIl9hdXRoX3VzZXJfaWQiOiIyIn0=', '2018-05-31 18:33:39.823435'),
('39rbbglf9isjyhtnhoupkrr5039hcs3s', 'MTcyNzAxYWViYzg0MTUwM2JjOGZjZDRmZjYwMjAxMzkxZjhiOGNlYTp7Il9hdXRoX3VzZXJfaGFzaCI6Ijc2MjEwNWQwMGFlZDgyYzY0YTBmMDEyNjdjYzVhZjRhMmU2MTcwNmMiLCJfYXV0aF91c2VyX2JhY2tlbmQiOiJkamFuZ28uY29udHJpYi5hdXRoLmJhY2tlbmRzLk1vZGVsQmFja2VuZCIsIl9hdXRoX3VzZXJfaWQiOiIxIn0=', '2018-05-31 04:36:57.165102'),
('3adh7zr1i8399s4z5xdd6opeeyx5jnp4', 'MTcyNzAxYWViYzg0MTUwM2JjOGZjZDRmZjYwMjAxMzkxZjhiOGNlYTp7Il9hdXRoX3VzZXJfaGFzaCI6Ijc2MjEwNWQwMGFlZDgyYzY0YTBmMDEyNjdjYzVhZjRhMmU2MTcwNmMiLCJfYXV0aF91c2VyX2JhY2tlbmQiOiJkamFuZ28uY29udHJpYi5hdXRoLmJhY2tlbmRzLk1vZGVsQmFja2VuZCIsIl9hdXRoX3VzZXJfaWQiOiIxIn0=', '2018-05-31 05:13:41.512326'),
('3cc4uta5q7s0mlghe7hqbnyopw3ksq5p', 'MTcyNzAxYWViYzg0MTUwM2JjOGZjZDRmZjYwMjAxMzkxZjhiOGNlYTp7Il9hdXRoX3VzZXJfaGFzaCI6Ijc2MjEwNWQwMGFlZDgyYzY0YTBmMDEyNjdjYzVhZjRhMmU2MTcwNmMiLCJfYXV0aF91c2VyX2JhY2tlbmQiOiJkamFuZ28uY29udHJpYi5hdXRoLmJhY2tlbmRzLk1vZGVsQmFja2VuZCIsIl9hdXRoX3VzZXJfaWQiOiIxIn0=', '2018-04-04 18:12:20.069653'),
('3eo6ril0a3ijhahk9grphvph9fksytpm', 'MTcyNzAxYWViYzg0MTUwM2JjOGZjZDRmZjYwMjAxMzkxZjhiOGNlYTp7Il9hdXRoX3VzZXJfaGFzaCI6Ijc2MjEwNWQwMGFlZDgyYzY0YTBmMDEyNjdjYzVhZjRhMmU2MTcwNmMiLCJfYXV0aF91c2VyX2JhY2tlbmQiOiJkamFuZ28uY29udHJpYi5hdXRoLmJhY2tlbmRzLk1vZGVsQmFja2VuZCIsIl9hdXRoX3VzZXJfaWQiOiIxIn0=', '2018-04-04 05:21:47.775819'),
('3eub3hgx22zki18mfwhtrx7kdks0qoas', 'MTcyNzAxYWViYzg0MTUwM2JjOGZjZDRmZjYwMjAxMzkxZjhiOGNlYTp7Il9hdXRoX3VzZXJfaGFzaCI6Ijc2MjEwNWQwMGFlZDgyYzY0YTBmMDEyNjdjYzVhZjRhMmU2MTcwNmMiLCJfYXV0aF91c2VyX2JhY2tlbmQiOiJkamFuZ28uY29udHJpYi5hdXRoLmJhY2tlbmRzLk1vZGVsQmFja2VuZCIsIl9hdXRoX3VzZXJfaWQiOiIxIn0=', '2018-05-31 17:29:43.415531');
INSERT INTO `django_session` (`session_key`, `session_data`, `expire_date`) VALUES
('3giiljs21604w77fsf9017cpibphk3dm', 'MTcyNzAxYWViYzg0MTUwM2JjOGZjZDRmZjYwMjAxMzkxZjhiOGNlYTp7Il9hdXRoX3VzZXJfaGFzaCI6Ijc2MjEwNWQwMGFlZDgyYzY0YTBmMDEyNjdjYzVhZjRhMmU2MTcwNmMiLCJfYXV0aF91c2VyX2JhY2tlbmQiOiJkamFuZ28uY29udHJpYi5hdXRoLmJhY2tlbmRzLk1vZGVsQmFja2VuZCIsIl9hdXRoX3VzZXJfaWQiOiIxIn0=', '2018-05-18 17:35:07.470717'),
('3giwympg60mjn0sxp90fkkfo9ne6rgdi', 'MTcyNzAxYWViYzg0MTUwM2JjOGZjZDRmZjYwMjAxMzkxZjhiOGNlYTp7Il9hdXRoX3VzZXJfaGFzaCI6Ijc2MjEwNWQwMGFlZDgyYzY0YTBmMDEyNjdjYzVhZjRhMmU2MTcwNmMiLCJfYXV0aF91c2VyX2JhY2tlbmQiOiJkamFuZ28uY29udHJpYi5hdXRoLmJhY2tlbmRzLk1vZGVsQmFja2VuZCIsIl9hdXRoX3VzZXJfaWQiOiIxIn0=', '2018-04-04 18:05:38.529806'),
('3gmt6v3js1urti7sgvgzmz88zqwkyxko', 'MTcyNzAxYWViYzg0MTUwM2JjOGZjZDRmZjYwMjAxMzkxZjhiOGNlYTp7Il9hdXRoX3VzZXJfaGFzaCI6Ijc2MjEwNWQwMGFlZDgyYzY0YTBmMDEyNjdjYzVhZjRhMmU2MTcwNmMiLCJfYXV0aF91c2VyX2JhY2tlbmQiOiJkamFuZ28uY29udHJpYi5hdXRoLmJhY2tlbmRzLk1vZGVsQmFja2VuZCIsIl9hdXRoX3VzZXJfaWQiOiIxIn0=', '2018-05-01 03:39:29.880565'),
('3jevfzft6yg6h2quaknf8270rrioj0vz', 'MTcyNzAxYWViYzg0MTUwM2JjOGZjZDRmZjYwMjAxMzkxZjhiOGNlYTp7Il9hdXRoX3VzZXJfaGFzaCI6Ijc2MjEwNWQwMGFlZDgyYzY0YTBmMDEyNjdjYzVhZjRhMmU2MTcwNmMiLCJfYXV0aF91c2VyX2JhY2tlbmQiOiJkamFuZ28uY29udHJpYi5hdXRoLmJhY2tlbmRzLk1vZGVsQmFja2VuZCIsIl9hdXRoX3VzZXJfaWQiOiIxIn0=', '2018-05-31 17:45:56.660014'),
('3jrcqjolbnzbw5ph63rayhvfrhobwi1o', 'MTcyNzAxYWViYzg0MTUwM2JjOGZjZDRmZjYwMjAxMzkxZjhiOGNlYTp7Il9hdXRoX3VzZXJfaGFzaCI6Ijc2MjEwNWQwMGFlZDgyYzY0YTBmMDEyNjdjYzVhZjRhMmU2MTcwNmMiLCJfYXV0aF91c2VyX2JhY2tlbmQiOiJkamFuZ28uY29udHJpYi5hdXRoLmJhY2tlbmRzLk1vZGVsQmFja2VuZCIsIl9hdXRoX3VzZXJfaWQiOiIxIn0=', '2018-05-31 04:26:47.287058'),
('3l9dhx0maanid4x7x0pfmqgu3bjcap58', 'MTcyNzAxYWViYzg0MTUwM2JjOGZjZDRmZjYwMjAxMzkxZjhiOGNlYTp7Il9hdXRoX3VzZXJfaGFzaCI6Ijc2MjEwNWQwMGFlZDgyYzY0YTBmMDEyNjdjYzVhZjRhMmU2MTcwNmMiLCJfYXV0aF91c2VyX2JhY2tlbmQiOiJkamFuZ28uY29udHJpYi5hdXRoLmJhY2tlbmRzLk1vZGVsQmFja2VuZCIsIl9hdXRoX3VzZXJfaWQiOiIxIn0=', '2018-04-04 05:30:47.699073'),
('3lgl7z4da2iychyyi82xoc7q373yi6s4', 'MTcyNzAxYWViYzg0MTUwM2JjOGZjZDRmZjYwMjAxMzkxZjhiOGNlYTp7Il9hdXRoX3VzZXJfaGFzaCI6Ijc2MjEwNWQwMGFlZDgyYzY0YTBmMDEyNjdjYzVhZjRhMmU2MTcwNmMiLCJfYXV0aF91c2VyX2JhY2tlbmQiOiJkamFuZ28uY29udHJpYi5hdXRoLmJhY2tlbmRzLk1vZGVsQmFja2VuZCIsIl9hdXRoX3VzZXJfaWQiOiIxIn0=', '2018-05-31 17:42:46.184808'),
('3lu8e9lq5m0iitcn429itr5thr5vaopk', 'MTcyNzAxYWViYzg0MTUwM2JjOGZjZDRmZjYwMjAxMzkxZjhiOGNlYTp7Il9hdXRoX3VzZXJfaGFzaCI6Ijc2MjEwNWQwMGFlZDgyYzY0YTBmMDEyNjdjYzVhZjRhMmU2MTcwNmMiLCJfYXV0aF91c2VyX2JhY2tlbmQiOiJkamFuZ28uY29udHJpYi5hdXRoLmJhY2tlbmRzLk1vZGVsQmFja2VuZCIsIl9hdXRoX3VzZXJfaWQiOiIxIn0=', '2018-04-01 20:28:26.897224'),
('3mt8tyntrqjvsx62ye13iktt8sfp39g1', 'MTcyNzAxYWViYzg0MTUwM2JjOGZjZDRmZjYwMjAxMzkxZjhiOGNlYTp7Il9hdXRoX3VzZXJfaGFzaCI6Ijc2MjEwNWQwMGFlZDgyYzY0YTBmMDEyNjdjYzVhZjRhMmU2MTcwNmMiLCJfYXV0aF91c2VyX2JhY2tlbmQiOiJkamFuZ28uY29udHJpYi5hdXRoLmJhY2tlbmRzLk1vZGVsQmFja2VuZCIsIl9hdXRoX3VzZXJfaWQiOiIxIn0=', '2018-05-31 04:59:08.192201'),
('3myf11o528szsx3ma7bgtd7pd1u3lxct', 'MTcyNzAxYWViYzg0MTUwM2JjOGZjZDRmZjYwMjAxMzkxZjhiOGNlYTp7Il9hdXRoX3VzZXJfaGFzaCI6Ijc2MjEwNWQwMGFlZDgyYzY0YTBmMDEyNjdjYzVhZjRhMmU2MTcwNmMiLCJfYXV0aF91c2VyX2JhY2tlbmQiOiJkamFuZ28uY29udHJpYi5hdXRoLmJhY2tlbmRzLk1vZGVsQmFja2VuZCIsIl9hdXRoX3VzZXJfaWQiOiIxIn0=', '2018-04-30 21:42:32.447924'),
('3n0ezqruuj0fbgl8govex3fr7g2jpwpd', 'MTcyNzAxYWViYzg0MTUwM2JjOGZjZDRmZjYwMjAxMzkxZjhiOGNlYTp7Il9hdXRoX3VzZXJfaGFzaCI6Ijc2MjEwNWQwMGFlZDgyYzY0YTBmMDEyNjdjYzVhZjRhMmU2MTcwNmMiLCJfYXV0aF91c2VyX2JhY2tlbmQiOiJkamFuZ28uY29udHJpYi5hdXRoLmJhY2tlbmRzLk1vZGVsQmFja2VuZCIsIl9hdXRoX3VzZXJfaWQiOiIxIn0=', '2018-05-01 03:22:18.442412'),
('3oe28nhsi7zi5cq08mcxez3vqh34w94k', 'MTcyNzAxYWViYzg0MTUwM2JjOGZjZDRmZjYwMjAxMzkxZjhiOGNlYTp7Il9hdXRoX3VzZXJfaGFzaCI6Ijc2MjEwNWQwMGFlZDgyYzY0YTBmMDEyNjdjYzVhZjRhMmU2MTcwNmMiLCJfYXV0aF91c2VyX2JhY2tlbmQiOiJkamFuZ28uY29udHJpYi5hdXRoLmJhY2tlbmRzLk1vZGVsQmFja2VuZCIsIl9hdXRoX3VzZXJfaWQiOiIxIn0=', '2018-05-31 05:15:27.525542'),
('3op83e8uj3tqi33erwm2cvt4wke2q54i', 'MTcyNzAxYWViYzg0MTUwM2JjOGZjZDRmZjYwMjAxMzkxZjhiOGNlYTp7Il9hdXRoX3VzZXJfaGFzaCI6Ijc2MjEwNWQwMGFlZDgyYzY0YTBmMDEyNjdjYzVhZjRhMmU2MTcwNmMiLCJfYXV0aF91c2VyX2JhY2tlbmQiOiJkamFuZ28uY29udHJpYi5hdXRoLmJhY2tlbmRzLk1vZGVsQmFja2VuZCIsIl9hdXRoX3VzZXJfaWQiOiIxIn0=', '2018-05-18 17:30:26.385475'),
('3qqetunual93383xnn9lswdkojc6wtgr', 'MTcyNzAxYWViYzg0MTUwM2JjOGZjZDRmZjYwMjAxMzkxZjhiOGNlYTp7Il9hdXRoX3VzZXJfaGFzaCI6Ijc2MjEwNWQwMGFlZDgyYzY0YTBmMDEyNjdjYzVhZjRhMmU2MTcwNmMiLCJfYXV0aF91c2VyX2JhY2tlbmQiOiJkamFuZ28uY29udHJpYi5hdXRoLmJhY2tlbmRzLk1vZGVsQmFja2VuZCIsIl9hdXRoX3VzZXJfaWQiOiIxIn0=', '2018-05-30 21:36:09.383520'),
('3qr24a0n2jv0re7jlogw2g895p33bxx9', 'MTcyNzAxYWViYzg0MTUwM2JjOGZjZDRmZjYwMjAxMzkxZjhiOGNlYTp7Il9hdXRoX3VzZXJfaGFzaCI6Ijc2MjEwNWQwMGFlZDgyYzY0YTBmMDEyNjdjYzVhZjRhMmU2MTcwNmMiLCJfYXV0aF91c2VyX2JhY2tlbmQiOiJkamFuZ28uY29udHJpYi5hdXRoLmJhY2tlbmRzLk1vZGVsQmFja2VuZCIsIl9hdXRoX3VzZXJfaWQiOiIxIn0=', '2018-05-31 05:08:15.358195'),
('3qsbtllf2rp8w7a2pxmpw0rgc1zihv4y', 'MTcyNzAxYWViYzg0MTUwM2JjOGZjZDRmZjYwMjAxMzkxZjhiOGNlYTp7Il9hdXRoX3VzZXJfaGFzaCI6Ijc2MjEwNWQwMGFlZDgyYzY0YTBmMDEyNjdjYzVhZjRhMmU2MTcwNmMiLCJfYXV0aF91c2VyX2JhY2tlbmQiOiJkamFuZ28uY29udHJpYi5hdXRoLmJhY2tlbmRzLk1vZGVsQmFja2VuZCIsIl9hdXRoX3VzZXJfaWQiOiIxIn0=', '2018-05-01 03:48:10.338346'),
('3r582dyilebtjwwmaamrej9iotxdd14a', 'MTcyNzAxYWViYzg0MTUwM2JjOGZjZDRmZjYwMjAxMzkxZjhiOGNlYTp7Il9hdXRoX3VzZXJfaGFzaCI6Ijc2MjEwNWQwMGFlZDgyYzY0YTBmMDEyNjdjYzVhZjRhMmU2MTcwNmMiLCJfYXV0aF91c2VyX2JhY2tlbmQiOiJkamFuZ28uY29udHJpYi5hdXRoLmJhY2tlbmRzLk1vZGVsQmFja2VuZCIsIl9hdXRoX3VzZXJfaWQiOiIxIn0=', '2018-04-05 20:54:26.476030'),
('3r78zchybd5onew1qg5x66l75jm4n1bl', 'MTcyNzAxYWViYzg0MTUwM2JjOGZjZDRmZjYwMjAxMzkxZjhiOGNlYTp7Il9hdXRoX3VzZXJfaGFzaCI6Ijc2MjEwNWQwMGFlZDgyYzY0YTBmMDEyNjdjYzVhZjRhMmU2MTcwNmMiLCJfYXV0aF91c2VyX2JhY2tlbmQiOiJkamFuZ28uY29udHJpYi5hdXRoLmJhY2tlbmRzLk1vZGVsQmFja2VuZCIsIl9hdXRoX3VzZXJfaWQiOiIxIn0=', '2018-05-18 17:48:45.106133'),
('3rwjx1birvu08yf60o9nr2948m15b129', 'MTcyNzAxYWViYzg0MTUwM2JjOGZjZDRmZjYwMjAxMzkxZjhiOGNlYTp7Il9hdXRoX3VzZXJfaGFzaCI6Ijc2MjEwNWQwMGFlZDgyYzY0YTBmMDEyNjdjYzVhZjRhMmU2MTcwNmMiLCJfYXV0aF91c2VyX2JhY2tlbmQiOiJkamFuZ28uY29udHJpYi5hdXRoLmJhY2tlbmRzLk1vZGVsQmFja2VuZCIsIl9hdXRoX3VzZXJfaWQiOiIxIn0=', '2018-04-04 05:22:42.291898'),
('3sy3612l2huitu5mr0kp23r44pb2g8bs', 'MTcyNzAxYWViYzg0MTUwM2JjOGZjZDRmZjYwMjAxMzkxZjhiOGNlYTp7Il9hdXRoX3VzZXJfaGFzaCI6Ijc2MjEwNWQwMGFlZDgyYzY0YTBmMDEyNjdjYzVhZjRhMmU2MTcwNmMiLCJfYXV0aF91c2VyX2JhY2tlbmQiOiJkamFuZ28uY29udHJpYi5hdXRoLmJhY2tlbmRzLk1vZGVsQmFja2VuZCIsIl9hdXRoX3VzZXJfaWQiOiIxIn0=', '2018-05-31 17:43:19.478616'),
('3tvuljd80iuilazrll2nr5t8ycmeeken', 'MTcyNzAxYWViYzg0MTUwM2JjOGZjZDRmZjYwMjAxMzkxZjhiOGNlYTp7Il9hdXRoX3VzZXJfaGFzaCI6Ijc2MjEwNWQwMGFlZDgyYzY0YTBmMDEyNjdjYzVhZjRhMmU2MTcwNmMiLCJfYXV0aF91c2VyX2JhY2tlbmQiOiJkamFuZ28uY29udHJpYi5hdXRoLmJhY2tlbmRzLk1vZGVsQmFja2VuZCIsIl9hdXRoX3VzZXJfaWQiOiIxIn0=', '2018-05-18 19:24:14.413171'),
('3uam2yt7bn8wapxkbw7vk67rl69qp53v', 'MTcyNzAxYWViYzg0MTUwM2JjOGZjZDRmZjYwMjAxMzkxZjhiOGNlYTp7Il9hdXRoX3VzZXJfaGFzaCI6Ijc2MjEwNWQwMGFlZDgyYzY0YTBmMDEyNjdjYzVhZjRhMmU2MTcwNmMiLCJfYXV0aF91c2VyX2JhY2tlbmQiOiJkamFuZ28uY29udHJpYi5hdXRoLmJhY2tlbmRzLk1vZGVsQmFja2VuZCIsIl9hdXRoX3VzZXJfaWQiOiIxIn0=', '2018-05-18 17:17:06.556857'),
('3un4daubveevkf3ffy7kkab7brnjorai', 'MTcyNzAxYWViYzg0MTUwM2JjOGZjZDRmZjYwMjAxMzkxZjhiOGNlYTp7Il9hdXRoX3VzZXJfaGFzaCI6Ijc2MjEwNWQwMGFlZDgyYzY0YTBmMDEyNjdjYzVhZjRhMmU2MTcwNmMiLCJfYXV0aF91c2VyX2JhY2tlbmQiOiJkamFuZ28uY29udHJpYi5hdXRoLmJhY2tlbmRzLk1vZGVsQmFja2VuZCIsIl9hdXRoX3VzZXJfaWQiOiIxIn0=', '2018-05-31 05:22:54.558195'),
('3w3ebzjo9ayq5hb6ewih7fofnx0c8pvy', 'MTcyNzAxYWViYzg0MTUwM2JjOGZjZDRmZjYwMjAxMzkxZjhiOGNlYTp7Il9hdXRoX3VzZXJfaGFzaCI6Ijc2MjEwNWQwMGFlZDgyYzY0YTBmMDEyNjdjYzVhZjRhMmU2MTcwNmMiLCJfYXV0aF91c2VyX2JhY2tlbmQiOiJkamFuZ28uY29udHJpYi5hdXRoLmJhY2tlbmRzLk1vZGVsQmFja2VuZCIsIl9hdXRoX3VzZXJfaWQiOiIxIn0=', '2018-05-31 18:17:46.950781'),
('3w9qo976vq79jj4kppvgsuq4j7cudnbe', 'MTcyNzAxYWViYzg0MTUwM2JjOGZjZDRmZjYwMjAxMzkxZjhiOGNlYTp7Il9hdXRoX3VzZXJfaGFzaCI6Ijc2MjEwNWQwMGFlZDgyYzY0YTBmMDEyNjdjYzVhZjRhMmU2MTcwNmMiLCJfYXV0aF91c2VyX2JhY2tlbmQiOiJkamFuZ28uY29udHJpYi5hdXRoLmJhY2tlbmRzLk1vZGVsQmFja2VuZCIsIl9hdXRoX3VzZXJfaWQiOiIxIn0=', '2018-05-31 17:31:18.139226'),
('3wyd9aerv7vifxzws9p7cc3vcl2xehhv', 'MTcyNzAxYWViYzg0MTUwM2JjOGZjZDRmZjYwMjAxMzkxZjhiOGNlYTp7Il9hdXRoX3VzZXJfaGFzaCI6Ijc2MjEwNWQwMGFlZDgyYzY0YTBmMDEyNjdjYzVhZjRhMmU2MTcwNmMiLCJfYXV0aF91c2VyX2JhY2tlbmQiOiJkamFuZ28uY29udHJpYi5hdXRoLmJhY2tlbmRzLk1vZGVsQmFja2VuZCIsIl9hdXRoX3VzZXJfaWQiOiIxIn0=', '2018-04-30 21:42:18.497438'),
('3xu1pne8cor9wmumo8optqls9dirw5z6', 'M2M3ZTcwMDY3YzczMzk3MzE1ZDM4ZmRlNzhhYTk5MDM0NzkwNzVlYTp7Il9hdXRoX3VzZXJfaGFzaCI6IjIxMzI0MzllOGMzODY3OGQ0NGQ0ZTk2ODUzNDg4YzhlNDJhMWNlYjUiLCJfYXV0aF91c2VyX2JhY2tlbmQiOiJkamFuZ28uY29udHJpYi5hdXRoLmJhY2tlbmRzLk1vZGVsQmFja2VuZCIsIl9hdXRoX3VzZXJfaWQiOiIyIn0=', '2018-05-31 18:42:43.627376'),
('3y5v34c9gdcpfkzvpnslcnyygaq6mlfw', 'MTcyNzAxYWViYzg0MTUwM2JjOGZjZDRmZjYwMjAxMzkxZjhiOGNlYTp7Il9hdXRoX3VzZXJfaGFzaCI6Ijc2MjEwNWQwMGFlZDgyYzY0YTBmMDEyNjdjYzVhZjRhMmU2MTcwNmMiLCJfYXV0aF91c2VyX2JhY2tlbmQiOiJkamFuZ28uY29udHJpYi5hdXRoLmJhY2tlbmRzLk1vZGVsQmFja2VuZCIsIl9hdXRoX3VzZXJfaWQiOiIxIn0=', '2018-04-04 18:05:28.787479'),
('3yo1jn84yh7hb68st90r1gfvtzq399gb', 'MTcyNzAxYWViYzg0MTUwM2JjOGZjZDRmZjYwMjAxMzkxZjhiOGNlYTp7Il9hdXRoX3VzZXJfaGFzaCI6Ijc2MjEwNWQwMGFlZDgyYzY0YTBmMDEyNjdjYzVhZjRhMmU2MTcwNmMiLCJfYXV0aF91c2VyX2JhY2tlbmQiOiJkamFuZ28uY29udHJpYi5hdXRoLmJhY2tlbmRzLk1vZGVsQmFja2VuZCIsIl9hdXRoX3VzZXJfaWQiOiIxIn0=', '2018-05-01 03:49:32.169215'),
('3zkv8js5t85f0jsyrbe5aib2frieejv5', 'MTcyNzAxYWViYzg0MTUwM2JjOGZjZDRmZjYwMjAxMzkxZjhiOGNlYTp7Il9hdXRoX3VzZXJfaGFzaCI6Ijc2MjEwNWQwMGFlZDgyYzY0YTBmMDEyNjdjYzVhZjRhMmU2MTcwNmMiLCJfYXV0aF91c2VyX2JhY2tlbmQiOiJkamFuZ28uY29udHJpYi5hdXRoLmJhY2tlbmRzLk1vZGVsQmFja2VuZCIsIl9hdXRoX3VzZXJfaWQiOiIxIn0=', '2018-05-31 05:27:55.622752'),
('3zrnnk2iw4up9d0njmmttx6od19phxtv', 'MTcyNzAxYWViYzg0MTUwM2JjOGZjZDRmZjYwMjAxMzkxZjhiOGNlYTp7Il9hdXRoX3VzZXJfaGFzaCI6Ijc2MjEwNWQwMGFlZDgyYzY0YTBmMDEyNjdjYzVhZjRhMmU2MTcwNmMiLCJfYXV0aF91c2VyX2JhY2tlbmQiOiJkamFuZ28uY29udHJpYi5hdXRoLmJhY2tlbmRzLk1vZGVsQmFja2VuZCIsIl9hdXRoX3VzZXJfaWQiOiIxIn0=', '2018-04-30 21:41:42.529977'),
('40j61qg50kqcth996vyesp4hbm88r8tr', 'MTcyNzAxYWViYzg0MTUwM2JjOGZjZDRmZjYwMjAxMzkxZjhiOGNlYTp7Il9hdXRoX3VzZXJfaGFzaCI6Ijc2MjEwNWQwMGFlZDgyYzY0YTBmMDEyNjdjYzVhZjRhMmU2MTcwNmMiLCJfYXV0aF91c2VyX2JhY2tlbmQiOiJkamFuZ28uY29udHJpYi5hdXRoLmJhY2tlbmRzLk1vZGVsQmFja2VuZCIsIl9hdXRoX3VzZXJfaWQiOiIxIn0=', '2018-05-31 18:43:12.909755'),
('40u17dvo6scbqftlxjxgn7ms7634adm4', 'MTcyNzAxYWViYzg0MTUwM2JjOGZjZDRmZjYwMjAxMzkxZjhiOGNlYTp7Il9hdXRoX3VzZXJfaGFzaCI6Ijc2MjEwNWQwMGFlZDgyYzY0YTBmMDEyNjdjYzVhZjRhMmU2MTcwNmMiLCJfYXV0aF91c2VyX2JhY2tlbmQiOiJkamFuZ28uY29udHJpYi5hdXRoLmJhY2tlbmRzLk1vZGVsQmFja2VuZCIsIl9hdXRoX3VzZXJfaWQiOiIxIn0=', '2018-04-30 20:44:33.488623'),
('40udm0ihcp5npc6fxn9mvywc31o2wszt', 'MTcyNzAxYWViYzg0MTUwM2JjOGZjZDRmZjYwMjAxMzkxZjhiOGNlYTp7Il9hdXRoX3VzZXJfaGFzaCI6Ijc2MjEwNWQwMGFlZDgyYzY0YTBmMDEyNjdjYzVhZjRhMmU2MTcwNmMiLCJfYXV0aF91c2VyX2JhY2tlbmQiOiJkamFuZ28uY29udHJpYi5hdXRoLmJhY2tlbmRzLk1vZGVsQmFja2VuZCIsIl9hdXRoX3VzZXJfaWQiOiIxIn0=', '2018-04-30 21:12:40.041749'),
('420dtwqxc1i4oaw6c2yjj42hpvelv4r0', 'MTcyNzAxYWViYzg0MTUwM2JjOGZjZDRmZjYwMjAxMzkxZjhiOGNlYTp7Il9hdXRoX3VzZXJfaGFzaCI6Ijc2MjEwNWQwMGFlZDgyYzY0YTBmMDEyNjdjYzVhZjRhMmU2MTcwNmMiLCJfYXV0aF91c2VyX2JhY2tlbmQiOiJkamFuZ28uY29udHJpYi5hdXRoLmJhY2tlbmRzLk1vZGVsQmFja2VuZCIsIl9hdXRoX3VzZXJfaWQiOiIxIn0=', '2018-04-05 21:02:13.303974'),
('431wbr0t5m93tqsv75cddf8b3eqsvmvb', 'MTcyNzAxYWViYzg0MTUwM2JjOGZjZDRmZjYwMjAxMzkxZjhiOGNlYTp7Il9hdXRoX3VzZXJfaGFzaCI6Ijc2MjEwNWQwMGFlZDgyYzY0YTBmMDEyNjdjYzVhZjRhMmU2MTcwNmMiLCJfYXV0aF91c2VyX2JhY2tlbmQiOiJkamFuZ28uY29udHJpYi5hdXRoLmJhY2tlbmRzLk1vZGVsQmFja2VuZCIsIl9hdXRoX3VzZXJfaWQiOiIxIn0=', '2018-04-04 18:12:36.949882'),
('439b2v65lr8xw1jwpyfugwyizp3nhkqc', 'MTcyNzAxYWViYzg0MTUwM2JjOGZjZDRmZjYwMjAxMzkxZjhiOGNlYTp7Il9hdXRoX3VzZXJfaGFzaCI6Ijc2MjEwNWQwMGFlZDgyYzY0YTBmMDEyNjdjYzVhZjRhMmU2MTcwNmMiLCJfYXV0aF91c2VyX2JhY2tlbmQiOiJkamFuZ28uY29udHJpYi5hdXRoLmJhY2tlbmRzLk1vZGVsQmFja2VuZCIsIl9hdXRoX3VzZXJfaWQiOiIxIn0=', '2018-05-31 17:02:04.077954'),
('46sew3ef86jc9q85umblg08hrhaf3e2n', 'MTcyNzAxYWViYzg0MTUwM2JjOGZjZDRmZjYwMjAxMzkxZjhiOGNlYTp7Il9hdXRoX3VzZXJfaGFzaCI6Ijc2MjEwNWQwMGFlZDgyYzY0YTBmMDEyNjdjYzVhZjRhMmU2MTcwNmMiLCJfYXV0aF91c2VyX2JhY2tlbmQiOiJkamFuZ28uY29udHJpYi5hdXRoLmJhY2tlbmRzLk1vZGVsQmFja2VuZCIsIl9hdXRoX3VzZXJfaWQiOiIxIn0=', '2018-04-23 07:02:33.891211'),
('46sqwo8awjqiscz5jb39uyg8sztyhibx', 'MTcyNzAxYWViYzg0MTUwM2JjOGZjZDRmZjYwMjAxMzkxZjhiOGNlYTp7Il9hdXRoX3VzZXJfaGFzaCI6Ijc2MjEwNWQwMGFlZDgyYzY0YTBmMDEyNjdjYzVhZjRhMmU2MTcwNmMiLCJfYXV0aF91c2VyX2JhY2tlbmQiOiJkamFuZ28uY29udHJpYi5hdXRoLmJhY2tlbmRzLk1vZGVsQmFja2VuZCIsIl9hdXRoX3VzZXJfaWQiOiIxIn0=', '2018-04-04 04:13:04.776824'),
('48op5htsvavrsfj1xgvf2lnp8fz7lwmc', 'MTcyNzAxYWViYzg0MTUwM2JjOGZjZDRmZjYwMjAxMzkxZjhiOGNlYTp7Il9hdXRoX3VzZXJfaGFzaCI6Ijc2MjEwNWQwMGFlZDgyYzY0YTBmMDEyNjdjYzVhZjRhMmU2MTcwNmMiLCJfYXV0aF91c2VyX2JhY2tlbmQiOiJkamFuZ28uY29udHJpYi5hdXRoLmJhY2tlbmRzLk1vZGVsQmFja2VuZCIsIl9hdXRoX3VzZXJfaWQiOiIxIn0=', '2018-05-31 05:03:58.363153'),
('4anfv33s0q8bj42eot6vce3b7g3ue0xb', 'MTcyNzAxYWViYzg0MTUwM2JjOGZjZDRmZjYwMjAxMzkxZjhiOGNlYTp7Il9hdXRoX3VzZXJfaGFzaCI6Ijc2MjEwNWQwMGFlZDgyYzY0YTBmMDEyNjdjYzVhZjRhMmU2MTcwNmMiLCJfYXV0aF91c2VyX2JhY2tlbmQiOiJkamFuZ28uY29udHJpYi5hdXRoLmJhY2tlbmRzLk1vZGVsQmFja2VuZCIsIl9hdXRoX3VzZXJfaWQiOiIxIn0=', '2018-04-30 21:15:52.966636'),
('4b3mwk4qfgv6y20q0aujfdfwmmib3jlu', 'MTcyNzAxYWViYzg0MTUwM2JjOGZjZDRmZjYwMjAxMzkxZjhiOGNlYTp7Il9hdXRoX3VzZXJfaGFzaCI6Ijc2MjEwNWQwMGFlZDgyYzY0YTBmMDEyNjdjYzVhZjRhMmU2MTcwNmMiLCJfYXV0aF91c2VyX2JhY2tlbmQiOiJkamFuZ28uY29udHJpYi5hdXRoLmJhY2tlbmRzLk1vZGVsQmFja2VuZCIsIl9hdXRoX3VzZXJfaWQiOiIxIn0=', '2018-05-31 18:31:22.664244'),
('4bqk5y5ydi4bykhza8p357epz4v3gpgu', 'MTcyNzAxYWViYzg0MTUwM2JjOGZjZDRmZjYwMjAxMzkxZjhiOGNlYTp7Il9hdXRoX3VzZXJfaGFzaCI6Ijc2MjEwNWQwMGFlZDgyYzY0YTBmMDEyNjdjYzVhZjRhMmU2MTcwNmMiLCJfYXV0aF91c2VyX2JhY2tlbmQiOiJkamFuZ28uY29udHJpYi5hdXRoLmJhY2tlbmRzLk1vZGVsQmFja2VuZCIsIl9hdXRoX3VzZXJfaWQiOiIxIn0=', '2018-04-02 23:02:43.065383'),
('4c6za38snki3rdlejfbm5nj4q6dreerh', 'MTcyNzAxYWViYzg0MTUwM2JjOGZjZDRmZjYwMjAxMzkxZjhiOGNlYTp7Il9hdXRoX3VzZXJfaGFzaCI6Ijc2MjEwNWQwMGFlZDgyYzY0YTBmMDEyNjdjYzVhZjRhMmU2MTcwNmMiLCJfYXV0aF91c2VyX2JhY2tlbmQiOiJkamFuZ28uY29udHJpYi5hdXRoLmJhY2tlbmRzLk1vZGVsQmFja2VuZCIsIl9hdXRoX3VzZXJfaWQiOiIxIn0=', '2018-05-31 18:02:57.033429'),
('4cl79hhhf54cdsak45n6o0xhmjm0zeol', 'MTcyNzAxYWViYzg0MTUwM2JjOGZjZDRmZjYwMjAxMzkxZjhiOGNlYTp7Il9hdXRoX3VzZXJfaGFzaCI6Ijc2MjEwNWQwMGFlZDgyYzY0YTBmMDEyNjdjYzVhZjRhMmU2MTcwNmMiLCJfYXV0aF91c2VyX2JhY2tlbmQiOiJkamFuZ28uY29udHJpYi5hdXRoLmJhY2tlbmRzLk1vZGVsQmFja2VuZCIsIl9hdXRoX3VzZXJfaWQiOiIxIn0=', '2018-05-31 17:43:03.368755'),
('4f3lxm11uxajmhmrtt9se24ivm7q3c3d', 'MTcyNzAxYWViYzg0MTUwM2JjOGZjZDRmZjYwMjAxMzkxZjhiOGNlYTp7Il9hdXRoX3VzZXJfaGFzaCI6Ijc2MjEwNWQwMGFlZDgyYzY0YTBmMDEyNjdjYzVhZjRhMmU2MTcwNmMiLCJfYXV0aF91c2VyX2JhY2tlbmQiOiJkamFuZ28uY29udHJpYi5hdXRoLmJhY2tlbmRzLk1vZGVsQmFja2VuZCIsIl9hdXRoX3VzZXJfaWQiOiIxIn0=', '2018-05-31 05:14:21.614652'),
('4fe1qoxws45nrqu1p96x1juu9qh3kdg3', 'MTcyNzAxYWViYzg0MTUwM2JjOGZjZDRmZjYwMjAxMzkxZjhiOGNlYTp7Il9hdXRoX3VzZXJfaGFzaCI6Ijc2MjEwNWQwMGFlZDgyYzY0YTBmMDEyNjdjYzVhZjRhMmU2MTcwNmMiLCJfYXV0aF91c2VyX2JhY2tlbmQiOiJkamFuZ28uY29udHJpYi5hdXRoLmJhY2tlbmRzLk1vZGVsQmFja2VuZCIsIl9hdXRoX3VzZXJfaWQiOiIxIn0=', '2018-05-18 19:25:52.855762'),
('4fit044zputt8omzuuxxdcltgz172ffl', 'MTcyNzAxYWViYzg0MTUwM2JjOGZjZDRmZjYwMjAxMzkxZjhiOGNlYTp7Il9hdXRoX3VzZXJfaGFzaCI6Ijc2MjEwNWQwMGFlZDgyYzY0YTBmMDEyNjdjYzVhZjRhMmU2MTcwNmMiLCJfYXV0aF91c2VyX2JhY2tlbmQiOiJkamFuZ28uY29udHJpYi5hdXRoLmJhY2tlbmRzLk1vZGVsQmFja2VuZCIsIl9hdXRoX3VzZXJfaWQiOiIxIn0=', '2018-04-30 22:10:21.063637'),
('4fzfk4ayeiam8c8sy5h1rzmsv0n7ps73', 'MTcyNzAxYWViYzg0MTUwM2JjOGZjZDRmZjYwMjAxMzkxZjhiOGNlYTp7Il9hdXRoX3VzZXJfaGFzaCI6Ijc2MjEwNWQwMGFlZDgyYzY0YTBmMDEyNjdjYzVhZjRhMmU2MTcwNmMiLCJfYXV0aF91c2VyX2JhY2tlbmQiOiJkamFuZ28uY29udHJpYi5hdXRoLmJhY2tlbmRzLk1vZGVsQmFja2VuZCIsIl9hdXRoX3VzZXJfaWQiOiIxIn0=', '2018-04-30 20:56:22.229480'),
('4g90ppass2safgvmtzoersmswvndxbz9', 'MTcyNzAxYWViYzg0MTUwM2JjOGZjZDRmZjYwMjAxMzkxZjhiOGNlYTp7Il9hdXRoX3VzZXJfaGFzaCI6Ijc2MjEwNWQwMGFlZDgyYzY0YTBmMDEyNjdjYzVhZjRhMmU2MTcwNmMiLCJfYXV0aF91c2VyX2JhY2tlbmQiOiJkamFuZ28uY29udHJpYi5hdXRoLmJhY2tlbmRzLk1vZGVsQmFja2VuZCIsIl9hdXRoX3VzZXJfaWQiOiIxIn0=', '2018-05-30 21:17:10.265593'),
('4ggausnq5330be2929ghfmif320rl4b8', 'MTcyNzAxYWViYzg0MTUwM2JjOGZjZDRmZjYwMjAxMzkxZjhiOGNlYTp7Il9hdXRoX3VzZXJfaGFzaCI6Ijc2MjEwNWQwMGFlZDgyYzY0YTBmMDEyNjdjYzVhZjRhMmU2MTcwNmMiLCJfYXV0aF91c2VyX2JhY2tlbmQiOiJkamFuZ28uY29udHJpYi5hdXRoLmJhY2tlbmRzLk1vZGVsQmFja2VuZCIsIl9hdXRoX3VzZXJfaWQiOiIxIn0=', '2018-05-31 18:38:47.901925'),
('4h73f14s8y971sjw3xz111a1tn76qwv0', 'MTcyNzAxYWViYzg0MTUwM2JjOGZjZDRmZjYwMjAxMzkxZjhiOGNlYTp7Il9hdXRoX3VzZXJfaGFzaCI6Ijc2MjEwNWQwMGFlZDgyYzY0YTBmMDEyNjdjYzVhZjRhMmU2MTcwNmMiLCJfYXV0aF91c2VyX2JhY2tlbmQiOiJkamFuZ28uY29udHJpYi5hdXRoLmJhY2tlbmRzLk1vZGVsQmFja2VuZCIsIl9hdXRoX3VzZXJfaWQiOiIxIn0=', '2018-04-30 21:50:45.296476'),
('4iqnc402hjlpfovmd291wj15eix1s7kn', 'MTcyNzAxYWViYzg0MTUwM2JjOGZjZDRmZjYwMjAxMzkxZjhiOGNlYTp7Il9hdXRoX3VzZXJfaGFzaCI6Ijc2MjEwNWQwMGFlZDgyYzY0YTBmMDEyNjdjYzVhZjRhMmU2MTcwNmMiLCJfYXV0aF91c2VyX2JhY2tlbmQiOiJkamFuZ28uY29udHJpYi5hdXRoLmJhY2tlbmRzLk1vZGVsQmFja2VuZCIsIl9hdXRoX3VzZXJfaWQiOiIxIn0=', '2018-05-31 18:18:21.601069'),
('4jumlcka66670e64mve7nmvt4prcs98d', 'MTcyNzAxYWViYzg0MTUwM2JjOGZjZDRmZjYwMjAxMzkxZjhiOGNlYTp7Il9hdXRoX3VzZXJfaGFzaCI6Ijc2MjEwNWQwMGFlZDgyYzY0YTBmMDEyNjdjYzVhZjRhMmU2MTcwNmMiLCJfYXV0aF91c2VyX2JhY2tlbmQiOiJkamFuZ28uY29udHJpYi5hdXRoLmJhY2tlbmRzLk1vZGVsQmFja2VuZCIsIl9hdXRoX3VzZXJfaWQiOiIxIn0=', '2018-04-04 04:25:24.354906'),
('4ldhay7s7m8fqt4hqhl504p4jkb069nt', 'MTcyNzAxYWViYzg0MTUwM2JjOGZjZDRmZjYwMjAxMzkxZjhiOGNlYTp7Il9hdXRoX3VzZXJfaGFzaCI6Ijc2MjEwNWQwMGFlZDgyYzY0YTBmMDEyNjdjYzVhZjRhMmU2MTcwNmMiLCJfYXV0aF91c2VyX2JhY2tlbmQiOiJkamFuZ28uY29udHJpYi5hdXRoLmJhY2tlbmRzLk1vZGVsQmFja2VuZCIsIl9hdXRoX3VzZXJfaWQiOiIxIn0=', '2018-05-31 17:06:15.364830'),
('4lvqp2vv9kk02fqnme2ligdbozhaehzl', 'MGY0MWNhYWYwNjY3ZTM2ZjM2NGEwODgyOWU3MTc2NjI3NDRlZjU2ZTp7Il9hdXRoX3VzZXJfaGFzaCI6IjA2YzEwMWYwYTE5NjM2MzI3ZWQxMzZjYjQyNjNhZjlhYTUxN2Q0ODEiLCJfYXV0aF91c2VyX2JhY2tlbmQiOiJkamFuZ28uY29udHJpYi5hdXRoLmJhY2tlbmRzLk1vZGVsQmFja2VuZCIsIl9hdXRoX3VzZXJfaWQiOiIzIn0=', '2018-05-31 05:50:33.975185'),
('4m28us6s7mywlu5w8hc7mu7mle40g6cp', 'MTcyNzAxYWViYzg0MTUwM2JjOGZjZDRmZjYwMjAxMzkxZjhiOGNlYTp7Il9hdXRoX3VzZXJfaGFzaCI6Ijc2MjEwNWQwMGFlZDgyYzY0YTBmMDEyNjdjYzVhZjRhMmU2MTcwNmMiLCJfYXV0aF91c2VyX2JhY2tlbmQiOiJkamFuZ28uY29udHJpYi5hdXRoLmJhY2tlbmRzLk1vZGVsQmFja2VuZCIsIl9hdXRoX3VzZXJfaWQiOiIxIn0=', '2018-04-04 18:45:40.193791'),
('4mj97bsrj4przeg68esvvawlgv4a24u6', 'MTcyNzAxYWViYzg0MTUwM2JjOGZjZDRmZjYwMjAxMzkxZjhiOGNlYTp7Il9hdXRoX3VzZXJfaGFzaCI6Ijc2MjEwNWQwMGFlZDgyYzY0YTBmMDEyNjdjYzVhZjRhMmU2MTcwNmMiLCJfYXV0aF91c2VyX2JhY2tlbmQiOiJkamFuZ28uY29udHJpYi5hdXRoLmJhY2tlbmRzLk1vZGVsQmFja2VuZCIsIl9hdXRoX3VzZXJfaWQiOiIxIn0=', '2018-04-30 20:56:08.788974'),
('4p58n8q3dk6tgq4dxw3joo0xx4ae4g1b', 'YjFhMTRiOWFmZTRiMTY5ZjY5ODgyN2I5Y2FhOTc1ZWM2ZGFkYTA3Yjp7ImlkX3Byb3llY3RvIjoxLCJpZF9mYXNlX3Byb3llY3RvIjoxLCJfYXV0aF91c2VyX2hhc2giOiI3NjIxMDVkMDBhZWQ4MmM2NGEwZjAxMjY3Y2M1YWY0YTJlNjE3MDZjIiwiX2F1dGhfdXNlcl9iYWNrZW5kIjoiZGphbmdvLmNvbnRyaWIuYXV0aC5iYWNrZW5kcy5Nb2RlbEJhY2tlbmQiLCJfYXV0aF91c2VyX2lkIjoiMSJ9', '2018-02-15 04:23:43.947386'),
('4qw4ccuxu01g4onlxm9u68romkzw16gs', 'MTcyNzAxYWViYzg0MTUwM2JjOGZjZDRmZjYwMjAxMzkxZjhiOGNlYTp7Il9hdXRoX3VzZXJfaGFzaCI6Ijc2MjEwNWQwMGFlZDgyYzY0YTBmMDEyNjdjYzVhZjRhMmU2MTcwNmMiLCJfYXV0aF91c2VyX2JhY2tlbmQiOiJkamFuZ28uY29udHJpYi5hdXRoLmJhY2tlbmRzLk1vZGVsQmFja2VuZCIsIl9hdXRoX3VzZXJfaWQiOiIxIn0=', '2018-05-01 03:32:42.820911'),
('4r7ess8i43xwbrz8t8451gumr0tae1zb', 'MTcyNzAxYWViYzg0MTUwM2JjOGZjZDRmZjYwMjAxMzkxZjhiOGNlYTp7Il9hdXRoX3VzZXJfaGFzaCI6Ijc2MjEwNWQwMGFlZDgyYzY0YTBmMDEyNjdjYzVhZjRhMmU2MTcwNmMiLCJfYXV0aF91c2VyX2JhY2tlbmQiOiJkamFuZ28uY29udHJpYi5hdXRoLmJhY2tlbmRzLk1vZGVsQmFja2VuZCIsIl9hdXRoX3VzZXJfaWQiOiIxIn0=', '2018-05-01 03:33:19.407582'),
('4sj1j8rvqn24oukra43opcm36mlq8gco', 'MTcyNzAxYWViYzg0MTUwM2JjOGZjZDRmZjYwMjAxMzkxZjhiOGNlYTp7Il9hdXRoX3VzZXJfaGFzaCI6Ijc2MjEwNWQwMGFlZDgyYzY0YTBmMDEyNjdjYzVhZjRhMmU2MTcwNmMiLCJfYXV0aF91c2VyX2JhY2tlbmQiOiJkamFuZ28uY29udHJpYi5hdXRoLmJhY2tlbmRzLk1vZGVsQmFja2VuZCIsIl9hdXRoX3VzZXJfaWQiOiIxIn0=', '2018-05-31 18:38:52.921737'),
('4sltspwwch0n7l1xij0ndj4tufcjltuq', 'MTcyNzAxYWViYzg0MTUwM2JjOGZjZDRmZjYwMjAxMzkxZjhiOGNlYTp7Il9hdXRoX3VzZXJfaGFzaCI6Ijc2MjEwNWQwMGFlZDgyYzY0YTBmMDEyNjdjYzVhZjRhMmU2MTcwNmMiLCJfYXV0aF91c2VyX2JhY2tlbmQiOiJkamFuZ28uY29udHJpYi5hdXRoLmJhY2tlbmRzLk1vZGVsQmFja2VuZCIsIl9hdXRoX3VzZXJfaWQiOiIxIn0=', '2018-04-30 20:36:35.176755'),
('4tkzsj5p72e4gzj6m5puev0d2l1ir7xz', 'MTcyNzAxYWViYzg0MTUwM2JjOGZjZDRmZjYwMjAxMzkxZjhiOGNlYTp7Il9hdXRoX3VzZXJfaGFzaCI6Ijc2MjEwNWQwMGFlZDgyYzY0YTBmMDEyNjdjYzVhZjRhMmU2MTcwNmMiLCJfYXV0aF91c2VyX2JhY2tlbmQiOiJkamFuZ28uY29udHJpYi5hdXRoLmJhY2tlbmRzLk1vZGVsQmFja2VuZCIsIl9hdXRoX3VzZXJfaWQiOiIxIn0=', '2018-04-30 20:45:03.419773'),
('4uogd9kulwcoixj6athtnv59s3dlo8d5', 'MTcyNzAxYWViYzg0MTUwM2JjOGZjZDRmZjYwMjAxMzkxZjhiOGNlYTp7Il9hdXRoX3VzZXJfaGFzaCI6Ijc2MjEwNWQwMGFlZDgyYzY0YTBmMDEyNjdjYzVhZjRhMmU2MTcwNmMiLCJfYXV0aF91c2VyX2JhY2tlbmQiOiJkamFuZ28uY29udHJpYi5hdXRoLmJhY2tlbmRzLk1vZGVsQmFja2VuZCIsIl9hdXRoX3VzZXJfaWQiOiIxIn0=', '2018-04-30 21:42:40.943113'),
('4utpflxpjlhjas586d01yfirjsg217zv', 'MTcyNzAxYWViYzg0MTUwM2JjOGZjZDRmZjYwMjAxMzkxZjhiOGNlYTp7Il9hdXRoX3VzZXJfaGFzaCI6Ijc2MjEwNWQwMGFlZDgyYzY0YTBmMDEyNjdjYzVhZjRhMmU2MTcwNmMiLCJfYXV0aF91c2VyX2JhY2tlbmQiOiJkamFuZ28uY29udHJpYi5hdXRoLmJhY2tlbmRzLk1vZGVsQmFja2VuZCIsIl9hdXRoX3VzZXJfaWQiOiIxIn0=', '2018-04-30 21:50:09.430727'),
('4vk127ghh5qjnw4qyxd5ikhvbnhfabmj', 'MTcyNzAxYWViYzg0MTUwM2JjOGZjZDRmZjYwMjAxMzkxZjhiOGNlYTp7Il9hdXRoX3VzZXJfaGFzaCI6Ijc2MjEwNWQwMGFlZDgyYzY0YTBmMDEyNjdjYzVhZjRhMmU2MTcwNmMiLCJfYXV0aF91c2VyX2JhY2tlbmQiOiJkamFuZ28uY29udHJpYi5hdXRoLmJhY2tlbmRzLk1vZGVsQmFja2VuZCIsIl9hdXRoX3VzZXJfaWQiOiIxIn0=', '2018-05-31 04:01:51.882698'),
('4wjvhvdzuilo5kv933f65d6ic6x6dt7i', 'MTcyNzAxYWViYzg0MTUwM2JjOGZjZDRmZjYwMjAxMzkxZjhiOGNlYTp7Il9hdXRoX3VzZXJfaGFzaCI6Ijc2MjEwNWQwMGFlZDgyYzY0YTBmMDEyNjdjYzVhZjRhMmU2MTcwNmMiLCJfYXV0aF91c2VyX2JhY2tlbmQiOiJkamFuZ28uY29udHJpYi5hdXRoLmJhY2tlbmRzLk1vZGVsQmFja2VuZCIsIl9hdXRoX3VzZXJfaWQiOiIxIn0=', '2018-05-31 18:38:09.765240'),
('4wlsdfdxw9v5zs53wipcmkuixti8o63v', 'MTcyNzAxYWViYzg0MTUwM2JjOGZjZDRmZjYwMjAxMzkxZjhiOGNlYTp7Il9hdXRoX3VzZXJfaGFzaCI6Ijc2MjEwNWQwMGFlZDgyYzY0YTBmMDEyNjdjYzVhZjRhMmU2MTcwNmMiLCJfYXV0aF91c2VyX2JhY2tlbmQiOiJkamFuZ28uY29udHJpYi5hdXRoLmJhY2tlbmRzLk1vZGVsQmFja2VuZCIsIl9hdXRoX3VzZXJfaWQiOiIxIn0=', '2018-04-04 18:54:33.220128'),
('4xx2tap8cimaxbk2vzyg9ijp7hp3nn8t', 'MTcyNzAxYWViYzg0MTUwM2JjOGZjZDRmZjYwMjAxMzkxZjhiOGNlYTp7Il9hdXRoX3VzZXJfaGFzaCI6Ijc2MjEwNWQwMGFlZDgyYzY0YTBmMDEyNjdjYzVhZjRhMmU2MTcwNmMiLCJfYXV0aF91c2VyX2JhY2tlbmQiOiJkamFuZ28uY29udHJpYi5hdXRoLmJhY2tlbmRzLk1vZGVsQmFja2VuZCIsIl9hdXRoX3VzZXJfaWQiOiIxIn0=', '2018-04-30 20:36:31.078479'),
('4yli8v6yu1l3v8denhm44nngyrn3madl', 'MTcyNzAxYWViYzg0MTUwM2JjOGZjZDRmZjYwMjAxMzkxZjhiOGNlYTp7Il9hdXRoX3VzZXJfaGFzaCI6Ijc2MjEwNWQwMGFlZDgyYzY0YTBmMDEyNjdjYzVhZjRhMmU2MTcwNmMiLCJfYXV0aF91c2VyX2JhY2tlbmQiOiJkamFuZ28uY29udHJpYi5hdXRoLmJhY2tlbmRzLk1vZGVsQmFja2VuZCIsIl9hdXRoX3VzZXJfaWQiOiIxIn0=', '2018-05-31 04:21:42.344500'),
('53htg1bjcgje8kflbr7aez8gsxpvfk21', 'MTcyNzAxYWViYzg0MTUwM2JjOGZjZDRmZjYwMjAxMzkxZjhiOGNlYTp7Il9hdXRoX3VzZXJfaGFzaCI6Ijc2MjEwNWQwMGFlZDgyYzY0YTBmMDEyNjdjYzVhZjRhMmU2MTcwNmMiLCJfYXV0aF91c2VyX2JhY2tlbmQiOiJkamFuZ28uY29udHJpYi5hdXRoLmJhY2tlbmRzLk1vZGVsQmFja2VuZCIsIl9hdXRoX3VzZXJfaWQiOiIxIn0=', '2018-05-31 05:27:49.272149'),
('53oqvh8y89n7if7kpkvkxrocst8duegb', 'MTcyNzAxYWViYzg0MTUwM2JjOGZjZDRmZjYwMjAxMzkxZjhiOGNlYTp7Il9hdXRoX3VzZXJfaGFzaCI6Ijc2MjEwNWQwMGFlZDgyYzY0YTBmMDEyNjdjYzVhZjRhMmU2MTcwNmMiLCJfYXV0aF91c2VyX2JhY2tlbmQiOiJkamFuZ28uY29udHJpYi5hdXRoLmJhY2tlbmRzLk1vZGVsQmFja2VuZCIsIl9hdXRoX3VzZXJfaWQiOiIxIn0=', '2018-05-31 05:15:17.173336'),
('5422wyr336z46agkcgskgqf6yzzxj9h1', 'MTcyNzAxYWViYzg0MTUwM2JjOGZjZDRmZjYwMjAxMzkxZjhiOGNlYTp7Il9hdXRoX3VzZXJfaGFzaCI6Ijc2MjEwNWQwMGFlZDgyYzY0YTBmMDEyNjdjYzVhZjRhMmU2MTcwNmMiLCJfYXV0aF91c2VyX2JhY2tlbmQiOiJkamFuZ28uY29udHJpYi5hdXRoLmJhY2tlbmRzLk1vZGVsQmFja2VuZCIsIl9hdXRoX3VzZXJfaWQiOiIxIn0=', '2018-04-30 19:57:49.425921'),
('54b2bspyfzud5lbt1q0zx1ecqjmnwaz6', 'MTcyNzAxYWViYzg0MTUwM2JjOGZjZDRmZjYwMjAxMzkxZjhiOGNlYTp7Il9hdXRoX3VzZXJfaGFzaCI6Ijc2MjEwNWQwMGFlZDgyYzY0YTBmMDEyNjdjYzVhZjRhMmU2MTcwNmMiLCJfYXV0aF91c2VyX2JhY2tlbmQiOiJkamFuZ28uY29udHJpYi5hdXRoLmJhY2tlbmRzLk1vZGVsQmFja2VuZCIsIl9hdXRoX3VzZXJfaWQiOiIxIn0=', '2018-05-31 04:52:35.851040'),
('54exhvdqwekwrbqttbslkdgg35gjvovb', 'MTcyNzAxYWViYzg0MTUwM2JjOGZjZDRmZjYwMjAxMzkxZjhiOGNlYTp7Il9hdXRoX3VzZXJfaGFzaCI6Ijc2MjEwNWQwMGFlZDgyYzY0YTBmMDEyNjdjYzVhZjRhMmU2MTcwNmMiLCJfYXV0aF91c2VyX2JhY2tlbmQiOiJkamFuZ28uY29udHJpYi5hdXRoLmJhY2tlbmRzLk1vZGVsQmFja2VuZCIsIl9hdXRoX3VzZXJfaWQiOiIxIn0=', '2018-04-30 20:59:40.976619'),
('55m469dljalcyfck9muo9mmnrxq8x8mw', 'MTcyNzAxYWViYzg0MTUwM2JjOGZjZDRmZjYwMjAxMzkxZjhiOGNlYTp7Il9hdXRoX3VzZXJfaGFzaCI6Ijc2MjEwNWQwMGFlZDgyYzY0YTBmMDEyNjdjYzVhZjRhMmU2MTcwNmMiLCJfYXV0aF91c2VyX2JhY2tlbmQiOiJkamFuZ28uY29udHJpYi5hdXRoLmJhY2tlbmRzLk1vZGVsQmFja2VuZCIsIl9hdXRoX3VzZXJfaWQiOiIxIn0=', '2018-05-31 05:32:45.968626'),
('56vpp2una70nzpm0bbo9npmthhopyuen', 'MTcyNzAxYWViYzg0MTUwM2JjOGZjZDRmZjYwMjAxMzkxZjhiOGNlYTp7Il9hdXRoX3VzZXJfaGFzaCI6Ijc2MjEwNWQwMGFlZDgyYzY0YTBmMDEyNjdjYzVhZjRhMmU2MTcwNmMiLCJfYXV0aF91c2VyX2JhY2tlbmQiOiJkamFuZ28uY29udHJpYi5hdXRoLmJhY2tlbmRzLk1vZGVsQmFja2VuZCIsIl9hdXRoX3VzZXJfaWQiOiIxIn0=', '2018-05-31 17:30:42.969053'),
('5854qsyg0px5nzss3y92lnkzy6y70jw8', 'MTcyNzAxYWViYzg0MTUwM2JjOGZjZDRmZjYwMjAxMzkxZjhiOGNlYTp7Il9hdXRoX3VzZXJfaGFzaCI6Ijc2MjEwNWQwMGFlZDgyYzY0YTBmMDEyNjdjYzVhZjRhMmU2MTcwNmMiLCJfYXV0aF91c2VyX2JhY2tlbmQiOiJkamFuZ28uY29udHJpYi5hdXRoLmJhY2tlbmRzLk1vZGVsQmFja2VuZCIsIl9hdXRoX3VzZXJfaWQiOiIxIn0=', '2018-05-31 04:56:16.432027'),
('599y2a6cu0k9pbk2rvrsa6nehnngdurd', 'MTcyNzAxYWViYzg0MTUwM2JjOGZjZDRmZjYwMjAxMzkxZjhiOGNlYTp7Il9hdXRoX3VzZXJfaGFzaCI6Ijc2MjEwNWQwMGFlZDgyYzY0YTBmMDEyNjdjYzVhZjRhMmU2MTcwNmMiLCJfYXV0aF91c2VyX2JhY2tlbmQiOiJkamFuZ28uY29udHJpYi5hdXRoLmJhY2tlbmRzLk1vZGVsQmFja2VuZCIsIl9hdXRoX3VzZXJfaWQiOiIxIn0=', '2018-05-18 17:17:30.280940'),
('59zx2rtzes3ociugagrw11jmbto3m5ta', 'MTcyNzAxYWViYzg0MTUwM2JjOGZjZDRmZjYwMjAxMzkxZjhiOGNlYTp7Il9hdXRoX3VzZXJfaGFzaCI6Ijc2MjEwNWQwMGFlZDgyYzY0YTBmMDEyNjdjYzVhZjRhMmU2MTcwNmMiLCJfYXV0aF91c2VyX2JhY2tlbmQiOiJkamFuZ28uY29udHJpYi5hdXRoLmJhY2tlbmRzLk1vZGVsQmFja2VuZCIsIl9hdXRoX3VzZXJfaWQiOiIxIn0=', '2018-04-04 05:30:34.511098'),
('5ccxpr7w1rn45el6fl4kvi1aunuf01p3', 'MTcyNzAxYWViYzg0MTUwM2JjOGZjZDRmZjYwMjAxMzkxZjhiOGNlYTp7Il9hdXRoX3VzZXJfaGFzaCI6Ijc2MjEwNWQwMGFlZDgyYzY0YTBmMDEyNjdjYzVhZjRhMmU2MTcwNmMiLCJfYXV0aF91c2VyX2JhY2tlbmQiOiJkamFuZ28uY29udHJpYi5hdXRoLmJhY2tlbmRzLk1vZGVsQmFja2VuZCIsIl9hdXRoX3VzZXJfaWQiOiIxIn0=', '2018-05-31 05:40:10.160137'),
('5ecff09o2flglxbazdmpghhnkl2y92j0', 'MTcyNzAxYWViYzg0MTUwM2JjOGZjZDRmZjYwMjAxMzkxZjhiOGNlYTp7Il9hdXRoX3VzZXJfaGFzaCI6Ijc2MjEwNWQwMGFlZDgyYzY0YTBmMDEyNjdjYzVhZjRhMmU2MTcwNmMiLCJfYXV0aF91c2VyX2JhY2tlbmQiOiJkamFuZ28uY29udHJpYi5hdXRoLmJhY2tlbmRzLk1vZGVsQmFja2VuZCIsIl9hdXRoX3VzZXJfaWQiOiIxIn0=', '2018-05-31 05:10:19.807244'),
('5es4brwc97pjugihac7inurzsfmcql5a', 'MTcyNzAxYWViYzg0MTUwM2JjOGZjZDRmZjYwMjAxMzkxZjhiOGNlYTp7Il9hdXRoX3VzZXJfaGFzaCI6Ijc2MjEwNWQwMGFlZDgyYzY0YTBmMDEyNjdjYzVhZjRhMmU2MTcwNmMiLCJfYXV0aF91c2VyX2JhY2tlbmQiOiJkamFuZ28uY29udHJpYi5hdXRoLmJhY2tlbmRzLk1vZGVsQmFja2VuZCIsIl9hdXRoX3VzZXJfaWQiOiIxIn0=', '2018-04-04 18:05:04.704754'),
('5f457iqsp6ytz2gd4re6o9l076kt865e', 'MTcyNzAxYWViYzg0MTUwM2JjOGZjZDRmZjYwMjAxMzkxZjhiOGNlYTp7Il9hdXRoX3VzZXJfaGFzaCI6Ijc2MjEwNWQwMGFlZDgyYzY0YTBmMDEyNjdjYzVhZjRhMmU2MTcwNmMiLCJfYXV0aF91c2VyX2JhY2tlbmQiOiJkamFuZ28uY29udHJpYi5hdXRoLmJhY2tlbmRzLk1vZGVsQmFja2VuZCIsIl9hdXRoX3VzZXJfaWQiOiIxIn0=', '2018-05-30 21:06:28.430823'),
('5hfa8e9kffb38u4zdq60t288tb6dz8j8', 'MTcyNzAxYWViYzg0MTUwM2JjOGZjZDRmZjYwMjAxMzkxZjhiOGNlYTp7Il9hdXRoX3VzZXJfaGFzaCI6Ijc2MjEwNWQwMGFlZDgyYzY0YTBmMDEyNjdjYzVhZjRhMmU2MTcwNmMiLCJfYXV0aF91c2VyX2JhY2tlbmQiOiJkamFuZ28uY29udHJpYi5hdXRoLmJhY2tlbmRzLk1vZGVsQmFja2VuZCIsIl9hdXRoX3VzZXJfaWQiOiIxIn0=', '2018-04-30 20:59:14.617136'),
('5i7xnl6sxd7dw8uydttaynjo74vqyhao', 'MTcyNzAxYWViYzg0MTUwM2JjOGZjZDRmZjYwMjAxMzkxZjhiOGNlYTp7Il9hdXRoX3VzZXJfaGFzaCI6Ijc2MjEwNWQwMGFlZDgyYzY0YTBmMDEyNjdjYzVhZjRhMmU2MTcwNmMiLCJfYXV0aF91c2VyX2JhY2tlbmQiOiJkamFuZ28uY29udHJpYi5hdXRoLmJhY2tlbmRzLk1vZGVsQmFja2VuZCIsIl9hdXRoX3VzZXJfaWQiOiIxIn0=', '2018-05-31 04:56:29.467495'),
('5j06m49duka0nl7j4a9bti23ugj01k13', 'MTcyNzAxYWViYzg0MTUwM2JjOGZjZDRmZjYwMjAxMzkxZjhiOGNlYTp7Il9hdXRoX3VzZXJfaGFzaCI6Ijc2MjEwNWQwMGFlZDgyYzY0YTBmMDEyNjdjYzVhZjRhMmU2MTcwNmMiLCJfYXV0aF91c2VyX2JhY2tlbmQiOiJkamFuZ28uY29udHJpYi5hdXRoLmJhY2tlbmRzLk1vZGVsQmFja2VuZCIsIl9hdXRoX3VzZXJfaWQiOiIxIn0=', '2018-05-30 21:16:57.352782'),
('5jsfvc3b8rfs2vgdeke2j9nfvssqnjur', 'MTcyNzAxYWViYzg0MTUwM2JjOGZjZDRmZjYwMjAxMzkxZjhiOGNlYTp7Il9hdXRoX3VzZXJfaGFzaCI6Ijc2MjEwNWQwMGFlZDgyYzY0YTBmMDEyNjdjYzVhZjRhMmU2MTcwNmMiLCJfYXV0aF91c2VyX2JhY2tlbmQiOiJkamFuZ28uY29udHJpYi5hdXRoLmJhY2tlbmRzLk1vZGVsQmFja2VuZCIsIl9hdXRoX3VzZXJfaWQiOiIxIn0=', '2018-05-31 17:15:10.638604'),
('5k2s58l1d79dn3d44p3x69hjc9qy22rj', 'MTcyNzAxYWViYzg0MTUwM2JjOGZjZDRmZjYwMjAxMzkxZjhiOGNlYTp7Il9hdXRoX3VzZXJfaGFzaCI6Ijc2MjEwNWQwMGFlZDgyYzY0YTBmMDEyNjdjYzVhZjRhMmU2MTcwNmMiLCJfYXV0aF91c2VyX2JhY2tlbmQiOiJkamFuZ28uY29udHJpYi5hdXRoLmJhY2tlbmRzLk1vZGVsQmFja2VuZCIsIl9hdXRoX3VzZXJfaWQiOiIxIn0=', '2018-04-04 18:54:29.170911'),
('5ldhcx8xlozus6u0lqrbfzqmde1tlzv0', 'MTcyNzAxYWViYzg0MTUwM2JjOGZjZDRmZjYwMjAxMzkxZjhiOGNlYTp7Il9hdXRoX3VzZXJfaGFzaCI6Ijc2MjEwNWQwMGFlZDgyYzY0YTBmMDEyNjdjYzVhZjRhMmU2MTcwNmMiLCJfYXV0aF91c2VyX2JhY2tlbmQiOiJkamFuZ28uY29udHJpYi5hdXRoLmJhY2tlbmRzLk1vZGVsQmFja2VuZCIsIl9hdXRoX3VzZXJfaWQiOiIxIn0=', '2018-05-31 04:56:23.515021'),
('5ljqsupq0k3x0rm6crgxtdh3pd7srwwa', 'MTcyNzAxYWViYzg0MTUwM2JjOGZjZDRmZjYwMjAxMzkxZjhiOGNlYTp7Il9hdXRoX3VzZXJfaGFzaCI6Ijc2MjEwNWQwMGFlZDgyYzY0YTBmMDEyNjdjYzVhZjRhMmU2MTcwNmMiLCJfYXV0aF91c2VyX2JhY2tlbmQiOiJkamFuZ28uY29udHJpYi5hdXRoLmJhY2tlbmRzLk1vZGVsQmFja2VuZCIsIl9hdXRoX3VzZXJfaWQiOiIxIn0=', '2018-05-31 04:48:07.467531'),
('5lmt9oz8hla1u3qem4gp6hd1hm2wyevr', 'MTcyNzAxYWViYzg0MTUwM2JjOGZjZDRmZjYwMjAxMzkxZjhiOGNlYTp7Il9hdXRoX3VzZXJfaGFzaCI6Ijc2MjEwNWQwMGFlZDgyYzY0YTBmMDEyNjdjYzVhZjRhMmU2MTcwNmMiLCJfYXV0aF91c2VyX2JhY2tlbmQiOiJkamFuZ28uY29udHJpYi5hdXRoLmJhY2tlbmRzLk1vZGVsQmFja2VuZCIsIl9hdXRoX3VzZXJfaWQiOiIxIn0=', '2018-04-30 21:48:14.695390'),
('5ngbko3xgr4za57nurae7xvejxtmr51e', 'MTcyNzAxYWViYzg0MTUwM2JjOGZjZDRmZjYwMjAxMzkxZjhiOGNlYTp7Il9hdXRoX3VzZXJfaGFzaCI6Ijc2MjEwNWQwMGFlZDgyYzY0YTBmMDEyNjdjYzVhZjRhMmU2MTcwNmMiLCJfYXV0aF91c2VyX2JhY2tlbmQiOiJkamFuZ28uY29udHJpYi5hdXRoLmJhY2tlbmRzLk1vZGVsQmFja2VuZCIsIl9hdXRoX3VzZXJfaWQiOiIxIn0=', '2018-04-30 21:50:30.727614'),
('5nhh71u3km9dktr3lrt7x7ei1scsqbmx', 'MTcyNzAxYWViYzg0MTUwM2JjOGZjZDRmZjYwMjAxMzkxZjhiOGNlYTp7Il9hdXRoX3VzZXJfaGFzaCI6Ijc2MjEwNWQwMGFlZDgyYzY0YTBmMDEyNjdjYzVhZjRhMmU2MTcwNmMiLCJfYXV0aF91c2VyX2JhY2tlbmQiOiJkamFuZ28uY29udHJpYi5hdXRoLmJhY2tlbmRzLk1vZGVsQmFja2VuZCIsIl9hdXRoX3VzZXJfaWQiOiIxIn0=', '2018-04-30 21:12:44.553165'),
('5nsi4gtpzwfzznw1h3a2qqjsbu5zz0ib', 'MTcyNzAxYWViYzg0MTUwM2JjOGZjZDRmZjYwMjAxMzkxZjhiOGNlYTp7Il9hdXRoX3VzZXJfaGFzaCI6Ijc2MjEwNWQwMGFlZDgyYzY0YTBmMDEyNjdjYzVhZjRhMmU2MTcwNmMiLCJfYXV0aF91c2VyX2JhY2tlbmQiOiJkamFuZ28uY29udHJpYi5hdXRoLmJhY2tlbmRzLk1vZGVsQmFja2VuZCIsIl9hdXRoX3VzZXJfaWQiOiIxIn0=', '2018-04-04 05:56:40.152003'),
('5nth6gk7j404udnlwmt33aap7jmzwxqm', 'MTcyNzAxYWViYzg0MTUwM2JjOGZjZDRmZjYwMjAxMzkxZjhiOGNlYTp7Il9hdXRoX3VzZXJfaGFzaCI6Ijc2MjEwNWQwMGFlZDgyYzY0YTBmMDEyNjdjYzVhZjRhMmU2MTcwNmMiLCJfYXV0aF91c2VyX2JhY2tlbmQiOiJkamFuZ28uY29udHJpYi5hdXRoLmJhY2tlbmRzLk1vZGVsQmFja2VuZCIsIl9hdXRoX3VzZXJfaWQiOiIxIn0=', '2018-04-30 22:03:56.373713'),
('5o2yoa3vass99vwcs93wfjwflls3ycs3', 'MTcyNzAxYWViYzg0MTUwM2JjOGZjZDRmZjYwMjAxMzkxZjhiOGNlYTp7Il9hdXRoX3VzZXJfaGFzaCI6Ijc2MjEwNWQwMGFlZDgyYzY0YTBmMDEyNjdjYzVhZjRhMmU2MTcwNmMiLCJfYXV0aF91c2VyX2JhY2tlbmQiOiJkamFuZ28uY29udHJpYi5hdXRoLmJhY2tlbmRzLk1vZGVsQmFja2VuZCIsIl9hdXRoX3VzZXJfaWQiOiIxIn0=', '2018-05-30 21:37:37.211141'),
('5o8nz7841iu6qyksjxft4xis3rhugxid', 'MTcyNzAxYWViYzg0MTUwM2JjOGZjZDRmZjYwMjAxMzkxZjhiOGNlYTp7Il9hdXRoX3VzZXJfaGFzaCI6Ijc2MjEwNWQwMGFlZDgyYzY0YTBmMDEyNjdjYzVhZjRhMmU2MTcwNmMiLCJfYXV0aF91c2VyX2JhY2tlbmQiOiJkamFuZ28uY29udHJpYi5hdXRoLmJhY2tlbmRzLk1vZGVsQmFja2VuZCIsIl9hdXRoX3VzZXJfaWQiOiIxIn0=', '2018-04-30 22:07:51.816234'),
('5ovjutiletyccjuz917aajakgdcwn9lu', 'MTcyNzAxYWViYzg0MTUwM2JjOGZjZDRmZjYwMjAxMzkxZjhiOGNlYTp7Il9hdXRoX3VzZXJfaGFzaCI6Ijc2MjEwNWQwMGFlZDgyYzY0YTBmMDEyNjdjYzVhZjRhMmU2MTcwNmMiLCJfYXV0aF91c2VyX2JhY2tlbmQiOiJkamFuZ28uY29udHJpYi5hdXRoLmJhY2tlbmRzLk1vZGVsQmFja2VuZCIsIl9hdXRoX3VzZXJfaWQiOiIxIn0=', '2018-05-01 03:22:53.103416'),
('5pbad5fzfctnnjibjn1uy72demyghshs', 'MTcyNzAxYWViYzg0MTUwM2JjOGZjZDRmZjYwMjAxMzkxZjhiOGNlYTp7Il9hdXRoX3VzZXJfaGFzaCI6Ijc2MjEwNWQwMGFlZDgyYzY0YTBmMDEyNjdjYzVhZjRhMmU2MTcwNmMiLCJfYXV0aF91c2VyX2JhY2tlbmQiOiJkamFuZ28uY29udHJpYi5hdXRoLmJhY2tlbmRzLk1vZGVsQmFja2VuZCIsIl9hdXRoX3VzZXJfaWQiOiIxIn0=', '2018-05-18 17:33:26.239529'),
('5ppx68nh6wy3twd9dt91vzozld1erzz9', 'MTcyNzAxYWViYzg0MTUwM2JjOGZjZDRmZjYwMjAxMzkxZjhiOGNlYTp7Il9hdXRoX3VzZXJfaGFzaCI6Ijc2MjEwNWQwMGFlZDgyYzY0YTBmMDEyNjdjYzVhZjRhMmU2MTcwNmMiLCJfYXV0aF91c2VyX2JhY2tlbmQiOiJkamFuZ28uY29udHJpYi5hdXRoLmJhY2tlbmRzLk1vZGVsQmFja2VuZCIsIl9hdXRoX3VzZXJfaWQiOiIxIn0=', '2018-05-31 16:28:29.498078'),
('5qxcagyzio52oqng3amw72sm9w1y1gie', 'MTcyNzAxYWViYzg0MTUwM2JjOGZjZDRmZjYwMjAxMzkxZjhiOGNlYTp7Il9hdXRoX3VzZXJfaGFzaCI6Ijc2MjEwNWQwMGFlZDgyYzY0YTBmMDEyNjdjYzVhZjRhMmU2MTcwNmMiLCJfYXV0aF91c2VyX2JhY2tlbmQiOiJkamFuZ28uY29udHJpYi5hdXRoLmJhY2tlbmRzLk1vZGVsQmFja2VuZCIsIl9hdXRoX3VzZXJfaWQiOiIxIn0=', '2018-05-01 03:27:10.316907'),
('5shgew14n58syy4h1p03vqak5d7vog0y', 'MTcyNzAxYWViYzg0MTUwM2JjOGZjZDRmZjYwMjAxMzkxZjhiOGNlYTp7Il9hdXRoX3VzZXJfaGFzaCI6Ijc2MjEwNWQwMGFlZDgyYzY0YTBmMDEyNjdjYzVhZjRhMmU2MTcwNmMiLCJfYXV0aF91c2VyX2JhY2tlbmQiOiJkamFuZ28uY29udHJpYi5hdXRoLmJhY2tlbmRzLk1vZGVsQmFja2VuZCIsIl9hdXRoX3VzZXJfaWQiOiIxIn0=', '2018-05-01 03:51:45.801868'),
('5tyjaokcch6aqyyagtfuqqli0ma3yl0x', 'MTcyNzAxYWViYzg0MTUwM2JjOGZjZDRmZjYwMjAxMzkxZjhiOGNlYTp7Il9hdXRoX3VzZXJfaGFzaCI6Ijc2MjEwNWQwMGFlZDgyYzY0YTBmMDEyNjdjYzVhZjRhMmU2MTcwNmMiLCJfYXV0aF91c2VyX2JhY2tlbmQiOiJkamFuZ28uY29udHJpYi5hdXRoLmJhY2tlbmRzLk1vZGVsQmFja2VuZCIsIl9hdXRoX3VzZXJfaWQiOiIxIn0=', '2018-05-01 03:48:39.984210'),
('5uu1g8450a9rdqg7xw1tbnpmt7slguyb', 'MTcyNzAxYWViYzg0MTUwM2JjOGZjZDRmZjYwMjAxMzkxZjhiOGNlYTp7Il9hdXRoX3VzZXJfaGFzaCI6Ijc2MjEwNWQwMGFlZDgyYzY0YTBmMDEyNjdjYzVhZjRhMmU2MTcwNmMiLCJfYXV0aF91c2VyX2JhY2tlbmQiOiJkamFuZ28uY29udHJpYi5hdXRoLmJhY2tlbmRzLk1vZGVsQmFja2VuZCIsIl9hdXRoX3VzZXJfaWQiOiIxIn0=', '2018-04-04 18:05:24.569097'),
('5uulsh6vltltv1s4cov632ofnto0c76e', 'MTcyNzAxYWViYzg0MTUwM2JjOGZjZDRmZjYwMjAxMzkxZjhiOGNlYTp7Il9hdXRoX3VzZXJfaGFzaCI6Ijc2MjEwNWQwMGFlZDgyYzY0YTBmMDEyNjdjYzVhZjRhMmU2MTcwNmMiLCJfYXV0aF91c2VyX2JhY2tlbmQiOiJkamFuZ28uY29udHJpYi5hdXRoLmJhY2tlbmRzLk1vZGVsQmFja2VuZCIsIl9hdXRoX3VzZXJfaWQiOiIxIn0=', '2018-05-31 05:00:59.905829'),
('5uzhrj0ouvktae44nv45gldppp79ruep', 'MTcyNzAxYWViYzg0MTUwM2JjOGZjZDRmZjYwMjAxMzkxZjhiOGNlYTp7Il9hdXRoX3VzZXJfaGFzaCI6Ijc2MjEwNWQwMGFlZDgyYzY0YTBmMDEyNjdjYzVhZjRhMmU2MTcwNmMiLCJfYXV0aF91c2VyX2JhY2tlbmQiOiJkamFuZ28uY29udHJpYi5hdXRoLmJhY2tlbmRzLk1vZGVsQmFja2VuZCIsIl9hdXRoX3VzZXJfaWQiOiIxIn0=', '2018-04-30 20:09:42.796935'),
('5v5xchwjv95s6vs5e96y5fc5pikt14dp', 'MTcyNzAxYWViYzg0MTUwM2JjOGZjZDRmZjYwMjAxMzkxZjhiOGNlYTp7Il9hdXRoX3VzZXJfaGFzaCI6Ijc2MjEwNWQwMGFlZDgyYzY0YTBmMDEyNjdjYzVhZjRhMmU2MTcwNmMiLCJfYXV0aF91c2VyX2JhY2tlbmQiOiJkamFuZ28uY29udHJpYi5hdXRoLmJhY2tlbmRzLk1vZGVsQmFja2VuZCIsIl9hdXRoX3VzZXJfaWQiOiIxIn0=', '2018-04-06 02:48:45.755422'),
('5vv2wsjdnpknhvuejq75nl9b8q1uy9au', 'MTcyNzAxYWViYzg0MTUwM2JjOGZjZDRmZjYwMjAxMzkxZjhiOGNlYTp7Il9hdXRoX3VzZXJfaGFzaCI6Ijc2MjEwNWQwMGFlZDgyYzY0YTBmMDEyNjdjYzVhZjRhMmU2MTcwNmMiLCJfYXV0aF91c2VyX2JhY2tlbmQiOiJkamFuZ28uY29udHJpYi5hdXRoLmJhY2tlbmRzLk1vZGVsQmFja2VuZCIsIl9hdXRoX3VzZXJfaWQiOiIxIn0=', '2018-04-30 20:31:53.544802'),
('5wyn8mm4f1yugzpj40u3h01e5i8h5ibj', 'MTcyNzAxYWViYzg0MTUwM2JjOGZjZDRmZjYwMjAxMzkxZjhiOGNlYTp7Il9hdXRoX3VzZXJfaGFzaCI6Ijc2MjEwNWQwMGFlZDgyYzY0YTBmMDEyNjdjYzVhZjRhMmU2MTcwNmMiLCJfYXV0aF91c2VyX2JhY2tlbmQiOiJkamFuZ28uY29udHJpYi5hdXRoLmJhY2tlbmRzLk1vZGVsQmFja2VuZCIsIl9hdXRoX3VzZXJfaWQiOiIxIn0=', '2018-05-31 04:52:53.006645'),
('5xhxhxl4w5upyh1hzpvtqvggiix4uutu', 'MTcyNzAxYWViYzg0MTUwM2JjOGZjZDRmZjYwMjAxMzkxZjhiOGNlYTp7Il9hdXRoX3VzZXJfaGFzaCI6Ijc2MjEwNWQwMGFlZDgyYzY0YTBmMDEyNjdjYzVhZjRhMmU2MTcwNmMiLCJfYXV0aF91c2VyX2JhY2tlbmQiOiJkamFuZ28uY29udHJpYi5hdXRoLmJhY2tlbmRzLk1vZGVsQmFja2VuZCIsIl9hdXRoX3VzZXJfaWQiOiIxIn0=', '2018-05-31 18:03:23.075140'),
('5xw2msv26lxbb43ahoq0f907z1bvcl4t', 'MTcyNzAxYWViYzg0MTUwM2JjOGZjZDRmZjYwMjAxMzkxZjhiOGNlYTp7Il9hdXRoX3VzZXJfaGFzaCI6Ijc2MjEwNWQwMGFlZDgyYzY0YTBmMDEyNjdjYzVhZjRhMmU2MTcwNmMiLCJfYXV0aF91c2VyX2JhY2tlbmQiOiJkamFuZ28uY29udHJpYi5hdXRoLmJhY2tlbmRzLk1vZGVsQmFja2VuZCIsIl9hdXRoX3VzZXJfaWQiOiIxIn0=', '2018-04-30 20:42:07.275830'),
('5y27909iy2bm2fxn4cwzd9shrg0a0ige', 'MTcyNzAxYWViYzg0MTUwM2JjOGZjZDRmZjYwMjAxMzkxZjhiOGNlYTp7Il9hdXRoX3VzZXJfaGFzaCI6Ijc2MjEwNWQwMGFlZDgyYzY0YTBmMDEyNjdjYzVhZjRhMmU2MTcwNmMiLCJfYXV0aF91c2VyX2JhY2tlbmQiOiJkamFuZ28uY29udHJpYi5hdXRoLmJhY2tlbmRzLk1vZGVsQmFja2VuZCIsIl9hdXRoX3VzZXJfaWQiOiIxIn0=', '2018-05-31 17:30:34.757904'),
('5z0j7dhbqoqywa68k6txm4d8blr8akzs', 'MTcyNzAxYWViYzg0MTUwM2JjOGZjZDRmZjYwMjAxMzkxZjhiOGNlYTp7Il9hdXRoX3VzZXJfaGFzaCI6Ijc2MjEwNWQwMGFlZDgyYzY0YTBmMDEyNjdjYzVhZjRhMmU2MTcwNmMiLCJfYXV0aF91c2VyX2JhY2tlbmQiOiJkamFuZ28uY29udHJpYi5hdXRoLmJhY2tlbmRzLk1vZGVsQmFja2VuZCIsIl9hdXRoX3VzZXJfaWQiOiIxIn0=', '2018-05-31 05:11:21.225765'),
('5zzusihlggdn8jzqhu6v2cx9ex0slozw', 'MTcyNzAxYWViYzg0MTUwM2JjOGZjZDRmZjYwMjAxMzkxZjhiOGNlYTp7Il9hdXRoX3VzZXJfaGFzaCI6Ijc2MjEwNWQwMGFlZDgyYzY0YTBmMDEyNjdjYzVhZjRhMmU2MTcwNmMiLCJfYXV0aF91c2VyX2JhY2tlbmQiOiJkamFuZ28uY29udHJpYi5hdXRoLmJhY2tlbmRzLk1vZGVsQmFja2VuZCIsIl9hdXRoX3VzZXJfaWQiOiIxIn0=', '2018-04-04 18:54:41.778088'),
('605y0llekr9aa3n4vrklsvthit5eujnu', 'MTcyNzAxYWViYzg0MTUwM2JjOGZjZDRmZjYwMjAxMzkxZjhiOGNlYTp7Il9hdXRoX3VzZXJfaGFzaCI6Ijc2MjEwNWQwMGFlZDgyYzY0YTBmMDEyNjdjYzVhZjRhMmU2MTcwNmMiLCJfYXV0aF91c2VyX2JhY2tlbmQiOiJkamFuZ28uY29udHJpYi5hdXRoLmJhY2tlbmRzLk1vZGVsQmFja2VuZCIsIl9hdXRoX3VzZXJfaWQiOiIxIn0=', '2018-04-30 21:59:45.145206'),
('60vl6vayskfw8fiy6duhsobkgwetao0b', 'MTcyNzAxYWViYzg0MTUwM2JjOGZjZDRmZjYwMjAxMzkxZjhiOGNlYTp7Il9hdXRoX3VzZXJfaGFzaCI6Ijc2MjEwNWQwMGFlZDgyYzY0YTBmMDEyNjdjYzVhZjRhMmU2MTcwNmMiLCJfYXV0aF91c2VyX2JhY2tlbmQiOiJkamFuZ28uY29udHJpYi5hdXRoLmJhY2tlbmRzLk1vZGVsQmFja2VuZCIsIl9hdXRoX3VzZXJfaWQiOiIxIn0=', '2018-04-30 20:26:37.417806'),
('61u6koe8lerofs9sup8nzzymvvyl67t2', 'MTcyNzAxYWViYzg0MTUwM2JjOGZjZDRmZjYwMjAxMzkxZjhiOGNlYTp7Il9hdXRoX3VzZXJfaGFzaCI6Ijc2MjEwNWQwMGFlZDgyYzY0YTBmMDEyNjdjYzVhZjRhMmU2MTcwNmMiLCJfYXV0aF91c2VyX2JhY2tlbmQiOiJkamFuZ28uY29udHJpYi5hdXRoLmJhY2tlbmRzLk1vZGVsQmFja2VuZCIsIl9hdXRoX3VzZXJfaWQiOiIxIn0=', '2018-04-30 21:16:33.026026'),
('621fnecyl6iu843h2p8tod4qoewhay78', 'MTcyNzAxYWViYzg0MTUwM2JjOGZjZDRmZjYwMjAxMzkxZjhiOGNlYTp7Il9hdXRoX3VzZXJfaGFzaCI6Ijc2MjEwNWQwMGFlZDgyYzY0YTBmMDEyNjdjYzVhZjRhMmU2MTcwNmMiLCJfYXV0aF91c2VyX2JhY2tlbmQiOiJkamFuZ28uY29udHJpYi5hdXRoLmJhY2tlbmRzLk1vZGVsQmFja2VuZCIsIl9hdXRoX3VzZXJfaWQiOiIxIn0=', '2018-04-30 20:01:02.645384'),
('625stamagbclu3v2gzzxa421rctt965z', 'MTcyNzAxYWViYzg0MTUwM2JjOGZjZDRmZjYwMjAxMzkxZjhiOGNlYTp7Il9hdXRoX3VzZXJfaGFzaCI6Ijc2MjEwNWQwMGFlZDgyYzY0YTBmMDEyNjdjYzVhZjRhMmU2MTcwNmMiLCJfYXV0aF91c2VyX2JhY2tlbmQiOiJkamFuZ28uY29udHJpYi5hdXRoLmJhY2tlbmRzLk1vZGVsQmFja2VuZCIsIl9hdXRoX3VzZXJfaWQiOiIxIn0=', '2018-04-30 20:09:59.984219'),
('62cqqbcg3vlukslsmz9wv25a0jcy7nwq', 'MTcyNzAxYWViYzg0MTUwM2JjOGZjZDRmZjYwMjAxMzkxZjhiOGNlYTp7Il9hdXRoX3VzZXJfaGFzaCI6Ijc2MjEwNWQwMGFlZDgyYzY0YTBmMDEyNjdjYzVhZjRhMmU2MTcwNmMiLCJfYXV0aF91c2VyX2JhY2tlbmQiOiJkamFuZ28uY29udHJpYi5hdXRoLmJhY2tlbmRzLk1vZGVsQmFja2VuZCIsIl9hdXRoX3VzZXJfaWQiOiIxIn0=', '2018-04-30 21:41:51.172611'),
('64als2ua498qnp87jammlg239xqze9ni', 'MTcyNzAxYWViYzg0MTUwM2JjOGZjZDRmZjYwMjAxMzkxZjhiOGNlYTp7Il9hdXRoX3VzZXJfaGFzaCI6Ijc2MjEwNWQwMGFlZDgyYzY0YTBmMDEyNjdjYzVhZjRhMmU2MTcwNmMiLCJfYXV0aF91c2VyX2JhY2tlbmQiOiJkamFuZ28uY29udHJpYi5hdXRoLmJhY2tlbmRzLk1vZGVsQmFja2VuZCIsIl9hdXRoX3VzZXJfaWQiOiIxIn0=', '2018-05-01 03:18:35.067612'),
('6508jyqaxoffphjour69mk8vu22rx7cg', 'MTcyNzAxYWViYzg0MTUwM2JjOGZjZDRmZjYwMjAxMzkxZjhiOGNlYTp7Il9hdXRoX3VzZXJfaGFzaCI6Ijc2MjEwNWQwMGFlZDgyYzY0YTBmMDEyNjdjYzVhZjRhMmU2MTcwNmMiLCJfYXV0aF91c2VyX2JhY2tlbmQiOiJkamFuZ28uY29udHJpYi5hdXRoLmJhY2tlbmRzLk1vZGVsQmFja2VuZCIsIl9hdXRoX3VzZXJfaWQiOiIxIn0=', '2018-04-23 07:07:48.606074'),
('659629z3l10t794y24e985zpqd4uf9b6', 'MTcyNzAxYWViYzg0MTUwM2JjOGZjZDRmZjYwMjAxMzkxZjhiOGNlYTp7Il9hdXRoX3VzZXJfaGFzaCI6Ijc2MjEwNWQwMGFlZDgyYzY0YTBmMDEyNjdjYzVhZjRhMmU2MTcwNmMiLCJfYXV0aF91c2VyX2JhY2tlbmQiOiJkamFuZ28uY29udHJpYi5hdXRoLmJhY2tlbmRzLk1vZGVsQmFja2VuZCIsIl9hdXRoX3VzZXJfaWQiOiIxIn0=', '2018-04-30 21:58:51.969942'),
('65iqtclwn3v88j4ra641q2w8xu1d7h1k', 'MTcyNzAxYWViYzg0MTUwM2JjOGZjZDRmZjYwMjAxMzkxZjhiOGNlYTp7Il9hdXRoX3VzZXJfaGFzaCI6Ijc2MjEwNWQwMGFlZDgyYzY0YTBmMDEyNjdjYzVhZjRhMmU2MTcwNmMiLCJfYXV0aF91c2VyX2JhY2tlbmQiOiJkamFuZ28uY29udHJpYi5hdXRoLmJhY2tlbmRzLk1vZGVsQmFja2VuZCIsIl9hdXRoX3VzZXJfaWQiOiIxIn0=', '2018-04-30 21:56:16.225655'),
('65ma56ciu3z91mdfie4rf2gfcfzzb5yl', 'MTcyNzAxYWViYzg0MTUwM2JjOGZjZDRmZjYwMjAxMzkxZjhiOGNlYTp7Il9hdXRoX3VzZXJfaGFzaCI6Ijc2MjEwNWQwMGFlZDgyYzY0YTBmMDEyNjdjYzVhZjRhMmU2MTcwNmMiLCJfYXV0aF91c2VyX2JhY2tlbmQiOiJkamFuZ28uY29udHJpYi5hdXRoLmJhY2tlbmRzLk1vZGVsQmFja2VuZCIsIl9hdXRoX3VzZXJfaWQiOiIxIn0=', '2018-04-30 21:42:28.031672'),
('65oqdpbuvue5ckvmbixv5zb5cl575txk', 'MTcyNzAxYWViYzg0MTUwM2JjOGZjZDRmZjYwMjAxMzkxZjhiOGNlYTp7Il9hdXRoX3VzZXJfaGFzaCI6Ijc2MjEwNWQwMGFlZDgyYzY0YTBmMDEyNjdjYzVhZjRhMmU2MTcwNmMiLCJfYXV0aF91c2VyX2JhY2tlbmQiOiJkamFuZ28uY29udHJpYi5hdXRoLmJhY2tlbmRzLk1vZGVsQmFja2VuZCIsIl9hdXRoX3VzZXJfaWQiOiIxIn0=', '2018-04-30 20:42:12.837794'),
('65ycn7cxqac9c2wsw76ai0s9zm3s0q5v', 'MTcyNzAxYWViYzg0MTUwM2JjOGZjZDRmZjYwMjAxMzkxZjhiOGNlYTp7Il9hdXRoX3VzZXJfaGFzaCI6Ijc2MjEwNWQwMGFlZDgyYzY0YTBmMDEyNjdjYzVhZjRhMmU2MTcwNmMiLCJfYXV0aF91c2VyX2JhY2tlbmQiOiJkamFuZ28uY29udHJpYi5hdXRoLmJhY2tlbmRzLk1vZGVsQmFja2VuZCIsIl9hdXRoX3VzZXJfaWQiOiIxIn0=', '2018-04-30 20:00:40.150592'),
('66vwww3uqpxc7l20ea4f5agnv8x9jdtf', 'MTcyNzAxYWViYzg0MTUwM2JjOGZjZDRmZjYwMjAxMzkxZjhiOGNlYTp7Il9hdXRoX3VzZXJfaGFzaCI6Ijc2MjEwNWQwMGFlZDgyYzY0YTBmMDEyNjdjYzVhZjRhMmU2MTcwNmMiLCJfYXV0aF91c2VyX2JhY2tlbmQiOiJkamFuZ28uY29udHJpYi5hdXRoLmJhY2tlbmRzLk1vZGVsQmFja2VuZCIsIl9hdXRoX3VzZXJfaWQiOiIxIn0=', '2018-05-31 04:52:40.094948'),
('6avqi2zyvegshck94lrl87cxtvgk1w6p', 'MTcyNzAxYWViYzg0MTUwM2JjOGZjZDRmZjYwMjAxMzkxZjhiOGNlYTp7Il9hdXRoX3VzZXJfaGFzaCI6Ijc2MjEwNWQwMGFlZDgyYzY0YTBmMDEyNjdjYzVhZjRhMmU2MTcwNmMiLCJfYXV0aF91c2VyX2JhY2tlbmQiOiJkamFuZ28uY29udHJpYi5hdXRoLmJhY2tlbmRzLk1vZGVsQmFja2VuZCIsIl9hdXRoX3VzZXJfaWQiOiIxIn0=', '2018-05-01 03:19:23.492977'),
('6b30tbh3mntl4ozxdauf4cg56kq5odf5', 'MTcyNzAxYWViYzg0MTUwM2JjOGZjZDRmZjYwMjAxMzkxZjhiOGNlYTp7Il9hdXRoX3VzZXJfaGFzaCI6Ijc2MjEwNWQwMGFlZDgyYzY0YTBmMDEyNjdjYzVhZjRhMmU2MTcwNmMiLCJfYXV0aF91c2VyX2JhY2tlbmQiOiJkamFuZ28uY29udHJpYi5hdXRoLmJhY2tlbmRzLk1vZGVsQmFja2VuZCIsIl9hdXRoX3VzZXJfaWQiOiIxIn0=', '2018-05-18 17:34:45.932586'),
('6b41lm2objyhbsnqg17azoftied1ti5h', 'MTcyNzAxYWViYzg0MTUwM2JjOGZjZDRmZjYwMjAxMzkxZjhiOGNlYTp7Il9hdXRoX3VzZXJfaGFzaCI6Ijc2MjEwNWQwMGFlZDgyYzY0YTBmMDEyNjdjYzVhZjRhMmU2MTcwNmMiLCJfYXV0aF91c2VyX2JhY2tlbmQiOiJkamFuZ28uY29udHJpYi5hdXRoLmJhY2tlbmRzLk1vZGVsQmFja2VuZCIsIl9hdXRoX3VzZXJfaWQiOiIxIn0=', '2018-05-31 05:22:39.861379'),
('6b5fem7t9kjyqif6s47cgbdzzgaa8cdw', 'MTcyNzAxYWViYzg0MTUwM2JjOGZjZDRmZjYwMjAxMzkxZjhiOGNlYTp7Il9hdXRoX3VzZXJfaGFzaCI6Ijc2MjEwNWQwMGFlZDgyYzY0YTBmMDEyNjdjYzVhZjRhMmU2MTcwNmMiLCJfYXV0aF91c2VyX2JhY2tlbmQiOiJkamFuZ28uY29udHJpYi5hdXRoLmJhY2tlbmRzLk1vZGVsQmFja2VuZCIsIl9hdXRoX3VzZXJfaWQiOiIxIn0=', '2018-05-18 19:24:36.751697'),
('6cw3vsvbrplx0wb1owi3dr53bwf06s5k', 'MTcyNzAxYWViYzg0MTUwM2JjOGZjZDRmZjYwMjAxMzkxZjhiOGNlYTp7Il9hdXRoX3VzZXJfaGFzaCI6Ijc2MjEwNWQwMGFlZDgyYzY0YTBmMDEyNjdjYzVhZjRhMmU2MTcwNmMiLCJfYXV0aF91c2VyX2JhY2tlbmQiOiJkamFuZ28uY29udHJpYi5hdXRoLmJhY2tlbmRzLk1vZGVsQmFja2VuZCIsIl9hdXRoX3VzZXJfaWQiOiIxIn0=', '2018-04-30 21:12:34.893542'),
('6da8ucjpr2fhmm0w2hixzykxyy4rot0r', 'MTcyNzAxYWViYzg0MTUwM2JjOGZjZDRmZjYwMjAxMzkxZjhiOGNlYTp7Il9hdXRoX3VzZXJfaGFzaCI6Ijc2MjEwNWQwMGFlZDgyYzY0YTBmMDEyNjdjYzVhZjRhMmU2MTcwNmMiLCJfYXV0aF91c2VyX2JhY2tlbmQiOiJkamFuZ28uY29udHJpYi5hdXRoLmJhY2tlbmRzLk1vZGVsQmFja2VuZCIsIl9hdXRoX3VzZXJfaWQiOiIxIn0=', '2018-04-30 20:25:51.855479'),
('6dyxlrmv0op6dmsyulichoz3kx23bdvc', 'MTcyNzAxYWViYzg0MTUwM2JjOGZjZDRmZjYwMjAxMzkxZjhiOGNlYTp7Il9hdXRoX3VzZXJfaGFzaCI6Ijc2MjEwNWQwMGFlZDgyYzY0YTBmMDEyNjdjYzVhZjRhMmU2MTcwNmMiLCJfYXV0aF91c2VyX2JhY2tlbmQiOiJkamFuZ28uY29udHJpYi5hdXRoLmJhY2tlbmRzLk1vZGVsQmFja2VuZCIsIl9hdXRoX3VzZXJfaWQiOiIxIn0=', '2018-04-02 23:00:55.282385'),
('6e9zajan1jwmho10pejxiyvnbi24rhyy', 'MTcyNzAxYWViYzg0MTUwM2JjOGZjZDRmZjYwMjAxMzkxZjhiOGNlYTp7Il9hdXRoX3VzZXJfaGFzaCI6Ijc2MjEwNWQwMGFlZDgyYzY0YTBmMDEyNjdjYzVhZjRhMmU2MTcwNmMiLCJfYXV0aF91c2VyX2JhY2tlbmQiOiJkamFuZ28uY29udHJpYi5hdXRoLmJhY2tlbmRzLk1vZGVsQmFja2VuZCIsIl9hdXRoX3VzZXJfaWQiOiIxIn0=', '2018-05-01 03:49:43.646147'),
('6ei5tt3mj6mnjrzkpxxulntnor8fd6s0', 'MTcyNzAxYWViYzg0MTUwM2JjOGZjZDRmZjYwMjAxMzkxZjhiOGNlYTp7Il9hdXRoX3VzZXJfaGFzaCI6Ijc2MjEwNWQwMGFlZDgyYzY0YTBmMDEyNjdjYzVhZjRhMmU2MTcwNmMiLCJfYXV0aF91c2VyX2JhY2tlbmQiOiJkamFuZ28uY29udHJpYi5hdXRoLmJhY2tlbmRzLk1vZGVsQmFja2VuZCIsIl9hdXRoX3VzZXJfaWQiOiIxIn0=', '2018-05-31 03:39:12.019666'),
('6ewnw0iljuyf7w1hotntmzy74uq372gu', 'MTcyNzAxYWViYzg0MTUwM2JjOGZjZDRmZjYwMjAxMzkxZjhiOGNlYTp7Il9hdXRoX3VzZXJfaGFzaCI6Ijc2MjEwNWQwMGFlZDgyYzY0YTBmMDEyNjdjYzVhZjRhMmU2MTcwNmMiLCJfYXV0aF91c2VyX2JhY2tlbmQiOiJkamFuZ28uY29udHJpYi5hdXRoLmJhY2tlbmRzLk1vZGVsQmFja2VuZCIsIl9hdXRoX3VzZXJfaWQiOiIxIn0=', '2018-05-31 04:50:34.344347'),
('6fgjm5hdz1a4z2aew2qtqjybwlpk25ej', 'MTcyNzAxYWViYzg0MTUwM2JjOGZjZDRmZjYwMjAxMzkxZjhiOGNlYTp7Il9hdXRoX3VzZXJfaGFzaCI6Ijc2MjEwNWQwMGFlZDgyYzY0YTBmMDEyNjdjYzVhZjRhMmU2MTcwNmMiLCJfYXV0aF91c2VyX2JhY2tlbmQiOiJkamFuZ28uY29udHJpYi5hdXRoLmJhY2tlbmRzLk1vZGVsQmFja2VuZCIsIl9hdXRoX3VzZXJfaWQiOiIxIn0=', '2018-05-31 05:32:29.882821'),
('6fnhpnis5fjrtlmm8915hu5ie20d6lmk', 'MTcyNzAxYWViYzg0MTUwM2JjOGZjZDRmZjYwMjAxMzkxZjhiOGNlYTp7Il9hdXRoX3VzZXJfaGFzaCI6Ijc2MjEwNWQwMGFlZDgyYzY0YTBmMDEyNjdjYzVhZjRhMmU2MTcwNmMiLCJfYXV0aF91c2VyX2JhY2tlbmQiOiJkamFuZ28uY29udHJpYi5hdXRoLmJhY2tlbmRzLk1vZGVsQmFja2VuZCIsIl9hdXRoX3VzZXJfaWQiOiIxIn0=', '2018-05-31 18:31:36.572071'),
('6gaexmwnbt6eujrbman7q1pd6mogo7ot', 'MTcyNzAxYWViYzg0MTUwM2JjOGZjZDRmZjYwMjAxMzkxZjhiOGNlYTp7Il9hdXRoX3VzZXJfaGFzaCI6Ijc2MjEwNWQwMGFlZDgyYzY0YTBmMDEyNjdjYzVhZjRhMmU2MTcwNmMiLCJfYXV0aF91c2VyX2JhY2tlbmQiOiJkamFuZ28uY29udHJpYi5hdXRoLmJhY2tlbmRzLk1vZGVsQmFja2VuZCIsIl9hdXRoX3VzZXJfaWQiOiIxIn0=', '2018-04-30 19:57:56.381660'),
('6haxejsnmr0eaqdl38cdani4qjnznufa', 'MTcyNzAxYWViYzg0MTUwM2JjOGZjZDRmZjYwMjAxMzkxZjhiOGNlYTp7Il9hdXRoX3VzZXJfaGFzaCI6Ijc2MjEwNWQwMGFlZDgyYzY0YTBmMDEyNjdjYzVhZjRhMmU2MTcwNmMiLCJfYXV0aF91c2VyX2JhY2tlbmQiOiJkamFuZ28uY29udHJpYi5hdXRoLmJhY2tlbmRzLk1vZGVsQmFja2VuZCIsIl9hdXRoX3VzZXJfaWQiOiIxIn0=', '2018-05-01 03:18:59.581550'),
('6hpmxe0lgurq2et0l5pmadjo117q0s4s', 'MTcyNzAxYWViYzg0MTUwM2JjOGZjZDRmZjYwMjAxMzkxZjhiOGNlYTp7Il9hdXRoX3VzZXJfaGFzaCI6Ijc2MjEwNWQwMGFlZDgyYzY0YTBmMDEyNjdjYzVhZjRhMmU2MTcwNmMiLCJfYXV0aF91c2VyX2JhY2tlbmQiOiJkamFuZ28uY29udHJpYi5hdXRoLmJhY2tlbmRzLk1vZGVsQmFja2VuZCIsIl9hdXRoX3VzZXJfaWQiOiIxIn0=', '2018-05-31 05:48:08.605955'),
('6iw2v7lmnkapq0k12lpespp9qfc1kzlr', 'MTcyNzAxYWViYzg0MTUwM2JjOGZjZDRmZjYwMjAxMzkxZjhiOGNlYTp7Il9hdXRoX3VzZXJfaGFzaCI6Ijc2MjEwNWQwMGFlZDgyYzY0YTBmMDEyNjdjYzVhZjRhMmU2MTcwNmMiLCJfYXV0aF91c2VyX2JhY2tlbmQiOiJkamFuZ28uY29udHJpYi5hdXRoLmJhY2tlbmRzLk1vZGVsQmFja2VuZCIsIl9hdXRoX3VzZXJfaWQiOiIxIn0=', '2018-04-04 18:07:24.061740'),
('6izsy2gpvir0koed0q9njikx3v2qyqfk', 'MTcyNzAxYWViYzg0MTUwM2JjOGZjZDRmZjYwMjAxMzkxZjhiOGNlYTp7Il9hdXRoX3VzZXJfaGFzaCI6Ijc2MjEwNWQwMGFlZDgyYzY0YTBmMDEyNjdjYzVhZjRhMmU2MTcwNmMiLCJfYXV0aF91c2VyX2JhY2tlbmQiOiJkamFuZ28uY29udHJpYi5hdXRoLmJhY2tlbmRzLk1vZGVsQmFja2VuZCIsIl9hdXRoX3VzZXJfaWQiOiIxIn0=', '2018-05-31 05:11:44.714973'),
('6jez2qlhanddhioyeio8sa766e5kixqm', 'MTcyNzAxYWViYzg0MTUwM2JjOGZjZDRmZjYwMjAxMzkxZjhiOGNlYTp7Il9hdXRoX3VzZXJfaGFzaCI6Ijc2MjEwNWQwMGFlZDgyYzY0YTBmMDEyNjdjYzVhZjRhMmU2MTcwNmMiLCJfYXV0aF91c2VyX2JhY2tlbmQiOiJkamFuZ28uY29udHJpYi5hdXRoLmJhY2tlbmRzLk1vZGVsQmFja2VuZCIsIl9hdXRoX3VzZXJfaWQiOiIxIn0=', '2018-05-01 03:46:14.949517'),
('6jqur0j7agh9yd2wec0p0nutxto4cipj', 'M2M3ZTcwMDY3YzczMzk3MzE1ZDM4ZmRlNzhhYTk5MDM0NzkwNzVlYTp7Il9hdXRoX3VzZXJfaGFzaCI6IjIxMzI0MzllOGMzODY3OGQ0NGQ0ZTk2ODUzNDg4YzhlNDJhMWNlYjUiLCJfYXV0aF91c2VyX2JhY2tlbmQiOiJkamFuZ28uY29udHJpYi5hdXRoLmJhY2tlbmRzLk1vZGVsQmFja2VuZCIsIl9hdXRoX3VzZXJfaWQiOiIyIn0=', '2018-05-31 18:32:12.809193'),
('6mg7bk8tgb0p66lpuc7st4uupe84s1px', 'MTcyNzAxYWViYzg0MTUwM2JjOGZjZDRmZjYwMjAxMzkxZjhiOGNlYTp7Il9hdXRoX3VzZXJfaGFzaCI6Ijc2MjEwNWQwMGFlZDgyYzY0YTBmMDEyNjdjYzVhZjRhMmU2MTcwNmMiLCJfYXV0aF91c2VyX2JhY2tlbmQiOiJkamFuZ28uY29udHJpYi5hdXRoLmJhY2tlbmRzLk1vZGVsQmFja2VuZCIsIl9hdXRoX3VzZXJfaWQiOiIxIn0=', '2018-04-30 20:01:15.986621'),
('6o4esgnzc5umxxq6omrtyx62y43285ni', 'MTcyNzAxYWViYzg0MTUwM2JjOGZjZDRmZjYwMjAxMzkxZjhiOGNlYTp7Il9hdXRoX3VzZXJfaGFzaCI6Ijc2MjEwNWQwMGFlZDgyYzY0YTBmMDEyNjdjYzVhZjRhMmU2MTcwNmMiLCJfYXV0aF91c2VyX2JhY2tlbmQiOiJkamFuZ28uY29udHJpYi5hdXRoLmJhY2tlbmRzLk1vZGVsQmFja2VuZCIsIl9hdXRoX3VzZXJfaWQiOiIxIn0=', '2018-04-05 19:11:33.577187'),
('6ogilm02sv18ew2hb1s7akbwz0pvfy08', 'MTcyNzAxYWViYzg0MTUwM2JjOGZjZDRmZjYwMjAxMzkxZjhiOGNlYTp7Il9hdXRoX3VzZXJfaGFzaCI6Ijc2MjEwNWQwMGFlZDgyYzY0YTBmMDEyNjdjYzVhZjRhMmU2MTcwNmMiLCJfYXV0aF91c2VyX2JhY2tlbmQiOiJkamFuZ28uY29udHJpYi5hdXRoLmJhY2tlbmRzLk1vZGVsQmFja2VuZCIsIl9hdXRoX3VzZXJfaWQiOiIxIn0=', '2018-05-01 03:48:53.671341'),
('6phczuzbe6nej43s6eslcmdqryq1z2kt', 'MTcyNzAxYWViYzg0MTUwM2JjOGZjZDRmZjYwMjAxMzkxZjhiOGNlYTp7Il9hdXRoX3VzZXJfaGFzaCI6Ijc2MjEwNWQwMGFlZDgyYzY0YTBmMDEyNjdjYzVhZjRhMmU2MTcwNmMiLCJfYXV0aF91c2VyX2JhY2tlbmQiOiJkamFuZ28uY29udHJpYi5hdXRoLmJhY2tlbmRzLk1vZGVsQmFja2VuZCIsIl9hdXRoX3VzZXJfaWQiOiIxIn0=', '2018-05-31 17:01:10.988291'),
('6qfzksoppeax9m6yf7v8ov3jtr4vjcpw', 'MTcyNzAxYWViYzg0MTUwM2JjOGZjZDRmZjYwMjAxMzkxZjhiOGNlYTp7Il9hdXRoX3VzZXJfaGFzaCI6Ijc2MjEwNWQwMGFlZDgyYzY0YTBmMDEyNjdjYzVhZjRhMmU2MTcwNmMiLCJfYXV0aF91c2VyX2JhY2tlbmQiOiJkamFuZ28uY29udHJpYi5hdXRoLmJhY2tlbmRzLk1vZGVsQmFja2VuZCIsIl9hdXRoX3VzZXJfaWQiOiIxIn0=', '2018-05-31 03:39:27.985419');
INSERT INTO `django_session` (`session_key`, `session_data`, `expire_date`) VALUES
('6r0fwwy0teshciy3ktsfhbxdqxmbwm49', 'MTcyNzAxYWViYzg0MTUwM2JjOGZjZDRmZjYwMjAxMzkxZjhiOGNlYTp7Il9hdXRoX3VzZXJfaGFzaCI6Ijc2MjEwNWQwMGFlZDgyYzY0YTBmMDEyNjdjYzVhZjRhMmU2MTcwNmMiLCJfYXV0aF91c2VyX2JhY2tlbmQiOiJkamFuZ28uY29udHJpYi5hdXRoLmJhY2tlbmRzLk1vZGVsQmFja2VuZCIsIl9hdXRoX3VzZXJfaWQiOiIxIn0=', '2018-05-31 17:41:47.847409'),
('6r12jdj0s2wctuvb50lafsit3upcltps', 'MTcyNzAxYWViYzg0MTUwM2JjOGZjZDRmZjYwMjAxMzkxZjhiOGNlYTp7Il9hdXRoX3VzZXJfaGFzaCI6Ijc2MjEwNWQwMGFlZDgyYzY0YTBmMDEyNjdjYzVhZjRhMmU2MTcwNmMiLCJfYXV0aF91c2VyX2JhY2tlbmQiOiJkamFuZ28uY29udHJpYi5hdXRoLmJhY2tlbmRzLk1vZGVsQmFja2VuZCIsIl9hdXRoX3VzZXJfaWQiOiIxIn0=', '2018-04-04 05:31:29.153010'),
('6rgunf8j8g75d1m567glqhjqgkk9b6xg', 'MTcyNzAxYWViYzg0MTUwM2JjOGZjZDRmZjYwMjAxMzkxZjhiOGNlYTp7Il9hdXRoX3VzZXJfaGFzaCI6Ijc2MjEwNWQwMGFlZDgyYzY0YTBmMDEyNjdjYzVhZjRhMmU2MTcwNmMiLCJfYXV0aF91c2VyX2JhY2tlbmQiOiJkamFuZ28uY29udHJpYi5hdXRoLmJhY2tlbmRzLk1vZGVsQmFja2VuZCIsIl9hdXRoX3VzZXJfaWQiOiIxIn0=', '2018-05-18 17:54:22.291226'),
('6selew9q9fm0wy8z0ky5dk8q9d762fdf', 'MTcyNzAxYWViYzg0MTUwM2JjOGZjZDRmZjYwMjAxMzkxZjhiOGNlYTp7Il9hdXRoX3VzZXJfaGFzaCI6Ijc2MjEwNWQwMGFlZDgyYzY0YTBmMDEyNjdjYzVhZjRhMmU2MTcwNmMiLCJfYXV0aF91c2VyX2JhY2tlbmQiOiJkamFuZ28uY29udHJpYi5hdXRoLmJhY2tlbmRzLk1vZGVsQmFja2VuZCIsIl9hdXRoX3VzZXJfaWQiOiIxIn0=', '2018-04-30 21:13:17.443824'),
('6skqqpselrilllu4ltiy3d2464gn4tey', 'MTcyNzAxYWViYzg0MTUwM2JjOGZjZDRmZjYwMjAxMzkxZjhiOGNlYTp7Il9hdXRoX3VzZXJfaGFzaCI6Ijc2MjEwNWQwMGFlZDgyYzY0YTBmMDEyNjdjYzVhZjRhMmU2MTcwNmMiLCJfYXV0aF91c2VyX2JhY2tlbmQiOiJkamFuZ28uY29udHJpYi5hdXRoLmJhY2tlbmRzLk1vZGVsQmFja2VuZCIsIl9hdXRoX3VzZXJfaWQiOiIxIn0=', '2018-05-30 21:17:42.608991'),
('6ttkxv2k50dvbcoaom2nifgkgksrly4t', 'MTcyNzAxYWViYzg0MTUwM2JjOGZjZDRmZjYwMjAxMzkxZjhiOGNlYTp7Il9hdXRoX3VzZXJfaGFzaCI6Ijc2MjEwNWQwMGFlZDgyYzY0YTBmMDEyNjdjYzVhZjRhMmU2MTcwNmMiLCJfYXV0aF91c2VyX2JhY2tlbmQiOiJkamFuZ28uY29udHJpYi5hdXRoLmJhY2tlbmRzLk1vZGVsQmFja2VuZCIsIl9hdXRoX3VzZXJfaWQiOiIxIn0=', '2018-04-05 20:51:21.965773'),
('6vuig4ui57fka5yoskuufrl9n937b2p2', 'MTcyNzAxYWViYzg0MTUwM2JjOGZjZDRmZjYwMjAxMzkxZjhiOGNlYTp7Il9hdXRoX3VzZXJfaGFzaCI6Ijc2MjEwNWQwMGFlZDgyYzY0YTBmMDEyNjdjYzVhZjRhMmU2MTcwNmMiLCJfYXV0aF91c2VyX2JhY2tlbmQiOiJkamFuZ28uY29udHJpYi5hdXRoLmJhY2tlbmRzLk1vZGVsQmFja2VuZCIsIl9hdXRoX3VzZXJfaWQiOiIxIn0=', '2018-05-31 04:03:05.840303'),
('6vv68qrsrkiv7ubn1s899ic1bz8uycc5', 'MTcyNzAxYWViYzg0MTUwM2JjOGZjZDRmZjYwMjAxMzkxZjhiOGNlYTp7Il9hdXRoX3VzZXJfaGFzaCI6Ijc2MjEwNWQwMGFlZDgyYzY0YTBmMDEyNjdjYzVhZjRhMmU2MTcwNmMiLCJfYXV0aF91c2VyX2JhY2tlbmQiOiJkamFuZ28uY29udHJpYi5hdXRoLmJhY2tlbmRzLk1vZGVsQmFja2VuZCIsIl9hdXRoX3VzZXJfaWQiOiIxIn0=', '2018-04-30 21:16:24.878204'),
('6w7qlognvv18p9qoxm7atmir6vl75eqk', 'MTcyNzAxYWViYzg0MTUwM2JjOGZjZDRmZjYwMjAxMzkxZjhiOGNlYTp7Il9hdXRoX3VzZXJfaGFzaCI6Ijc2MjEwNWQwMGFlZDgyYzY0YTBmMDEyNjdjYzVhZjRhMmU2MTcwNmMiLCJfYXV0aF91c2VyX2JhY2tlbmQiOiJkamFuZ28uY29udHJpYi5hdXRoLmJhY2tlbmRzLk1vZGVsQmFja2VuZCIsIl9hdXRoX3VzZXJfaWQiOiIxIn0=', '2018-05-31 04:37:08.410407'),
('6waznew7zqon0sh8vtcoyyie14lgmr5g', 'MTcyNzAxYWViYzg0MTUwM2JjOGZjZDRmZjYwMjAxMzkxZjhiOGNlYTp7Il9hdXRoX3VzZXJfaGFzaCI6Ijc2MjEwNWQwMGFlZDgyYzY0YTBmMDEyNjdjYzVhZjRhMmU2MTcwNmMiLCJfYXV0aF91c2VyX2JhY2tlbmQiOiJkamFuZ28uY29udHJpYi5hdXRoLmJhY2tlbmRzLk1vZGVsQmFja2VuZCIsIl9hdXRoX3VzZXJfaWQiOiIxIn0=', '2018-05-30 21:37:41.599411'),
('6xu4etfn2zskkbiwarvdjee0p6gnh77n', 'MTcyNzAxYWViYzg0MTUwM2JjOGZjZDRmZjYwMjAxMzkxZjhiOGNlYTp7Il9hdXRoX3VzZXJfaGFzaCI6Ijc2MjEwNWQwMGFlZDgyYzY0YTBmMDEyNjdjYzVhZjRhMmU2MTcwNmMiLCJfYXV0aF91c2VyX2JhY2tlbmQiOiJkamFuZ28uY29udHJpYi5hdXRoLmJhY2tlbmRzLk1vZGVsQmFja2VuZCIsIl9hdXRoX3VzZXJfaWQiOiIxIn0=', '2018-04-30 21:59:13.300089'),
('6xudh45vh9u5oe79pv5ebeform41e7vc', 'MTcyNzAxYWViYzg0MTUwM2JjOGZjZDRmZjYwMjAxMzkxZjhiOGNlYTp7Il9hdXRoX3VzZXJfaGFzaCI6Ijc2MjEwNWQwMGFlZDgyYzY0YTBmMDEyNjdjYzVhZjRhMmU2MTcwNmMiLCJfYXV0aF91c2VyX2JhY2tlbmQiOiJkamFuZ28uY29udHJpYi5hdXRoLmJhY2tlbmRzLk1vZGVsQmFja2VuZCIsIl9hdXRoX3VzZXJfaWQiOiIxIn0=', '2018-05-30 21:07:48.993344'),
('6ztabipwjbztyxvkr3a3yc24ivncfhrm', 'MTcyNzAxYWViYzg0MTUwM2JjOGZjZDRmZjYwMjAxMzkxZjhiOGNlYTp7Il9hdXRoX3VzZXJfaGFzaCI6Ijc2MjEwNWQwMGFlZDgyYzY0YTBmMDEyNjdjYzVhZjRhMmU2MTcwNmMiLCJfYXV0aF91c2VyX2JhY2tlbmQiOiJkamFuZ28uY29udHJpYi5hdXRoLmJhY2tlbmRzLk1vZGVsQmFja2VuZCIsIl9hdXRoX3VzZXJfaWQiOiIxIn0=', '2018-04-30 22:03:36.781811'),
('6zx6dtukpdjdaxbacle5otozdaizh0vw', 'MTcyNzAxYWViYzg0MTUwM2JjOGZjZDRmZjYwMjAxMzkxZjhiOGNlYTp7Il9hdXRoX3VzZXJfaGFzaCI6Ijc2MjEwNWQwMGFlZDgyYzY0YTBmMDEyNjdjYzVhZjRhMmU2MTcwNmMiLCJfYXV0aF91c2VyX2JhY2tlbmQiOiJkamFuZ28uY29udHJpYi5hdXRoLmJhY2tlbmRzLk1vZGVsQmFja2VuZCIsIl9hdXRoX3VzZXJfaWQiOiIxIn0=', '2018-05-31 05:03:49.341941'),
('70ltwqwho15vg0xpysdv9mydxduwg1m0', 'MTcyNzAxYWViYzg0MTUwM2JjOGZjZDRmZjYwMjAxMzkxZjhiOGNlYTp7Il9hdXRoX3VzZXJfaGFzaCI6Ijc2MjEwNWQwMGFlZDgyYzY0YTBmMDEyNjdjYzVhZjRhMmU2MTcwNmMiLCJfYXV0aF91c2VyX2JhY2tlbmQiOiJkamFuZ28uY29udHJpYi5hdXRoLmJhY2tlbmRzLk1vZGVsQmFja2VuZCIsIl9hdXRoX3VzZXJfaWQiOiIxIn0=', '2018-04-04 18:14:12.731746'),
('725yznezd7qnro52296zfz5fplm8i7cj', 'MTcyNzAxYWViYzg0MTUwM2JjOGZjZDRmZjYwMjAxMzkxZjhiOGNlYTp7Il9hdXRoX3VzZXJfaGFzaCI6Ijc2MjEwNWQwMGFlZDgyYzY0YTBmMDEyNjdjYzVhZjRhMmU2MTcwNmMiLCJfYXV0aF91c2VyX2JhY2tlbmQiOiJkamFuZ28uY29udHJpYi5hdXRoLmJhY2tlbmRzLk1vZGVsQmFja2VuZCIsIl9hdXRoX3VzZXJfaWQiOiIxIn0=', '2018-05-18 17:48:33.261441'),
('72f6pqycilrcbtyayd6rwalfklysota5', 'MTcyNzAxYWViYzg0MTUwM2JjOGZjZDRmZjYwMjAxMzkxZjhiOGNlYTp7Il9hdXRoX3VzZXJfaGFzaCI6Ijc2MjEwNWQwMGFlZDgyYzY0YTBmMDEyNjdjYzVhZjRhMmU2MTcwNmMiLCJfYXV0aF91c2VyX2JhY2tlbmQiOiJkamFuZ28uY29udHJpYi5hdXRoLmJhY2tlbmRzLk1vZGVsQmFja2VuZCIsIl9hdXRoX3VzZXJfaWQiOiIxIn0=', '2018-05-31 17:30:05.815306'),
('72omboin9sz4bmr7rifec1jjfg8m9tii', 'MTcyNzAxYWViYzg0MTUwM2JjOGZjZDRmZjYwMjAxMzkxZjhiOGNlYTp7Il9hdXRoX3VzZXJfaGFzaCI6Ijc2MjEwNWQwMGFlZDgyYzY0YTBmMDEyNjdjYzVhZjRhMmU2MTcwNmMiLCJfYXV0aF91c2VyX2JhY2tlbmQiOiJkamFuZ28uY29udHJpYi5hdXRoLmJhY2tlbmRzLk1vZGVsQmFja2VuZCIsIl9hdXRoX3VzZXJfaWQiOiIxIn0=', '2018-05-31 17:43:47.366110'),
('7365b58l7llu2u2zrn05lmo5icy0mf7c', 'MTcyNzAxYWViYzg0MTUwM2JjOGZjZDRmZjYwMjAxMzkxZjhiOGNlYTp7Il9hdXRoX3VzZXJfaGFzaCI6Ijc2MjEwNWQwMGFlZDgyYzY0YTBmMDEyNjdjYzVhZjRhMmU2MTcwNmMiLCJfYXV0aF91c2VyX2JhY2tlbmQiOiJkamFuZ28uY29udHJpYi5hdXRoLmJhY2tlbmRzLk1vZGVsQmFja2VuZCIsIl9hdXRoX3VzZXJfaWQiOiIxIn0=', '2018-04-30 20:12:02.667887'),
('737xbohzeo9pnnwpzh9kgas3kljxekco', 'MTcyNzAxYWViYzg0MTUwM2JjOGZjZDRmZjYwMjAxMzkxZjhiOGNlYTp7Il9hdXRoX3VzZXJfaGFzaCI6Ijc2MjEwNWQwMGFlZDgyYzY0YTBmMDEyNjdjYzVhZjRhMmU2MTcwNmMiLCJfYXV0aF91c2VyX2JhY2tlbmQiOiJkamFuZ28uY29udHJpYi5hdXRoLmJhY2tlbmRzLk1vZGVsQmFja2VuZCIsIl9hdXRoX3VzZXJfaWQiOiIxIn0=', '2018-04-30 20:51:54.119932'),
('74dowxlo1fdv7frmpab2mq80v22kuw27', 'MTcyNzAxYWViYzg0MTUwM2JjOGZjZDRmZjYwMjAxMzkxZjhiOGNlYTp7Il9hdXRoX3VzZXJfaGFzaCI6Ijc2MjEwNWQwMGFlZDgyYzY0YTBmMDEyNjdjYzVhZjRhMmU2MTcwNmMiLCJfYXV0aF91c2VyX2JhY2tlbmQiOiJkamFuZ28uY29udHJpYi5hdXRoLmJhY2tlbmRzLk1vZGVsQmFja2VuZCIsIl9hdXRoX3VzZXJfaWQiOiIxIn0=', '2018-04-30 21:47:37.487293'),
('74uaqng9e85t01gchvvcqci5qxbioprp', 'MTcyNzAxYWViYzg0MTUwM2JjOGZjZDRmZjYwMjAxMzkxZjhiOGNlYTp7Il9hdXRoX3VzZXJfaGFzaCI6Ijc2MjEwNWQwMGFlZDgyYzY0YTBmMDEyNjdjYzVhZjRhMmU2MTcwNmMiLCJfYXV0aF91c2VyX2JhY2tlbmQiOiJkamFuZ28uY29udHJpYi5hdXRoLmJhY2tlbmRzLk1vZGVsQmFja2VuZCIsIl9hdXRoX3VzZXJfaWQiOiIxIn0=', '2018-05-31 03:39:32.118750'),
('74ujyx4yk8uxfqrukcrlm1g061ven510', 'MTcyNzAxYWViYzg0MTUwM2JjOGZjZDRmZjYwMjAxMzkxZjhiOGNlYTp7Il9hdXRoX3VzZXJfaGFzaCI6Ijc2MjEwNWQwMGFlZDgyYzY0YTBmMDEyNjdjYzVhZjRhMmU2MTcwNmMiLCJfYXV0aF91c2VyX2JhY2tlbmQiOiJkamFuZ28uY29udHJpYi5hdXRoLmJhY2tlbmRzLk1vZGVsQmFja2VuZCIsIl9hdXRoX3VzZXJfaWQiOiIxIn0=', '2018-05-31 18:02:09.670641'),
('75ba3j8px588q3mklq65s4zdtnm80ias', 'MTcyNzAxYWViYzg0MTUwM2JjOGZjZDRmZjYwMjAxMzkxZjhiOGNlYTp7Il9hdXRoX3VzZXJfaGFzaCI6Ijc2MjEwNWQwMGFlZDgyYzY0YTBmMDEyNjdjYzVhZjRhMmU2MTcwNmMiLCJfYXV0aF91c2VyX2JhY2tlbmQiOiJkamFuZ28uY29udHJpYi5hdXRoLmJhY2tlbmRzLk1vZGVsQmFja2VuZCIsIl9hdXRoX3VzZXJfaWQiOiIxIn0=', '2018-05-31 05:22:23.550288'),
('75delz56mp2c5xkf61e7daa4sy3x6l92', 'MTcyNzAxYWViYzg0MTUwM2JjOGZjZDRmZjYwMjAxMzkxZjhiOGNlYTp7Il9hdXRoX3VzZXJfaGFzaCI6Ijc2MjEwNWQwMGFlZDgyYzY0YTBmMDEyNjdjYzVhZjRhMmU2MTcwNmMiLCJfYXV0aF91c2VyX2JhY2tlbmQiOiJkamFuZ28uY29udHJpYi5hdXRoLmJhY2tlbmRzLk1vZGVsQmFja2VuZCIsIl9hdXRoX3VzZXJfaWQiOiIxIn0=', '2018-04-30 21:58:56.409122'),
('75zhqon2mduajm6wf9idqm21rsc53zyg', 'MTcyNzAxYWViYzg0MTUwM2JjOGZjZDRmZjYwMjAxMzkxZjhiOGNlYTp7Il9hdXRoX3VzZXJfaGFzaCI6Ijc2MjEwNWQwMGFlZDgyYzY0YTBmMDEyNjdjYzVhZjRhMmU2MTcwNmMiLCJfYXV0aF91c2VyX2JhY2tlbmQiOiJkamFuZ28uY29udHJpYi5hdXRoLmJhY2tlbmRzLk1vZGVsQmFja2VuZCIsIl9hdXRoX3VzZXJfaWQiOiIxIn0=', '2018-05-30 21:07:13.550901'),
('767ej0v6qcc5ox647nqwrmudu7jkfp4r', 'MTcyNzAxYWViYzg0MTUwM2JjOGZjZDRmZjYwMjAxMzkxZjhiOGNlYTp7Il9hdXRoX3VzZXJfaGFzaCI6Ijc2MjEwNWQwMGFlZDgyYzY0YTBmMDEyNjdjYzVhZjRhMmU2MTcwNmMiLCJfYXV0aF91c2VyX2JhY2tlbmQiOiJkamFuZ28uY29udHJpYi5hdXRoLmJhY2tlbmRzLk1vZGVsQmFja2VuZCIsIl9hdXRoX3VzZXJfaWQiOiIxIn0=', '2018-04-30 20:26:08.394708'),
('76pm1tklkjq37zyd23juj58yhilybm1a', 'MTcyNzAxYWViYzg0MTUwM2JjOGZjZDRmZjYwMjAxMzkxZjhiOGNlYTp7Il9hdXRoX3VzZXJfaGFzaCI6Ijc2MjEwNWQwMGFlZDgyYzY0YTBmMDEyNjdjYzVhZjRhMmU2MTcwNmMiLCJfYXV0aF91c2VyX2JhY2tlbmQiOiJkamFuZ28uY29udHJpYi5hdXRoLmJhY2tlbmRzLk1vZGVsQmFja2VuZCIsIl9hdXRoX3VzZXJfaWQiOiIxIn0=', '2018-04-30 21:16:28.912532'),
('77jzksy18juluycx1lokndir9p7qn74y', 'MTcyNzAxYWViYzg0MTUwM2JjOGZjZDRmZjYwMjAxMzkxZjhiOGNlYTp7Il9hdXRoX3VzZXJfaGFzaCI6Ijc2MjEwNWQwMGFlZDgyYzY0YTBmMDEyNjdjYzVhZjRhMmU2MTcwNmMiLCJfYXV0aF91c2VyX2JhY2tlbmQiOiJkamFuZ28uY29udHJpYi5hdXRoLmJhY2tlbmRzLk1vZGVsQmFja2VuZCIsIl9hdXRoX3VzZXJfaWQiOiIxIn0=', '2018-04-30 22:08:11.669028'),
('79i4h1emlkow3gop8c1e49pwt4p3p2ba', 'MTcyNzAxYWViYzg0MTUwM2JjOGZjZDRmZjYwMjAxMzkxZjhiOGNlYTp7Il9hdXRoX3VzZXJfaGFzaCI6Ijc2MjEwNWQwMGFlZDgyYzY0YTBmMDEyNjdjYzVhZjRhMmU2MTcwNmMiLCJfYXV0aF91c2VyX2JhY2tlbmQiOiJkamFuZ28uY29udHJpYi5hdXRoLmJhY2tlbmRzLk1vZGVsQmFja2VuZCIsIl9hdXRoX3VzZXJfaWQiOiIxIn0=', '2018-04-30 20:11:25.663448'),
('79j7iul1anhgn31gpb4ptrnjrxzwjc3n', 'MTcyNzAxYWViYzg0MTUwM2JjOGZjZDRmZjYwMjAxMzkxZjhiOGNlYTp7Il9hdXRoX3VzZXJfaGFzaCI6Ijc2MjEwNWQwMGFlZDgyYzY0YTBmMDEyNjdjYzVhZjRhMmU2MTcwNmMiLCJfYXV0aF91c2VyX2JhY2tlbmQiOiJkamFuZ28uY29udHJpYi5hdXRoLmJhY2tlbmRzLk1vZGVsQmFja2VuZCIsIl9hdXRoX3VzZXJfaWQiOiIxIn0=', '2018-05-31 18:05:13.426765'),
('7cusfps96bxppdcex234bfep0yxckmii', 'MTcyNzAxYWViYzg0MTUwM2JjOGZjZDRmZjYwMjAxMzkxZjhiOGNlYTp7Il9hdXRoX3VzZXJfaGFzaCI6Ijc2MjEwNWQwMGFlZDgyYzY0YTBmMDEyNjdjYzVhZjRhMmU2MTcwNmMiLCJfYXV0aF91c2VyX2JhY2tlbmQiOiJkamFuZ28uY29udHJpYi5hdXRoLmJhY2tlbmRzLk1vZGVsQmFja2VuZCIsIl9hdXRoX3VzZXJfaWQiOiIxIn0=', '2018-04-30 21:47:43.063684'),
('7dc42x1pet73yprwgi6lo4yj8266zrgl', 'MTcyNzAxYWViYzg0MTUwM2JjOGZjZDRmZjYwMjAxMzkxZjhiOGNlYTp7Il9hdXRoX3VzZXJfaGFzaCI6Ijc2MjEwNWQwMGFlZDgyYzY0YTBmMDEyNjdjYzVhZjRhMmU2MTcwNmMiLCJfYXV0aF91c2VyX2JhY2tlbmQiOiJkamFuZ28uY29udHJpYi5hdXRoLmJhY2tlbmRzLk1vZGVsQmFja2VuZCIsIl9hdXRoX3VzZXJfaWQiOiIxIn0=', '2018-05-31 05:28:21.991502'),
('7ecliq6slnszd0d0adskcd0kquibjb30', 'MTcyNzAxYWViYzg0MTUwM2JjOGZjZDRmZjYwMjAxMzkxZjhiOGNlYTp7Il9hdXRoX3VzZXJfaGFzaCI6Ijc2MjEwNWQwMGFlZDgyYzY0YTBmMDEyNjdjYzVhZjRhMmU2MTcwNmMiLCJfYXV0aF91c2VyX2JhY2tlbmQiOiJkamFuZ28uY29udHJpYi5hdXRoLmJhY2tlbmRzLk1vZGVsQmFja2VuZCIsIl9hdXRoX3VzZXJfaWQiOiIxIn0=', '2018-05-18 17:18:09.901655'),
('7emm42dsccd8d9w8pmrbqatedls3mw8n', 'MTcyNzAxYWViYzg0MTUwM2JjOGZjZDRmZjYwMjAxMzkxZjhiOGNlYTp7Il9hdXRoX3VzZXJfaGFzaCI6Ijc2MjEwNWQwMGFlZDgyYzY0YTBmMDEyNjdjYzVhZjRhMmU2MTcwNmMiLCJfYXV0aF91c2VyX2JhY2tlbmQiOiJkamFuZ28uY29udHJpYi5hdXRoLmJhY2tlbmRzLk1vZGVsQmFja2VuZCIsIl9hdXRoX3VzZXJfaWQiOiIxIn0=', '2018-04-30 20:55:43.004930'),
('7emzmnctg89sxyab0vxary30w827tx25', 'MTcyNzAxYWViYzg0MTUwM2JjOGZjZDRmZjYwMjAxMzkxZjhiOGNlYTp7Il9hdXRoX3VzZXJfaGFzaCI6Ijc2MjEwNWQwMGFlZDgyYzY0YTBmMDEyNjdjYzVhZjRhMmU2MTcwNmMiLCJfYXV0aF91c2VyX2JhY2tlbmQiOiJkamFuZ28uY29udHJpYi5hdXRoLmJhY2tlbmRzLk1vZGVsQmFja2VuZCIsIl9hdXRoX3VzZXJfaWQiOiIxIn0=', '2018-05-31 04:41:37.654281'),
('7erm312zbcwwiwlc71asia96cgp63syk', 'MTcyNzAxYWViYzg0MTUwM2JjOGZjZDRmZjYwMjAxMzkxZjhiOGNlYTp7Il9hdXRoX3VzZXJfaGFzaCI6Ijc2MjEwNWQwMGFlZDgyYzY0YTBmMDEyNjdjYzVhZjRhMmU2MTcwNmMiLCJfYXV0aF91c2VyX2JhY2tlbmQiOiJkamFuZ28uY29udHJpYi5hdXRoLmJhY2tlbmRzLk1vZGVsQmFja2VuZCIsIl9hdXRoX3VzZXJfaWQiOiIxIn0=', '2018-04-23 07:17:18.294884'),
('7f7j574q9l3ekoyb1a3xe36mqiuhl6j6', 'MTcyNzAxYWViYzg0MTUwM2JjOGZjZDRmZjYwMjAxMzkxZjhiOGNlYTp7Il9hdXRoX3VzZXJfaGFzaCI6Ijc2MjEwNWQwMGFlZDgyYzY0YTBmMDEyNjdjYzVhZjRhMmU2MTcwNmMiLCJfYXV0aF91c2VyX2JhY2tlbmQiOiJkamFuZ28uY29udHJpYi5hdXRoLmJhY2tlbmRzLk1vZGVsQmFja2VuZCIsIl9hdXRoX3VzZXJfaWQiOiIxIn0=', '2018-04-03 06:11:16.370583'),
('7fsp83dst1k68eoy5qpogbyjzdosk6es', 'MTcyNzAxYWViYzg0MTUwM2JjOGZjZDRmZjYwMjAxMzkxZjhiOGNlYTp7Il9hdXRoX3VzZXJfaGFzaCI6Ijc2MjEwNWQwMGFlZDgyYzY0YTBmMDEyNjdjYzVhZjRhMmU2MTcwNmMiLCJfYXV0aF91c2VyX2JhY2tlbmQiOiJkamFuZ28uY29udHJpYi5hdXRoLmJhY2tlbmRzLk1vZGVsQmFja2VuZCIsIl9hdXRoX3VzZXJfaWQiOiIxIn0=', '2018-04-30 20:44:42.229037'),
('7fwuw05ttti6y2o3g767pyd9966ch3df', 'MTcyNzAxYWViYzg0MTUwM2JjOGZjZDRmZjYwMjAxMzkxZjhiOGNlYTp7Il9hdXRoX3VzZXJfaGFzaCI6Ijc2MjEwNWQwMGFlZDgyYzY0YTBmMDEyNjdjYzVhZjRhMmU2MTcwNmMiLCJfYXV0aF91c2VyX2JhY2tlbmQiOiJkamFuZ28uY29udHJpYi5hdXRoLmJhY2tlbmRzLk1vZGVsQmFja2VuZCIsIl9hdXRoX3VzZXJfaWQiOiIxIn0=', '2018-05-31 17:31:11.823192'),
('7gksimgm8q0o6xgtbqcyxi2wmaoyz04m', 'MTcyNzAxYWViYzg0MTUwM2JjOGZjZDRmZjYwMjAxMzkxZjhiOGNlYTp7Il9hdXRoX3VzZXJfaGFzaCI6Ijc2MjEwNWQwMGFlZDgyYzY0YTBmMDEyNjdjYzVhZjRhMmU2MTcwNmMiLCJfYXV0aF91c2VyX2JhY2tlbmQiOiJkamFuZ28uY29udHJpYi5hdXRoLmJhY2tlbmRzLk1vZGVsQmFja2VuZCIsIl9hdXRoX3VzZXJfaWQiOiIxIn0=', '2018-04-30 21:07:35.386107'),
('7gzj6ygbwedykwzbsxwvtyuk40xlieq7', 'MTcyNzAxYWViYzg0MTUwM2JjOGZjZDRmZjYwMjAxMzkxZjhiOGNlYTp7Il9hdXRoX3VzZXJfaGFzaCI6Ijc2MjEwNWQwMGFlZDgyYzY0YTBmMDEyNjdjYzVhZjRhMmU2MTcwNmMiLCJfYXV0aF91c2VyX2JhY2tlbmQiOiJkamFuZ28uY29udHJpYi5hdXRoLmJhY2tlbmRzLk1vZGVsQmFja2VuZCIsIl9hdXRoX3VzZXJfaWQiOiIxIn0=', '2018-05-31 18:05:01.937426'),
('7gzmy499fdjd0zxskxc6ktvuuygsvzlg', 'MTcyNzAxYWViYzg0MTUwM2JjOGZjZDRmZjYwMjAxMzkxZjhiOGNlYTp7Il9hdXRoX3VzZXJfaGFzaCI6Ijc2MjEwNWQwMGFlZDgyYzY0YTBmMDEyNjdjYzVhZjRhMmU2MTcwNmMiLCJfYXV0aF91c2VyX2JhY2tlbmQiOiJkamFuZ28uY29udHJpYi5hdXRoLmJhY2tlbmRzLk1vZGVsQmFja2VuZCIsIl9hdXRoX3VzZXJfaWQiOiIxIn0=', '2018-04-04 18:52:09.539420'),
('7h2to038n733xa4newiu093vmyyv73yz', 'MTcyNzAxYWViYzg0MTUwM2JjOGZjZDRmZjYwMjAxMzkxZjhiOGNlYTp7Il9hdXRoX3VzZXJfaGFzaCI6Ijc2MjEwNWQwMGFlZDgyYzY0YTBmMDEyNjdjYzVhZjRhMmU2MTcwNmMiLCJfYXV0aF91c2VyX2JhY2tlbmQiOiJkamFuZ28uY29udHJpYi5hdXRoLmJhY2tlbmRzLk1vZGVsQmFja2VuZCIsIl9hdXRoX3VzZXJfaWQiOiIxIn0=', '2018-04-04 18:51:08.347610'),
('7h67abfqckv6wzjhmjjlaodflsoxt5bq', 'MTcyNzAxYWViYzg0MTUwM2JjOGZjZDRmZjYwMjAxMzkxZjhiOGNlYTp7Il9hdXRoX3VzZXJfaGFzaCI6Ijc2MjEwNWQwMGFlZDgyYzY0YTBmMDEyNjdjYzVhZjRhMmU2MTcwNmMiLCJfYXV0aF91c2VyX2JhY2tlbmQiOiJkamFuZ28uY29udHJpYi5hdXRoLmJhY2tlbmRzLk1vZGVsQmFja2VuZCIsIl9hdXRoX3VzZXJfaWQiOiIxIn0=', '2018-04-30 22:03:41.647003'),
('7hdu97wsayuhrvruce087zuknpgpmg5g', 'MTcyNzAxYWViYzg0MTUwM2JjOGZjZDRmZjYwMjAxMzkxZjhiOGNlYTp7Il9hdXRoX3VzZXJfaGFzaCI6Ijc2MjEwNWQwMGFlZDgyYzY0YTBmMDEyNjdjYzVhZjRhMmU2MTcwNmMiLCJfYXV0aF91c2VyX2JhY2tlbmQiOiJkamFuZ28uY29udHJpYi5hdXRoLmJhY2tlbmRzLk1vZGVsQmFja2VuZCIsIl9hdXRoX3VzZXJfaWQiOiIxIn0=', '2018-05-31 05:49:23.103713'),
('7htj2zzq6721fjwaumj8vv9cmdzyvqc0', 'MTcyNzAxYWViYzg0MTUwM2JjOGZjZDRmZjYwMjAxMzkxZjhiOGNlYTp7Il9hdXRoX3VzZXJfaGFzaCI6Ijc2MjEwNWQwMGFlZDgyYzY0YTBmMDEyNjdjYzVhZjRhMmU2MTcwNmMiLCJfYXV0aF91c2VyX2JhY2tlbmQiOiJkamFuZ28uY29udHJpYi5hdXRoLmJhY2tlbmRzLk1vZGVsQmFja2VuZCIsIl9hdXRoX3VzZXJfaWQiOiIxIn0=', '2018-05-31 18:32:02.109256'),
('7ia8g7djvljgt17yc9mmfvntw8x6bxf2', 'MTcyNzAxYWViYzg0MTUwM2JjOGZjZDRmZjYwMjAxMzkxZjhiOGNlYTp7Il9hdXRoX3VzZXJfaGFzaCI6Ijc2MjEwNWQwMGFlZDgyYzY0YTBmMDEyNjdjYzVhZjRhMmU2MTcwNmMiLCJfYXV0aF91c2VyX2JhY2tlbmQiOiJkamFuZ28uY29udHJpYi5hdXRoLmJhY2tlbmRzLk1vZGVsQmFja2VuZCIsIl9hdXRoX3VzZXJfaWQiOiIxIn0=', '2018-05-31 17:53:30.538485'),
('7iaa5x772hg4jzlegg8qjin55wv4qglq', 'MTcyNzAxYWViYzg0MTUwM2JjOGZjZDRmZjYwMjAxMzkxZjhiOGNlYTp7Il9hdXRoX3VzZXJfaGFzaCI6Ijc2MjEwNWQwMGFlZDgyYzY0YTBmMDEyNjdjYzVhZjRhMmU2MTcwNmMiLCJfYXV0aF91c2VyX2JhY2tlbmQiOiJkamFuZ28uY29udHJpYi5hdXRoLmJhY2tlbmRzLk1vZGVsQmFja2VuZCIsIl9hdXRoX3VzZXJfaWQiOiIxIn0=', '2018-04-30 19:30:01.671396'),
('7m824teyklf0v9f3foh2k1eq3jmsqmtr', 'MTcyNzAxYWViYzg0MTUwM2JjOGZjZDRmZjYwMjAxMzkxZjhiOGNlYTp7Il9hdXRoX3VzZXJfaGFzaCI6Ijc2MjEwNWQwMGFlZDgyYzY0YTBmMDEyNjdjYzVhZjRhMmU2MTcwNmMiLCJfYXV0aF91c2VyX2JhY2tlbmQiOiJkamFuZ28uY29udHJpYi5hdXRoLmJhY2tlbmRzLk1vZGVsQmFja2VuZCIsIl9hdXRoX3VzZXJfaWQiOiIxIn0=', '2018-04-30 22:10:35.686430'),
('7p6l5lsfb9jzbm5cjjunx7hgzn4c8g3f', 'MTcyNzAxYWViYzg0MTUwM2JjOGZjZDRmZjYwMjAxMzkxZjhiOGNlYTp7Il9hdXRoX3VzZXJfaGFzaCI6Ijc2MjEwNWQwMGFlZDgyYzY0YTBmMDEyNjdjYzVhZjRhMmU2MTcwNmMiLCJfYXV0aF91c2VyX2JhY2tlbmQiOiJkamFuZ28uY29udHJpYi5hdXRoLmJhY2tlbmRzLk1vZGVsQmFja2VuZCIsIl9hdXRoX3VzZXJfaWQiOiIxIn0=', '2018-05-31 04:44:41.876481'),
('7poil1ouyqi2df2fr2co04abk4xxqlab', 'MTcyNzAxYWViYzg0MTUwM2JjOGZjZDRmZjYwMjAxMzkxZjhiOGNlYTp7Il9hdXRoX3VzZXJfaGFzaCI6Ijc2MjEwNWQwMGFlZDgyYzY0YTBmMDEyNjdjYzVhZjRhMmU2MTcwNmMiLCJfYXV0aF91c2VyX2JhY2tlbmQiOiJkamFuZ28uY29udHJpYi5hdXRoLmJhY2tlbmRzLk1vZGVsQmFja2VuZCIsIl9hdXRoX3VzZXJfaWQiOiIxIn0=', '2018-04-30 21:42:36.492933'),
('7q3k2ir573jyrbxecl0aynypbsshuv3u', 'MTcyNzAxYWViYzg0MTUwM2JjOGZjZDRmZjYwMjAxMzkxZjhiOGNlYTp7Il9hdXRoX3VzZXJfaGFzaCI6Ijc2MjEwNWQwMGFlZDgyYzY0YTBmMDEyNjdjYzVhZjRhMmU2MTcwNmMiLCJfYXV0aF91c2VyX2JhY2tlbmQiOiJkamFuZ28uY29udHJpYi5hdXRoLmJhY2tlbmRzLk1vZGVsQmFja2VuZCIsIl9hdXRoX3VzZXJfaWQiOiIxIn0=', '2018-04-30 22:10:06.685392'),
('7r08ivmuve5hh3alp8uq8q0kh945sttw', 'MTcyNzAxYWViYzg0MTUwM2JjOGZjZDRmZjYwMjAxMzkxZjhiOGNlYTp7Il9hdXRoX3VzZXJfaGFzaCI6Ijc2MjEwNWQwMGFlZDgyYzY0YTBmMDEyNjdjYzVhZjRhMmU2MTcwNmMiLCJfYXV0aF91c2VyX2JhY2tlbmQiOiJkamFuZ28uY29udHJpYi5hdXRoLmJhY2tlbmRzLk1vZGVsQmFja2VuZCIsIl9hdXRoX3VzZXJfaWQiOiIxIn0=', '2018-04-30 21:41:47.061546'),
('7ra6mkij6mqm8ypzpz57qn28f3v9fe9s', 'MTcyNzAxYWViYzg0MTUwM2JjOGZjZDRmZjYwMjAxMzkxZjhiOGNlYTp7Il9hdXRoX3VzZXJfaGFzaCI6Ijc2MjEwNWQwMGFlZDgyYzY0YTBmMDEyNjdjYzVhZjRhMmU2MTcwNmMiLCJfYXV0aF91c2VyX2JhY2tlbmQiOiJkamFuZ28uY29udHJpYi5hdXRoLmJhY2tlbmRzLk1vZGVsQmFja2VuZCIsIl9hdXRoX3VzZXJfaWQiOiIxIn0=', '2018-05-30 21:36:31.516026'),
('7rcxl5p4f9i41im8p6z090rkywss8uqf', 'MTcyNzAxYWViYzg0MTUwM2JjOGZjZDRmZjYwMjAxMzkxZjhiOGNlYTp7Il9hdXRoX3VzZXJfaGFzaCI6Ijc2MjEwNWQwMGFlZDgyYzY0YTBmMDEyNjdjYzVhZjRhMmU2MTcwNmMiLCJfYXV0aF91c2VyX2JhY2tlbmQiOiJkamFuZ28uY29udHJpYi5hdXRoLmJhY2tlbmRzLk1vZGVsQmFja2VuZCIsIl9hdXRoX3VzZXJfaWQiOiIxIn0=', '2018-04-23 07:07:57.314890'),
('7s3up8f22na7aq5ajjcuz9x0xoiqmwsi', 'MTcyNzAxYWViYzg0MTUwM2JjOGZjZDRmZjYwMjAxMzkxZjhiOGNlYTp7Il9hdXRoX3VzZXJfaGFzaCI6Ijc2MjEwNWQwMGFlZDgyYzY0YTBmMDEyNjdjYzVhZjRhMmU2MTcwNmMiLCJfYXV0aF91c2VyX2JhY2tlbmQiOiJkamFuZ28uY29udHJpYi5hdXRoLmJhY2tlbmRzLk1vZGVsQmFja2VuZCIsIl9hdXRoX3VzZXJfaWQiOiIxIn0=', '2018-05-31 04:45:09.355297'),
('7ucudx36b9obawrzs1og3v274714bj3q', 'MTcyNzAxYWViYzg0MTUwM2JjOGZjZDRmZjYwMjAxMzkxZjhiOGNlYTp7Il9hdXRoX3VzZXJfaGFzaCI6Ijc2MjEwNWQwMGFlZDgyYzY0YTBmMDEyNjdjYzVhZjRhMmU2MTcwNmMiLCJfYXV0aF91c2VyX2JhY2tlbmQiOiJkamFuZ28uY29udHJpYi5hdXRoLmJhY2tlbmRzLk1vZGVsQmFja2VuZCIsIl9hdXRoX3VzZXJfaWQiOiIxIn0=', '2018-05-31 04:54:24.811568'),
('7upoyycyzfxv3egr0kstteiphrfrfw5s', 'MTcyNzAxYWViYzg0MTUwM2JjOGZjZDRmZjYwMjAxMzkxZjhiOGNlYTp7Il9hdXRoX3VzZXJfaGFzaCI6Ijc2MjEwNWQwMGFlZDgyYzY0YTBmMDEyNjdjYzVhZjRhMmU2MTcwNmMiLCJfYXV0aF91c2VyX2JhY2tlbmQiOiJkamFuZ28uY29udHJpYi5hdXRoLmJhY2tlbmRzLk1vZGVsQmFja2VuZCIsIl9hdXRoX3VzZXJfaWQiOiIxIn0=', '2018-05-18 17:11:42.559295'),
('7vvm2dtwzhwrhtibos0plq7a61by1pua', 'MTcyNzAxYWViYzg0MTUwM2JjOGZjZDRmZjYwMjAxMzkxZjhiOGNlYTp7Il9hdXRoX3VzZXJfaGFzaCI6Ijc2MjEwNWQwMGFlZDgyYzY0YTBmMDEyNjdjYzVhZjRhMmU2MTcwNmMiLCJfYXV0aF91c2VyX2JhY2tlbmQiOiJkamFuZ28uY29udHJpYi5hdXRoLmJhY2tlbmRzLk1vZGVsQmFja2VuZCIsIl9hdXRoX3VzZXJfaWQiOiIxIn0=', '2018-04-02 18:16:14.832639'),
('7vxgle5n860rre87vqd5k6h6zxau15uc', 'MTcyNzAxYWViYzg0MTUwM2JjOGZjZDRmZjYwMjAxMzkxZjhiOGNlYTp7Il9hdXRoX3VzZXJfaGFzaCI6Ijc2MjEwNWQwMGFlZDgyYzY0YTBmMDEyNjdjYzVhZjRhMmU2MTcwNmMiLCJfYXV0aF91c2VyX2JhY2tlbmQiOiJkamFuZ28uY29udHJpYi5hdXRoLmJhY2tlbmRzLk1vZGVsQmFja2VuZCIsIl9hdXRoX3VzZXJfaWQiOiIxIn0=', '2018-05-18 17:17:43.056790'),
('7w522c9s3wnvhxwf3b8flfeg2sgm0p6h', 'MTcyNzAxYWViYzg0MTUwM2JjOGZjZDRmZjYwMjAxMzkxZjhiOGNlYTp7Il9hdXRoX3VzZXJfaGFzaCI6Ijc2MjEwNWQwMGFlZDgyYzY0YTBmMDEyNjdjYzVhZjRhMmU2MTcwNmMiLCJfYXV0aF91c2VyX2JhY2tlbmQiOiJkamFuZ28uY29udHJpYi5hdXRoLmJhY2tlbmRzLk1vZGVsQmFja2VuZCIsIl9hdXRoX3VzZXJfaWQiOiIxIn0=', '2018-04-04 18:13:51.236090'),
('7w5sy08all0hbmnpi80u516ang48ss2e', 'MTcyNzAxYWViYzg0MTUwM2JjOGZjZDRmZjYwMjAxMzkxZjhiOGNlYTp7Il9hdXRoX3VzZXJfaGFzaCI6Ijc2MjEwNWQwMGFlZDgyYzY0YTBmMDEyNjdjYzVhZjRhMmU2MTcwNmMiLCJfYXV0aF91c2VyX2JhY2tlbmQiOiJkamFuZ28uY29udHJpYi5hdXRoLmJhY2tlbmRzLk1vZGVsQmFja2VuZCIsIl9hdXRoX3VzZXJfaWQiOiIxIn0=', '2018-05-01 03:18:50.322679'),
('7xo5olvm6y0hszjexc42wh4tdewu273l', 'MTcyNzAxYWViYzg0MTUwM2JjOGZjZDRmZjYwMjAxMzkxZjhiOGNlYTp7Il9hdXRoX3VzZXJfaGFzaCI6Ijc2MjEwNWQwMGFlZDgyYzY0YTBmMDEyNjdjYzVhZjRhMmU2MTcwNmMiLCJfYXV0aF91c2VyX2JhY2tlbmQiOiJkamFuZ28uY29udHJpYi5hdXRoLmJhY2tlbmRzLk1vZGVsQmFja2VuZCIsIl9hdXRoX3VzZXJfaWQiOiIxIn0=', '2018-05-31 05:25:23.883135'),
('7y3wc2ro64e65mge2zjxakg6u0pv9tnk', 'MTcyNzAxYWViYzg0MTUwM2JjOGZjZDRmZjYwMjAxMzkxZjhiOGNlYTp7Il9hdXRoX3VzZXJfaGFzaCI6Ijc2MjEwNWQwMGFlZDgyYzY0YTBmMDEyNjdjYzVhZjRhMmU2MTcwNmMiLCJfYXV0aF91c2VyX2JhY2tlbmQiOiJkamFuZ28uY29udHJpYi5hdXRoLmJhY2tlbmRzLk1vZGVsQmFja2VuZCIsIl9hdXRoX3VzZXJfaWQiOiIxIn0=', '2018-05-31 05:28:12.465340'),
('7z2e7907t4yuxnoj6c0gtzj3w7hhd009', 'MTcyNzAxYWViYzg0MTUwM2JjOGZjZDRmZjYwMjAxMzkxZjhiOGNlYTp7Il9hdXRoX3VzZXJfaGFzaCI6Ijc2MjEwNWQwMGFlZDgyYzY0YTBmMDEyNjdjYzVhZjRhMmU2MTcwNmMiLCJfYXV0aF91c2VyX2JhY2tlbmQiOiJkamFuZ28uY29udHJpYi5hdXRoLmJhY2tlbmRzLk1vZGVsQmFja2VuZCIsIl9hdXRoX3VzZXJfaWQiOiIxIn0=', '2018-05-31 04:26:40.589442'),
('7zmqapbwblwv8ap4iiigvz09uo685wlq', 'MTcyNzAxYWViYzg0MTUwM2JjOGZjZDRmZjYwMjAxMzkxZjhiOGNlYTp7Il9hdXRoX3VzZXJfaGFzaCI6Ijc2MjEwNWQwMGFlZDgyYzY0YTBmMDEyNjdjYzVhZjRhMmU2MTcwNmMiLCJfYXV0aF91c2VyX2JhY2tlbmQiOiJkamFuZ28uY29udHJpYi5hdXRoLmJhY2tlbmRzLk1vZGVsQmFja2VuZCIsIl9hdXRoX3VzZXJfaWQiOiIxIn0=', '2018-04-30 20:51:19.636387'),
('7zsmpcq5mdfbzfepoa1v8lorpitfusxx', 'MTcyNzAxYWViYzg0MTUwM2JjOGZjZDRmZjYwMjAxMzkxZjhiOGNlYTp7Il9hdXRoX3VzZXJfaGFzaCI6Ijc2MjEwNWQwMGFlZDgyYzY0YTBmMDEyNjdjYzVhZjRhMmU2MTcwNmMiLCJfYXV0aF91c2VyX2JhY2tlbmQiOiJkamFuZ28uY29udHJpYi5hdXRoLmJhY2tlbmRzLk1vZGVsQmFja2VuZCIsIl9hdXRoX3VzZXJfaWQiOiIxIn0=', '2018-05-31 17:53:10.485433'),
('82e9eqp8wrg7p5u5pwaojp7b1yo9m2q9', 'MTcyNzAxYWViYzg0MTUwM2JjOGZjZDRmZjYwMjAxMzkxZjhiOGNlYTp7Il9hdXRoX3VzZXJfaGFzaCI6Ijc2MjEwNWQwMGFlZDgyYzY0YTBmMDEyNjdjYzVhZjRhMmU2MTcwNmMiLCJfYXV0aF91c2VyX2JhY2tlbmQiOiJkamFuZ28uY29udHJpYi5hdXRoLmJhY2tlbmRzLk1vZGVsQmFja2VuZCIsIl9hdXRoX3VzZXJfaWQiOiIxIn0=', '2018-04-30 20:00:36.107276'),
('82jp8479ub1ae60o4x2jtvy3q2wsubfd', 'MTcyNzAxYWViYzg0MTUwM2JjOGZjZDRmZjYwMjAxMzkxZjhiOGNlYTp7Il9hdXRoX3VzZXJfaGFzaCI6Ijc2MjEwNWQwMGFlZDgyYzY0YTBmMDEyNjdjYzVhZjRhMmU2MTcwNmMiLCJfYXV0aF91c2VyX2JhY2tlbmQiOiJkamFuZ28uY29udHJpYi5hdXRoLmJhY2tlbmRzLk1vZGVsQmFja2VuZCIsIl9hdXRoX3VzZXJfaWQiOiIxIn0=', '2018-04-04 05:56:20.853417'),
('82ra703mzyoggns0dc22oi47n0mj8d60', 'MTcyNzAxYWViYzg0MTUwM2JjOGZjZDRmZjYwMjAxMzkxZjhiOGNlYTp7Il9hdXRoX3VzZXJfaGFzaCI6Ijc2MjEwNWQwMGFlZDgyYzY0YTBmMDEyNjdjYzVhZjRhMmU2MTcwNmMiLCJfYXV0aF91c2VyX2JhY2tlbmQiOiJkamFuZ28uY29udHJpYi5hdXRoLmJhY2tlbmRzLk1vZGVsQmFja2VuZCIsIl9hdXRoX3VzZXJfaWQiOiIxIn0=', '2018-05-01 03:45:01.677862'),
('82tnpxfek5p250p2fiqi6u7t7pmsylir', 'MTcyNzAxYWViYzg0MTUwM2JjOGZjZDRmZjYwMjAxMzkxZjhiOGNlYTp7Il9hdXRoX3VzZXJfaGFzaCI6Ijc2MjEwNWQwMGFlZDgyYzY0YTBmMDEyNjdjYzVhZjRhMmU2MTcwNmMiLCJfYXV0aF91c2VyX2JhY2tlbmQiOiJkamFuZ28uY29udHJpYi5hdXRoLmJhY2tlbmRzLk1vZGVsQmFja2VuZCIsIl9hdXRoX3VzZXJfaWQiOiIxIn0=', '2018-05-31 18:19:20.013089'),
('86qfy0hgcadxnlnqjwljpodm9bffzntb', 'MTcyNzAxYWViYzg0MTUwM2JjOGZjZDRmZjYwMjAxMzkxZjhiOGNlYTp7Il9hdXRoX3VzZXJfaGFzaCI6Ijc2MjEwNWQwMGFlZDgyYzY0YTBmMDEyNjdjYzVhZjRhMmU2MTcwNmMiLCJfYXV0aF91c2VyX2JhY2tlbmQiOiJkamFuZ28uY29udHJpYi5hdXRoLmJhY2tlbmRzLk1vZGVsQmFja2VuZCIsIl9hdXRoX3VzZXJfaWQiOiIxIn0=', '2018-05-31 18:38:34.260600'),
('86xn6doobwhlnoht8fxor7s6bquqdn8g', 'MTcyNzAxYWViYzg0MTUwM2JjOGZjZDRmZjYwMjAxMzkxZjhiOGNlYTp7Il9hdXRoX3VzZXJfaGFzaCI6Ijc2MjEwNWQwMGFlZDgyYzY0YTBmMDEyNjdjYzVhZjRhMmU2MTcwNmMiLCJfYXV0aF91c2VyX2JhY2tlbmQiOiJkamFuZ28uY29udHJpYi5hdXRoLmJhY2tlbmRzLk1vZGVsQmFja2VuZCIsIl9hdXRoX3VzZXJfaWQiOiIxIn0=', '2018-05-18 17:34:58.823152'),
('89jpe1sw695gjxd3hnq1mb7hu0r8y4w8', 'MTcyNzAxYWViYzg0MTUwM2JjOGZjZDRmZjYwMjAxMzkxZjhiOGNlYTp7Il9hdXRoX3VzZXJfaGFzaCI6Ijc2MjEwNWQwMGFlZDgyYzY0YTBmMDEyNjdjYzVhZjRhMmU2MTcwNmMiLCJfYXV0aF91c2VyX2JhY2tlbmQiOiJkamFuZ28uY29udHJpYi5hdXRoLmJhY2tlbmRzLk1vZGVsQmFja2VuZCIsIl9hdXRoX3VzZXJfaWQiOiIxIn0=', '2018-05-31 04:39:11.253943'),
('89l2qb48hdqraeqvll6dc06bcrl9663b', 'MTcyNzAxYWViYzg0MTUwM2JjOGZjZDRmZjYwMjAxMzkxZjhiOGNlYTp7Il9hdXRoX3VzZXJfaGFzaCI6Ijc2MjEwNWQwMGFlZDgyYzY0YTBmMDEyNjdjYzVhZjRhMmU2MTcwNmMiLCJfYXV0aF91c2VyX2JhY2tlbmQiOiJkamFuZ28uY29udHJpYi5hdXRoLmJhY2tlbmRzLk1vZGVsQmFja2VuZCIsIl9hdXRoX3VzZXJfaWQiOiIxIn0=', '2018-05-18 17:22:01.542158'),
('8bgbnli27d5gk4il8vsxe82iuiz3uvzw', 'MTcyNzAxYWViYzg0MTUwM2JjOGZjZDRmZjYwMjAxMzkxZjhiOGNlYTp7Il9hdXRoX3VzZXJfaGFzaCI6Ijc2MjEwNWQwMGFlZDgyYzY0YTBmMDEyNjdjYzVhZjRhMmU2MTcwNmMiLCJfYXV0aF91c2VyX2JhY2tlbmQiOiJkamFuZ28uY29udHJpYi5hdXRoLmJhY2tlbmRzLk1vZGVsQmFja2VuZCIsIl9hdXRoX3VzZXJfaWQiOiIxIn0=', '2018-05-01 03:40:57.541548'),
('8c7q8h3dle0anqs39yzvyoaioc00bgma', 'MTcyNzAxYWViYzg0MTUwM2JjOGZjZDRmZjYwMjAxMzkxZjhiOGNlYTp7Il9hdXRoX3VzZXJfaGFzaCI6Ijc2MjEwNWQwMGFlZDgyYzY0YTBmMDEyNjdjYzVhZjRhMmU2MTcwNmMiLCJfYXV0aF91c2VyX2JhY2tlbmQiOiJkamFuZ28uY29udHJpYi5hdXRoLmJhY2tlbmRzLk1vZGVsQmFja2VuZCIsIl9hdXRoX3VzZXJfaWQiOiIxIn0=', '2018-04-04 03:51:38.661702'),
('8gmluzr54pu9xdygcv7z7uahfnho6upt', 'MTcyNzAxYWViYzg0MTUwM2JjOGZjZDRmZjYwMjAxMzkxZjhiOGNlYTp7Il9hdXRoX3VzZXJfaGFzaCI6Ijc2MjEwNWQwMGFlZDgyYzY0YTBmMDEyNjdjYzVhZjRhMmU2MTcwNmMiLCJfYXV0aF91c2VyX2JhY2tlbmQiOiJkamFuZ28uY29udHJpYi5hdXRoLmJhY2tlbmRzLk1vZGVsQmFja2VuZCIsIl9hdXRoX3VzZXJfaWQiOiIxIn0=', '2018-05-31 05:49:00.779200'),
('8h7gzlfn6o25roxv7pqf2jvj6zgdo0mh', 'MTcyNzAxYWViYzg0MTUwM2JjOGZjZDRmZjYwMjAxMzkxZjhiOGNlYTp7Il9hdXRoX3VzZXJfaGFzaCI6Ijc2MjEwNWQwMGFlZDgyYzY0YTBmMDEyNjdjYzVhZjRhMmU2MTcwNmMiLCJfYXV0aF91c2VyX2JhY2tlbmQiOiJkamFuZ28uY29udHJpYi5hdXRoLmJhY2tlbmRzLk1vZGVsQmFja2VuZCIsIl9hdXRoX3VzZXJfaWQiOiIxIn0=', '2018-05-01 03:52:19.736332'),
('8hwjgxr65r2onghqi4olye3qw0eus4gl', 'MTcyNzAxYWViYzg0MTUwM2JjOGZjZDRmZjYwMjAxMzkxZjhiOGNlYTp7Il9hdXRoX3VzZXJfaGFzaCI6Ijc2MjEwNWQwMGFlZDgyYzY0YTBmMDEyNjdjYzVhZjRhMmU2MTcwNmMiLCJfYXV0aF91c2VyX2JhY2tlbmQiOiJkamFuZ28uY29udHJpYi5hdXRoLmJhY2tlbmRzLk1vZGVsQmFja2VuZCIsIl9hdXRoX3VzZXJfaWQiOiIxIn0=', '2018-05-31 05:14:00.010785'),
('8ickfiuq5yhzi6xeoylsz7cvbero9spa', 'MTcyNzAxYWViYzg0MTUwM2JjOGZjZDRmZjYwMjAxMzkxZjhiOGNlYTp7Il9hdXRoX3VzZXJfaGFzaCI6Ijc2MjEwNWQwMGFlZDgyYzY0YTBmMDEyNjdjYzVhZjRhMmU2MTcwNmMiLCJfYXV0aF91c2VyX2JhY2tlbmQiOiJkamFuZ28uY29udHJpYi5hdXRoLmJhY2tlbmRzLk1vZGVsQmFja2VuZCIsIl9hdXRoX3VzZXJfaWQiOiIxIn0=', '2018-05-31 05:13:46.420027'),
('8jfvvaxojibkkfb8iv3yfp85fju7e9h2', 'MTcyNzAxYWViYzg0MTUwM2JjOGZjZDRmZjYwMjAxMzkxZjhiOGNlYTp7Il9hdXRoX3VzZXJfaGFzaCI6Ijc2MjEwNWQwMGFlZDgyYzY0YTBmMDEyNjdjYzVhZjRhMmU2MTcwNmMiLCJfYXV0aF91c2VyX2JhY2tlbmQiOiJkamFuZ28uY29udHJpYi5hdXRoLmJhY2tlbmRzLk1vZGVsQmFja2VuZCIsIl9hdXRoX3VzZXJfaWQiOiIxIn0=', '2018-04-30 21:50:15.087417'),
('8ksiz1bkchvdqx8dddjtneeiwec4s3ha', 'MTcyNzAxYWViYzg0MTUwM2JjOGZjZDRmZjYwMjAxMzkxZjhiOGNlYTp7Il9hdXRoX3VzZXJfaGFzaCI6Ijc2MjEwNWQwMGFlZDgyYzY0YTBmMDEyNjdjYzVhZjRhMmU2MTcwNmMiLCJfYXV0aF91c2VyX2JhY2tlbmQiOiJkamFuZ28uY29udHJpYi5hdXRoLmJhY2tlbmRzLk1vZGVsQmFja2VuZCIsIl9hdXRoX3VzZXJfaWQiOiIxIn0=', '2018-05-18 17:11:29.782144'),
('8muer5t663qnfnu7n36pngg9gne3kr5o', 'MTcyNzAxYWViYzg0MTUwM2JjOGZjZDRmZjYwMjAxMzkxZjhiOGNlYTp7Il9hdXRoX3VzZXJfaGFzaCI6Ijc2MjEwNWQwMGFlZDgyYzY0YTBmMDEyNjdjYzVhZjRhMmU2MTcwNmMiLCJfYXV0aF91c2VyX2JhY2tlbmQiOiJkamFuZ28uY29udHJpYi5hdXRoLmJhY2tlbmRzLk1vZGVsQmFja2VuZCIsIl9hdXRoX3VzZXJfaWQiOiIxIn0=', '2018-05-31 05:08:35.961797'),
('8pghq6yrladzn4rqic186dqswj2mhzxm', 'MTcyNzAxYWViYzg0MTUwM2JjOGZjZDRmZjYwMjAxMzkxZjhiOGNlYTp7Il9hdXRoX3VzZXJfaGFzaCI6Ijc2MjEwNWQwMGFlZDgyYzY0YTBmMDEyNjdjYzVhZjRhMmU2MTcwNmMiLCJfYXV0aF91c2VyX2JhY2tlbmQiOiJkamFuZ28uY29udHJpYi5hdXRoLmJhY2tlbmRzLk1vZGVsQmFja2VuZCIsIl9hdXRoX3VzZXJfaWQiOiIxIn0=', '2018-05-31 18:42:13.961178'),
('8r0i8167w7nog6iqqjxbukfrpgd3pl0t', 'MTcyNzAxYWViYzg0MTUwM2JjOGZjZDRmZjYwMjAxMzkxZjhiOGNlYTp7Il9hdXRoX3VzZXJfaGFzaCI6Ijc2MjEwNWQwMGFlZDgyYzY0YTBmMDEyNjdjYzVhZjRhMmU2MTcwNmMiLCJfYXV0aF91c2VyX2JhY2tlbmQiOiJkamFuZ28uY29udHJpYi5hdXRoLmJhY2tlbmRzLk1vZGVsQmFja2VuZCIsIl9hdXRoX3VzZXJfaWQiOiIxIn0=', '2018-04-04 04:25:17.083817'),
('8rapj9thdpfas82a610ptt0rh2co8zkf', 'MTcyNzAxYWViYzg0MTUwM2JjOGZjZDRmZjYwMjAxMzkxZjhiOGNlYTp7Il9hdXRoX3VzZXJfaGFzaCI6Ijc2MjEwNWQwMGFlZDgyYzY0YTBmMDEyNjdjYzVhZjRhMmU2MTcwNmMiLCJfYXV0aF91c2VyX2JhY2tlbmQiOiJkamFuZ28uY29udHJpYi5hdXRoLmJhY2tlbmRzLk1vZGVsQmFja2VuZCIsIl9hdXRoX3VzZXJfaWQiOiIxIn0=', '2018-05-31 04:53:59.443632'),
('8s3tdx5553njfyextc9z3ielxf2hdnz8', 'MTcyNzAxYWViYzg0MTUwM2JjOGZjZDRmZjYwMjAxMzkxZjhiOGNlYTp7Il9hdXRoX3VzZXJfaGFzaCI6Ijc2MjEwNWQwMGFlZDgyYzY0YTBmMDEyNjdjYzVhZjRhMmU2MTcwNmMiLCJfYXV0aF91c2VyX2JhY2tlbmQiOiJkamFuZ28uY29udHJpYi5hdXRoLmJhY2tlbmRzLk1vZGVsQmFja2VuZCIsIl9hdXRoX3VzZXJfaWQiOiIxIn0=', '2018-05-31 04:51:25.045727'),
('8tgp4u2cwyaqxlyxk7ydhjpyz6fai7mc', 'MTcyNzAxYWViYzg0MTUwM2JjOGZjZDRmZjYwMjAxMzkxZjhiOGNlYTp7Il9hdXRoX3VzZXJfaGFzaCI6Ijc2MjEwNWQwMGFlZDgyYzY0YTBmMDEyNjdjYzVhZjRhMmU2MTcwNmMiLCJfYXV0aF91c2VyX2JhY2tlbmQiOiJkamFuZ28uY29udHJpYi5hdXRoLmJhY2tlbmRzLk1vZGVsQmFja2VuZCIsIl9hdXRoX3VzZXJfaWQiOiIxIn0=', '2018-04-04 04:17:40.666067'),
('8vlkzem3jgje9b7oxgkt5f5cfbznpqte', 'MTcyNzAxYWViYzg0MTUwM2JjOGZjZDRmZjYwMjAxMzkxZjhiOGNlYTp7Il9hdXRoX3VzZXJfaGFzaCI6Ijc2MjEwNWQwMGFlZDgyYzY0YTBmMDEyNjdjYzVhZjRhMmU2MTcwNmMiLCJfYXV0aF91c2VyX2JhY2tlbmQiOiJkamFuZ28uY29udHJpYi5hdXRoLmJhY2tlbmRzLk1vZGVsQmFja2VuZCIsIl9hdXRoX3VzZXJfaWQiOiIxIn0=', '2018-04-30 20:31:34.331300'),
('8w3xbphq7pkwbwgpfibl91thhl1ezz4i', 'MTcyNzAxYWViYzg0MTUwM2JjOGZjZDRmZjYwMjAxMzkxZjhiOGNlYTp7Il9hdXRoX3VzZXJfaGFzaCI6Ijc2MjEwNWQwMGFlZDgyYzY0YTBmMDEyNjdjYzVhZjRhMmU2MTcwNmMiLCJfYXV0aF91c2VyX2JhY2tlbmQiOiJkamFuZ28uY29udHJpYi5hdXRoLmJhY2tlbmRzLk1vZGVsQmFja2VuZCIsIl9hdXRoX3VzZXJfaWQiOiIxIn0=', '2018-05-31 17:53:35.815150'),
('8wqv69xcrr5wxu5eykh99t8yrbu1jhyq', 'MTcyNzAxYWViYzg0MTUwM2JjOGZjZDRmZjYwMjAxMzkxZjhiOGNlYTp7Il9hdXRoX3VzZXJfaGFzaCI6Ijc2MjEwNWQwMGFlZDgyYzY0YTBmMDEyNjdjYzVhZjRhMmU2MTcwNmMiLCJfYXV0aF91c2VyX2JhY2tlbmQiOiJkamFuZ28uY29udHJpYi5hdXRoLmJhY2tlbmRzLk1vZGVsQmFja2VuZCIsIl9hdXRoX3VzZXJfaWQiOiIxIn0=', '2018-05-18 19:25:14.080700'),
('8x6c32dccnsw0nhqy3h81qz53b3xothw', 'MTcyNzAxYWViYzg0MTUwM2JjOGZjZDRmZjYwMjAxMzkxZjhiOGNlYTp7Il9hdXRoX3VzZXJfaGFzaCI6Ijc2MjEwNWQwMGFlZDgyYzY0YTBmMDEyNjdjYzVhZjRhMmU2MTcwNmMiLCJfYXV0aF91c2VyX2JhY2tlbmQiOiJkamFuZ28uY29udHJpYi5hdXRoLmJhY2tlbmRzLk1vZGVsQmFja2VuZCIsIl9hdXRoX3VzZXJfaWQiOiIxIn0=', '2018-05-01 03:40:51.662234'),
('8x87l0tz2mj7qf35p0kvqy9wifsa2jcj', 'MTcyNzAxYWViYzg0MTUwM2JjOGZjZDRmZjYwMjAxMzkxZjhiOGNlYTp7Il9hdXRoX3VzZXJfaGFzaCI6Ijc2MjEwNWQwMGFlZDgyYzY0YTBmMDEyNjdjYzVhZjRhMmU2MTcwNmMiLCJfYXV0aF91c2VyX2JhY2tlbmQiOiJkamFuZ28uY29udHJpYi5hdXRoLmJhY2tlbmRzLk1vZGVsQmFja2VuZCIsIl9hdXRoX3VzZXJfaWQiOiIxIn0=', '2018-05-31 18:05:20.215833'),
('8y1qes0buty2m0q93cikp6u4g3tkrwnp', 'MTcyNzAxYWViYzg0MTUwM2JjOGZjZDRmZjYwMjAxMzkxZjhiOGNlYTp7Il9hdXRoX3VzZXJfaGFzaCI6Ijc2MjEwNWQwMGFlZDgyYzY0YTBmMDEyNjdjYzVhZjRhMmU2MTcwNmMiLCJfYXV0aF91c2VyX2JhY2tlbmQiOiJkamFuZ28uY29udHJpYi5hdXRoLmJhY2tlbmRzLk1vZGVsQmFja2VuZCIsIl9hdXRoX3VzZXJfaWQiOiIxIn0=', '2018-04-04 05:21:54.943771'),
('8yqmvv16a4jew9lej9burw2s7hl7b7au', 'MTcyNzAxYWViYzg0MTUwM2JjOGZjZDRmZjYwMjAxMzkxZjhiOGNlYTp7Il9hdXRoX3VzZXJfaGFzaCI6Ijc2MjEwNWQwMGFlZDgyYzY0YTBmMDEyNjdjYzVhZjRhMmU2MTcwNmMiLCJfYXV0aF91c2VyX2JhY2tlbmQiOiJkamFuZ28uY29udHJpYi5hdXRoLmJhY2tlbmRzLk1vZGVsQmFja2VuZCIsIl9hdXRoX3VzZXJfaWQiOiIxIn0=', '2018-05-31 05:25:29.123928'),
('8zgvji6bpc7di5i1sr091bsh3nr56dtd', 'MTcyNzAxYWViYzg0MTUwM2JjOGZjZDRmZjYwMjAxMzkxZjhiOGNlYTp7Il9hdXRoX3VzZXJfaGFzaCI6Ijc2MjEwNWQwMGFlZDgyYzY0YTBmMDEyNjdjYzVhZjRhMmU2MTcwNmMiLCJfYXV0aF91c2VyX2JhY2tlbmQiOiJkamFuZ28uY29udHJpYi5hdXRoLmJhY2tlbmRzLk1vZGVsQmFja2VuZCIsIl9hdXRoX3VzZXJfaWQiOiIxIn0=', '2018-04-30 20:42:22.549521'),
('929yq6avjymtvm8j02k9rvq2lfojn193', 'MTcyNzAxYWViYzg0MTUwM2JjOGZjZDRmZjYwMjAxMzkxZjhiOGNlYTp7Il9hdXRoX3VzZXJfaGFzaCI6Ijc2MjEwNWQwMGFlZDgyYzY0YTBmMDEyNjdjYzVhZjRhMmU2MTcwNmMiLCJfYXV0aF91c2VyX2JhY2tlbmQiOiJkamFuZ28uY29udHJpYi5hdXRoLmJhY2tlbmRzLk1vZGVsQmFja2VuZCIsIl9hdXRoX3VzZXJfaWQiOiIxIn0=', '2018-05-31 05:05:47.877304'),
('92uz2860oi5f7yhii1gr8cn14dnx7gkl', 'MTcyNzAxYWViYzg0MTUwM2JjOGZjZDRmZjYwMjAxMzkxZjhiOGNlYTp7Il9hdXRoX3VzZXJfaGFzaCI6Ijc2MjEwNWQwMGFlZDgyYzY0YTBmMDEyNjdjYzVhZjRhMmU2MTcwNmMiLCJfYXV0aF91c2VyX2JhY2tlbmQiOiJkamFuZ28uY29udHJpYi5hdXRoLmJhY2tlbmRzLk1vZGVsQmFja2VuZCIsIl9hdXRoX3VzZXJfaWQiOiIxIn0=', '2018-05-31 04:58:57.829096'),
('9531r6d7ao0ovrsor027m95y8ignt0rn', 'MTcyNzAxYWViYzg0MTUwM2JjOGZjZDRmZjYwMjAxMzkxZjhiOGNlYTp7Il9hdXRoX3VzZXJfaGFzaCI6Ijc2MjEwNWQwMGFlZDgyYzY0YTBmMDEyNjdjYzVhZjRhMmU2MTcwNmMiLCJfYXV0aF91c2VyX2JhY2tlbmQiOiJkamFuZ28uY29udHJpYi5hdXRoLmJhY2tlbmRzLk1vZGVsQmFja2VuZCIsIl9hdXRoX3VzZXJfaWQiOiIxIn0=', '2018-05-30 21:06:51.238735'),
('95mibljnpqzto13r3p1eo4kshncaw5bt', 'MTcyNzAxYWViYzg0MTUwM2JjOGZjZDRmZjYwMjAxMzkxZjhiOGNlYTp7Il9hdXRoX3VzZXJfaGFzaCI6Ijc2MjEwNWQwMGFlZDgyYzY0YTBmMDEyNjdjYzVhZjRhMmU2MTcwNmMiLCJfYXV0aF91c2VyX2JhY2tlbmQiOiJkamFuZ28uY29udHJpYi5hdXRoLmJhY2tlbmRzLk1vZGVsQmFja2VuZCIsIl9hdXRoX3VzZXJfaWQiOiIxIn0=', '2018-05-01 03:19:38.793051'),
('965mcokogtcvekpyl84cxpwl5ffa3hk7', 'MTcyNzAxYWViYzg0MTUwM2JjOGZjZDRmZjYwMjAxMzkxZjhiOGNlYTp7Il9hdXRoX3VzZXJfaGFzaCI6Ijc2MjEwNWQwMGFlZDgyYzY0YTBmMDEyNjdjYzVhZjRhMmU2MTcwNmMiLCJfYXV0aF91c2VyX2JhY2tlbmQiOiJkamFuZ28uY29udHJpYi5hdXRoLmJhY2tlbmRzLk1vZGVsQmFja2VuZCIsIl9hdXRoX3VzZXJfaWQiOiIxIn0=', '2018-05-31 05:26:20.207558'),
('9741r2vkb0sz1nyt1n2vc3fo99h7kx5i', 'MTcyNzAxYWViYzg0MTUwM2JjOGZjZDRmZjYwMjAxMzkxZjhiOGNlYTp7Il9hdXRoX3VzZXJfaGFzaCI6Ijc2MjEwNWQwMGFlZDgyYzY0YTBmMDEyNjdjYzVhZjRhMmU2MTcwNmMiLCJfYXV0aF91c2VyX2JhY2tlbmQiOiJkamFuZ28uY29udHJpYi5hdXRoLmJhY2tlbmRzLk1vZGVsQmFja2VuZCIsIl9hdXRoX3VzZXJfaWQiOiIxIn0=', '2018-04-30 20:36:40.534180'),
('9753o2fs8sdv55p1qf28ml8k16aftb9k', 'MTcyNzAxYWViYzg0MTUwM2JjOGZjZDRmZjYwMjAxMzkxZjhiOGNlYTp7Il9hdXRoX3VzZXJfaGFzaCI6Ijc2MjEwNWQwMGFlZDgyYzY0YTBmMDEyNjdjYzVhZjRhMmU2MTcwNmMiLCJfYXV0aF91c2VyX2JhY2tlbmQiOiJkamFuZ28uY29udHJpYi5hdXRoLmJhY2tlbmRzLk1vZGVsQmFja2VuZCIsIl9hdXRoX3VzZXJfaWQiOiIxIn0=', '2018-05-31 05:09:50.835146'),
('998abh6sn4rbbe9ykyveusmvhahparkj', 'MTcyNzAxYWViYzg0MTUwM2JjOGZjZDRmZjYwMjAxMzkxZjhiOGNlYTp7Il9hdXRoX3VzZXJfaGFzaCI6Ijc2MjEwNWQwMGFlZDgyYzY0YTBmMDEyNjdjYzVhZjRhMmU2MTcwNmMiLCJfYXV0aF91c2VyX2JhY2tlbmQiOiJkamFuZ28uY29udHJpYi5hdXRoLmJhY2tlbmRzLk1vZGVsQmFja2VuZCIsIl9hdXRoX3VzZXJfaWQiOiIxIn0=', '2018-05-31 18:39:16.474162'),
('99t4d08jwy5jd2fc9ehz1qat1eexw9em', 'MTcyNzAxYWViYzg0MTUwM2JjOGZjZDRmZjYwMjAxMzkxZjhiOGNlYTp7Il9hdXRoX3VzZXJfaGFzaCI6Ijc2MjEwNWQwMGFlZDgyYzY0YTBmMDEyNjdjYzVhZjRhMmU2MTcwNmMiLCJfYXV0aF91c2VyX2JhY2tlbmQiOiJkamFuZ28uY29udHJpYi5hdXRoLmJhY2tlbmRzLk1vZGVsQmFja2VuZCIsIl9hdXRoX3VzZXJfaWQiOiIxIn0=', '2018-04-23 07:07:34.176722'),
('9bn2oeywg1j6ajzbrm7lj8c87wzbhyt0', 'MTcyNzAxYWViYzg0MTUwM2JjOGZjZDRmZjYwMjAxMzkxZjhiOGNlYTp7Il9hdXRoX3VzZXJfaGFzaCI6Ijc2MjEwNWQwMGFlZDgyYzY0YTBmMDEyNjdjYzVhZjRhMmU2MTcwNmMiLCJfYXV0aF91c2VyX2JhY2tlbmQiOiJkamFuZ28uY29udHJpYi5hdXRoLmJhY2tlbmRzLk1vZGVsQmFja2VuZCIsIl9hdXRoX3VzZXJfaWQiOiIxIn0=', '2018-05-18 17:12:03.580106'),
('9bs374qz0yw4irea10etuk0zr6d798a4', 'MTcyNzAxYWViYzg0MTUwM2JjOGZjZDRmZjYwMjAxMzkxZjhiOGNlYTp7Il9hdXRoX3VzZXJfaGFzaCI6Ijc2MjEwNWQwMGFlZDgyYzY0YTBmMDEyNjdjYzVhZjRhMmU2MTcwNmMiLCJfYXV0aF91c2VyX2JhY2tlbmQiOiJkamFuZ28uY29udHJpYi5hdXRoLmJhY2tlbmRzLk1vZGVsQmFja2VuZCIsIl9hdXRoX3VzZXJfaWQiOiIxIn0=', '2018-04-30 21:44:42.893094'),
('9c13shcr9bhubudceyje28xn7jhsa007', 'MTcyNzAxYWViYzg0MTUwM2JjOGZjZDRmZjYwMjAxMzkxZjhiOGNlYTp7Il9hdXRoX3VzZXJfaGFzaCI6Ijc2MjEwNWQwMGFlZDgyYzY0YTBmMDEyNjdjYzVhZjRhMmU2MTcwNmMiLCJfYXV0aF91c2VyX2JhY2tlbmQiOiJkamFuZ28uY29udHJpYi5hdXRoLmJhY2tlbmRzLk1vZGVsQmFja2VuZCIsIl9hdXRoX3VzZXJfaWQiOiIxIn0=', '2018-05-31 17:29:22.506497'),
('9cjdoeyvkzwj4lmlflzyf9pfvwi0ju86', 'MTcyNzAxYWViYzg0MTUwM2JjOGZjZDRmZjYwMjAxMzkxZjhiOGNlYTp7Il9hdXRoX3VzZXJfaGFzaCI6Ijc2MjEwNWQwMGFlZDgyYzY0YTBmMDEyNjdjYzVhZjRhMmU2MTcwNmMiLCJfYXV0aF91c2VyX2JhY2tlbmQiOiJkamFuZ28uY29udHJpYi5hdXRoLmJhY2tlbmRzLk1vZGVsQmFja2VuZCIsIl9hdXRoX3VzZXJfaWQiOiIxIn0=', '2018-05-31 05:11:27.789418'),
('9ewcns2kpb2ivwwt0td1xch88pkdukvh', 'MTcyNzAxYWViYzg0MTUwM2JjOGZjZDRmZjYwMjAxMzkxZjhiOGNlYTp7Il9hdXRoX3VzZXJfaGFzaCI6Ijc2MjEwNWQwMGFlZDgyYzY0YTBmMDEyNjdjYzVhZjRhMmU2MTcwNmMiLCJfYXV0aF91c2VyX2JhY2tlbmQiOiJkamFuZ28uY29udHJpYi5hdXRoLmJhY2tlbmRzLk1vZGVsQmFja2VuZCIsIl9hdXRoX3VzZXJfaWQiOiIxIn0=', '2018-05-01 03:40:28.247703'),
('9fouukyna0ykfuhz6yo1g6qcjj475ayt', 'MTcyNzAxYWViYzg0MTUwM2JjOGZjZDRmZjYwMjAxMzkxZjhiOGNlYTp7Il9hdXRoX3VzZXJfaGFzaCI6Ijc2MjEwNWQwMGFlZDgyYzY0YTBmMDEyNjdjYzVhZjRhMmU2MTcwNmMiLCJfYXV0aF91c2VyX2JhY2tlbmQiOiJkamFuZ28uY29udHJpYi5hdXRoLmJhY2tlbmRzLk1vZGVsQmFja2VuZCIsIl9hdXRoX3VzZXJfaWQiOiIxIn0=', '2018-04-04 18:10:36.822438'),
('9g9xmah24nokesezi3pqjwec34yexxd6', 'MTcyNzAxYWViYzg0MTUwM2JjOGZjZDRmZjYwMjAxMzkxZjhiOGNlYTp7Il9hdXRoX3VzZXJfaGFzaCI6Ijc2MjEwNWQwMGFlZDgyYzY0YTBmMDEyNjdjYzVhZjRhMmU2MTcwNmMiLCJfYXV0aF91c2VyX2JhY2tlbmQiOiJkamFuZ28uY29udHJpYi5hdXRoLmJhY2tlbmRzLk1vZGVsQmFja2VuZCIsIl9hdXRoX3VzZXJfaWQiOiIxIn0=', '2018-05-31 17:01:21.545223'),
('9h6n7m86knyfx80c1r6vcjbqizj8quz3', 'MTcyNzAxYWViYzg0MTUwM2JjOGZjZDRmZjYwMjAxMzkxZjhiOGNlYTp7Il9hdXRoX3VzZXJfaGFzaCI6Ijc2MjEwNWQwMGFlZDgyYzY0YTBmMDEyNjdjYzVhZjRhMmU2MTcwNmMiLCJfYXV0aF91c2VyX2JhY2tlbmQiOiJkamFuZ28uY29udHJpYi5hdXRoLmJhY2tlbmRzLk1vZGVsQmFja2VuZCIsIl9hdXRoX3VzZXJfaWQiOiIxIn0=', '2018-05-31 05:13:13.486951'),
('9i34l308w8llyasjqh4znzljxld4rqv0', 'MTcyNzAxYWViYzg0MTUwM2JjOGZjZDRmZjYwMjAxMzkxZjhiOGNlYTp7Il9hdXRoX3VzZXJfaGFzaCI6Ijc2MjEwNWQwMGFlZDgyYzY0YTBmMDEyNjdjYzVhZjRhMmU2MTcwNmMiLCJfYXV0aF91c2VyX2JhY2tlbmQiOiJkamFuZ28uY29udHJpYi5hdXRoLmJhY2tlbmRzLk1vZGVsQmFja2VuZCIsIl9hdXRoX3VzZXJfaWQiOiIxIn0=', '2018-05-18 17:17:00.488772'),
('9ko3d550j1wrpevj93nyp39t1yuo8trx', 'MTcyNzAxYWViYzg0MTUwM2JjOGZjZDRmZjYwMjAxMzkxZjhiOGNlYTp7Il9hdXRoX3VzZXJfaGFzaCI6Ijc2MjEwNWQwMGFlZDgyYzY0YTBmMDEyNjdjYzVhZjRhMmU2MTcwNmMiLCJfYXV0aF91c2VyX2JhY2tlbmQiOiJkamFuZ28uY29udHJpYi5hdXRoLmJhY2tlbmRzLk1vZGVsQmFja2VuZCIsIl9hdXRoX3VzZXJfaWQiOiIxIn0=', '2018-04-30 21:45:05.209285'),
('9ligb42qjrg8vubc9xa4slvmrb3ka9wx', 'MTcyNzAxYWViYzg0MTUwM2JjOGZjZDRmZjYwMjAxMzkxZjhiOGNlYTp7Il9hdXRoX3VzZXJfaGFzaCI6Ijc2MjEwNWQwMGFlZDgyYzY0YTBmMDEyNjdjYzVhZjRhMmU2MTcwNmMiLCJfYXV0aF91c2VyX2JhY2tlbmQiOiJkamFuZ28uY29udHJpYi5hdXRoLmJhY2tlbmRzLk1vZGVsQmFja2VuZCIsIl9hdXRoX3VzZXJfaWQiOiIxIn0=', '2018-04-04 05:30:29.136333'),
('9m0ncye14fluaspvkhei0oddxhdkm6sj', 'MTcyNzAxYWViYzg0MTUwM2JjOGZjZDRmZjYwMjAxMzkxZjhiOGNlYTp7Il9hdXRoX3VzZXJfaGFzaCI6Ijc2MjEwNWQwMGFlZDgyYzY0YTBmMDEyNjdjYzVhZjRhMmU2MTcwNmMiLCJfYXV0aF91c2VyX2JhY2tlbmQiOiJkamFuZ28uY29udHJpYi5hdXRoLmJhY2tlbmRzLk1vZGVsQmFja2VuZCIsIl9hdXRoX3VzZXJfaWQiOiIxIn0=', '2018-05-30 21:36:43.951290'),
('9m37cbtoznr16qz7nmpmo8iyjpcul13u', 'MTcyNzAxYWViYzg0MTUwM2JjOGZjZDRmZjYwMjAxMzkxZjhiOGNlYTp7Il9hdXRoX3VzZXJfaGFzaCI6Ijc2MjEwNWQwMGFlZDgyYzY0YTBmMDEyNjdjYzVhZjRhMmU2MTcwNmMiLCJfYXV0aF91c2VyX2JhY2tlbmQiOiJkamFuZ28uY29udHJpYi5hdXRoLmJhY2tlbmRzLk1vZGVsQmFja2VuZCIsIl9hdXRoX3VzZXJfaWQiOiIxIn0=', '2018-04-30 20:41:10.168060'),
('9ng08gn5l5fzw1scnta8ekv7kfb4b5bs', 'MTcyNzAxYWViYzg0MTUwM2JjOGZjZDRmZjYwMjAxMzkxZjhiOGNlYTp7Il9hdXRoX3VzZXJfaGFzaCI6Ijc2MjEwNWQwMGFlZDgyYzY0YTBmMDEyNjdjYzVhZjRhMmU2MTcwNmMiLCJfYXV0aF91c2VyX2JhY2tlbmQiOiJkamFuZ28uY29udHJpYi5hdXRoLmJhY2tlbmRzLk1vZGVsQmFja2VuZCIsIl9hdXRoX3VzZXJfaWQiOiIxIn0=', '2018-05-31 18:01:37.282958'),
('9o0b4pnh84qt74ygwjrx93oxratumo0i', 'MTcyNzAxYWViYzg0MTUwM2JjOGZjZDRmZjYwMjAxMzkxZjhiOGNlYTp7Il9hdXRoX3VzZXJfaGFzaCI6Ijc2MjEwNWQwMGFlZDgyYzY0YTBmMDEyNjdjYzVhZjRhMmU2MTcwNmMiLCJfYXV0aF91c2VyX2JhY2tlbmQiOiJkamFuZ28uY29udHJpYi5hdXRoLmJhY2tlbmRzLk1vZGVsQmFja2VuZCIsIl9hdXRoX3VzZXJfaWQiOiIxIn0=', '2018-05-01 03:18:30.417887'),
('9rr7gqbhql7yifxkq6rlva9beh12sqwt', 'MTcyNzAxYWViYzg0MTUwM2JjOGZjZDRmZjYwMjAxMzkxZjhiOGNlYTp7Il9hdXRoX3VzZXJfaGFzaCI6Ijc2MjEwNWQwMGFlZDgyYzY0YTBmMDEyNjdjYzVhZjRhMmU2MTcwNmMiLCJfYXV0aF91c2VyX2JhY2tlbmQiOiJkamFuZ28uY29udHJpYi5hdXRoLmJhY2tlbmRzLk1vZGVsQmFja2VuZCIsIl9hdXRoX3VzZXJfaWQiOiIxIn0=', '2018-05-31 05:28:47.885939'),
('9v3s2v0eo10yu3ikpgjap5vh23bmjjv0', 'MTcyNzAxYWViYzg0MTUwM2JjOGZjZDRmZjYwMjAxMzkxZjhiOGNlYTp7Il9hdXRoX3VzZXJfaGFzaCI6Ijc2MjEwNWQwMGFlZDgyYzY0YTBmMDEyNjdjYzVhZjRhMmU2MTcwNmMiLCJfYXV0aF91c2VyX2JhY2tlbmQiOiJkamFuZ28uY29udHJpYi5hdXRoLmJhY2tlbmRzLk1vZGVsQmFja2VuZCIsIl9hdXRoX3VzZXJfaWQiOiIxIn0=', '2018-04-30 20:42:49.140303'),
('9vb6zp8ggcfdq0mu0nrrpkcstitl7zd5', 'MTcyNzAxYWViYzg0MTUwM2JjOGZjZDRmZjYwMjAxMzkxZjhiOGNlYTp7Il9hdXRoX3VzZXJfaGFzaCI6Ijc2MjEwNWQwMGFlZDgyYzY0YTBmMDEyNjdjYzVhZjRhMmU2MTcwNmMiLCJfYXV0aF91c2VyX2JhY2tlbmQiOiJkamFuZ28uY29udHJpYi5hdXRoLmJhY2tlbmRzLk1vZGVsQmFja2VuZCIsIl9hdXRoX3VzZXJfaWQiOiIxIn0=', '2018-05-31 05:12:14.884874'),
('9vvobt51qycz9mv8f9rx5lak2zefhz0k', 'MTcyNzAxYWViYzg0MTUwM2JjOGZjZDRmZjYwMjAxMzkxZjhiOGNlYTp7Il9hdXRoX3VzZXJfaGFzaCI6Ijc2MjEwNWQwMGFlZDgyYzY0YTBmMDEyNjdjYzVhZjRhMmU2MTcwNmMiLCJfYXV0aF91c2VyX2JhY2tlbmQiOiJkamFuZ28uY29udHJpYi5hdXRoLmJhY2tlbmRzLk1vZGVsQmFja2VuZCIsIl9hdXRoX3VzZXJfaWQiOiIxIn0=', '2018-05-31 16:29:58.705872'),
('9yhwor488w5sb4yw09efsqdqa8hg6bfm', 'MTcyNzAxYWViYzg0MTUwM2JjOGZjZDRmZjYwMjAxMzkxZjhiOGNlYTp7Il9hdXRoX3VzZXJfaGFzaCI6Ijc2MjEwNWQwMGFlZDgyYzY0YTBmMDEyNjdjYzVhZjRhMmU2MTcwNmMiLCJfYXV0aF91c2VyX2JhY2tlbmQiOiJkamFuZ28uY29udHJpYi5hdXRoLmJhY2tlbmRzLk1vZGVsQmFja2VuZCIsIl9hdXRoX3VzZXJfaWQiOiIxIn0=', '2018-05-30 21:16:44.375008'),
('9z4xnrx9vu48clhzw99q5aynm7h5crin', 'MTcyNzAxYWViYzg0MTUwM2JjOGZjZDRmZjYwMjAxMzkxZjhiOGNlYTp7Il9hdXRoX3VzZXJfaGFzaCI6Ijc2MjEwNWQwMGFlZDgyYzY0YTBmMDEyNjdjYzVhZjRhMmU2MTcwNmMiLCJfYXV0aF91c2VyX2JhY2tlbmQiOiJkamFuZ28uY29udHJpYi5hdXRoLmJhY2tlbmRzLk1vZGVsQmFja2VuZCIsIl9hdXRoX3VzZXJfaWQiOiIxIn0=', '2018-05-01 03:19:04.139148'),
('9zizzvr3k3wui9wdhnsb4kg1moqjbo7n', 'MTcyNzAxYWViYzg0MTUwM2JjOGZjZDRmZjYwMjAxMzkxZjhiOGNlYTp7Il9hdXRoX3VzZXJfaGFzaCI6Ijc2MjEwNWQwMGFlZDgyYzY0YTBmMDEyNjdjYzVhZjRhMmU2MTcwNmMiLCJfYXV0aF91c2VyX2JhY2tlbmQiOiJkamFuZ28uY29udHJpYi5hdXRoLmJhY2tlbmRzLk1vZGVsQmFja2VuZCIsIl9hdXRoX3VzZXJfaWQiOiIxIn0=', '2018-05-18 17:12:56.121894'),
('a021fh7me7l8z5cvuh8hv3mfi0dg243o', 'MTcyNzAxYWViYzg0MTUwM2JjOGZjZDRmZjYwMjAxMzkxZjhiOGNlYTp7Il9hdXRoX3VzZXJfaGFzaCI6Ijc2MjEwNWQwMGFlZDgyYzY0YTBmMDEyNjdjYzVhZjRhMmU2MTcwNmMiLCJfYXV0aF91c2VyX2JhY2tlbmQiOiJkamFuZ28uY29udHJpYi5hdXRoLmJhY2tlbmRzLk1vZGVsQmFja2VuZCIsIl9hdXRoX3VzZXJfaWQiOiIxIn0=', '2018-05-31 05:25:41.292025'),
('a2fvt7ymxrlq3mb45mkl39xfbuw25gzx', 'MTcyNzAxYWViYzg0MTUwM2JjOGZjZDRmZjYwMjAxMzkxZjhiOGNlYTp7Il9hdXRoX3VzZXJfaGFzaCI6Ijc2MjEwNWQwMGFlZDgyYzY0YTBmMDEyNjdjYzVhZjRhMmU2MTcwNmMiLCJfYXV0aF91c2VyX2JhY2tlbmQiOiJkamFuZ28uY29udHJpYi5hdXRoLmJhY2tlbmRzLk1vZGVsQmFja2VuZCIsIl9hdXRoX3VzZXJfaWQiOiIxIn0=', '2018-04-04 03:46:35.798174'),
('a2i7jn3cfptojd7hqbnfl4fmuyngonun', 'MTcyNzAxYWViYzg0MTUwM2JjOGZjZDRmZjYwMjAxMzkxZjhiOGNlYTp7Il9hdXRoX3VzZXJfaGFzaCI6Ijc2MjEwNWQwMGFlZDgyYzY0YTBmMDEyNjdjYzVhZjRhMmU2MTcwNmMiLCJfYXV0aF91c2VyX2JhY2tlbmQiOiJkamFuZ28uY29udHJpYi5hdXRoLmJhY2tlbmRzLk1vZGVsQmFja2VuZCIsIl9hdXRoX3VzZXJfaWQiOiIxIn0=', '2018-05-31 17:16:51.367273'),
('a4x0guhwk0bhksjvr5kaff74szhw6q8o', 'MTcyNzAxYWViYzg0MTUwM2JjOGZjZDRmZjYwMjAxMzkxZjhiOGNlYTp7Il9hdXRoX3VzZXJfaGFzaCI6Ijc2MjEwNWQwMGFlZDgyYzY0YTBmMDEyNjdjYzVhZjRhMmU2MTcwNmMiLCJfYXV0aF91c2VyX2JhY2tlbmQiOiJkamFuZ28uY29udHJpYi5hdXRoLmJhY2tlbmRzLk1vZGVsQmFja2VuZCIsIl9hdXRoX3VzZXJfaWQiOiIxIn0=', '2018-04-04 18:51:17.361868'),
('a5aw7huhv3r1hql40hzl8po8w8jtnorp', 'MTcyNzAxYWViYzg0MTUwM2JjOGZjZDRmZjYwMjAxMzkxZjhiOGNlYTp7Il9hdXRoX3VzZXJfaGFzaCI6Ijc2MjEwNWQwMGFlZDgyYzY0YTBmMDEyNjdjYzVhZjRhMmU2MTcwNmMiLCJfYXV0aF91c2VyX2JhY2tlbmQiOiJkamFuZ28uY29udHJpYi5hdXRoLmJhY2tlbmRzLk1vZGVsQmFja2VuZCIsIl9hdXRoX3VzZXJfaWQiOiIxIn0=', '2018-04-04 18:07:20.165731'),
('a5eaywlgpyk8hpvkv8ct3yk4oqo1cqaa', 'MTcyNzAxYWViYzg0MTUwM2JjOGZjZDRmZjYwMjAxMzkxZjhiOGNlYTp7Il9hdXRoX3VzZXJfaGFzaCI6Ijc2MjEwNWQwMGFlZDgyYzY0YTBmMDEyNjdjYzVhZjRhMmU2MTcwNmMiLCJfYXV0aF91c2VyX2JhY2tlbmQiOiJkamFuZ28uY29udHJpYi5hdXRoLmJhY2tlbmRzLk1vZGVsQmFja2VuZCIsIl9hdXRoX3VzZXJfaWQiOiIxIn0=', '2018-05-01 03:30:10.317789'),
('a6vqxuisxb1m6977es9lwibba7vripu9', 'MTcyNzAxYWViYzg0MTUwM2JjOGZjZDRmZjYwMjAxMzkxZjhiOGNlYTp7Il9hdXRoX3VzZXJfaGFzaCI6Ijc2MjEwNWQwMGFlZDgyYzY0YTBmMDEyNjdjYzVhZjRhMmU2MTcwNmMiLCJfYXV0aF91c2VyX2JhY2tlbmQiOiJkamFuZ28uY29udHJpYi5hdXRoLmJhY2tlbmRzLk1vZGVsQmFja2VuZCIsIl9hdXRoX3VzZXJfaWQiOiIxIn0=', '2018-05-18 17:30:46.787721'),
('a9joqwkw4eur4j1m9ci7d8muabywnkxt', 'MTcyNzAxYWViYzg0MTUwM2JjOGZjZDRmZjYwMjAxMzkxZjhiOGNlYTp7Il9hdXRoX3VzZXJfaGFzaCI6Ijc2MjEwNWQwMGFlZDgyYzY0YTBmMDEyNjdjYzVhZjRhMmU2MTcwNmMiLCJfYXV0aF91c2VyX2JhY2tlbmQiOiJkamFuZ28uY29udHJpYi5hdXRoLmJhY2tlbmRzLk1vZGVsQmFja2VuZCIsIl9hdXRoX3VzZXJfaWQiOiIxIn0=', '2018-04-05 19:11:40.955381'),
('a9wkje9en8dlu4u0ays70nam05zf2rzn', 'MTcyNzAxYWViYzg0MTUwM2JjOGZjZDRmZjYwMjAxMzkxZjhiOGNlYTp7Il9hdXRoX3VzZXJfaGFzaCI6Ijc2MjEwNWQwMGFlZDgyYzY0YTBmMDEyNjdjYzVhZjRhMmU2MTcwNmMiLCJfYXV0aF91c2VyX2JhY2tlbmQiOiJkamFuZ28uY29udHJpYi5hdXRoLmJhY2tlbmRzLk1vZGVsQmFja2VuZCIsIl9hdXRoX3VzZXJfaWQiOiIxIn0=', '2018-04-05 20:51:25.604285'),
('a9zixsu6qnawmbdktryqct7uj5idf25i', 'MTcyNzAxYWViYzg0MTUwM2JjOGZjZDRmZjYwMjAxMzkxZjhiOGNlYTp7Il9hdXRoX3VzZXJfaGFzaCI6Ijc2MjEwNWQwMGFlZDgyYzY0YTBmMDEyNjdjYzVhZjRhMmU2MTcwNmMiLCJfYXV0aF91c2VyX2JhY2tlbmQiOiJkamFuZ28uY29udHJpYi5hdXRoLmJhY2tlbmRzLk1vZGVsQmFja2VuZCIsIl9hdXRoX3VzZXJfaWQiOiIxIn0=', '2018-05-01 03:45:07.585929'),
('aa9b700l8p6c3j1aso0d3ejni0ggd636', 'MTcyNzAxYWViYzg0MTUwM2JjOGZjZDRmZjYwMjAxMzkxZjhiOGNlYTp7Il9hdXRoX3VzZXJfaGFzaCI6Ijc2MjEwNWQwMGFlZDgyYzY0YTBmMDEyNjdjYzVhZjRhMmU2MTcwNmMiLCJfYXV0aF91c2VyX2JhY2tlbmQiOiJkamFuZ28uY29udHJpYi5hdXRoLmJhY2tlbmRzLk1vZGVsQmFja2VuZCIsIl9hdXRoX3VzZXJfaWQiOiIxIn0=', '2018-05-18 17:29:16.361012'),
('abu5q81gy0soc37dbhodto2hzlj1usij', 'MTcyNzAxYWViYzg0MTUwM2JjOGZjZDRmZjYwMjAxMzkxZjhiOGNlYTp7Il9hdXRoX3VzZXJfaGFzaCI6Ijc2MjEwNWQwMGFlZDgyYzY0YTBmMDEyNjdjYzVhZjRhMmU2MTcwNmMiLCJfYXV0aF91c2VyX2JhY2tlbmQiOiJkamFuZ28uY29udHJpYi5hdXRoLmJhY2tlbmRzLk1vZGVsQmFja2VuZCIsIl9hdXRoX3VzZXJfaWQiOiIxIn0=', '2018-05-31 04:58:35.642131'),
('ad4cmulnadx7ahxisfnbg605rz3gcwqd', 'MTcyNzAxYWViYzg0MTUwM2JjOGZjZDRmZjYwMjAxMzkxZjhiOGNlYTp7Il9hdXRoX3VzZXJfaGFzaCI6Ijc2MjEwNWQwMGFlZDgyYzY0YTBmMDEyNjdjYzVhZjRhMmU2MTcwNmMiLCJfYXV0aF91c2VyX2JhY2tlbmQiOiJkamFuZ28uY29udHJpYi5hdXRoLmJhY2tlbmRzLk1vZGVsQmFja2VuZCIsIl9hdXRoX3VzZXJfaWQiOiIxIn0=', '2018-04-05 20:52:24.777457'),
('ae7cpooyp41dyn064pk1c17az3tvdpv7', 'MTcyNzAxYWViYzg0MTUwM2JjOGZjZDRmZjYwMjAxMzkxZjhiOGNlYTp7Il9hdXRoX3VzZXJfaGFzaCI6Ijc2MjEwNWQwMGFlZDgyYzY0YTBmMDEyNjdjYzVhZjRhMmU2MTcwNmMiLCJfYXV0aF91c2VyX2JhY2tlbmQiOiJkamFuZ28uY29udHJpYi5hdXRoLmJhY2tlbmRzLk1vZGVsQmFja2VuZCIsIl9hdXRoX3VzZXJfaWQiOiIxIn0=', '2018-05-31 05:00:38.488879'),
('ae7yupp4mfd1yh6q1uahs6ur3m6fhv9u', 'MTcyNzAxYWViYzg0MTUwM2JjOGZjZDRmZjYwMjAxMzkxZjhiOGNlYTp7Il9hdXRoX3VzZXJfaGFzaCI6Ijc2MjEwNWQwMGFlZDgyYzY0YTBmMDEyNjdjYzVhZjRhMmU2MTcwNmMiLCJfYXV0aF91c2VyX2JhY2tlbmQiOiJkamFuZ28uY29udHJpYi5hdXRoLmJhY2tlbmRzLk1vZGVsQmFja2VuZCIsIl9hdXRoX3VzZXJfaWQiOiIxIn0=', '2018-04-23 07:02:42.216072'),
('ae98hvj7awx6lk7lhb0l95jq2camdsxi', 'MTcyNzAxYWViYzg0MTUwM2JjOGZjZDRmZjYwMjAxMzkxZjhiOGNlYTp7Il9hdXRoX3VzZXJfaGFzaCI6Ijc2MjEwNWQwMGFlZDgyYzY0YTBmMDEyNjdjYzVhZjRhMmU2MTcwNmMiLCJfYXV0aF91c2VyX2JhY2tlbmQiOiJkamFuZ28uY29udHJpYi5hdXRoLmJhY2tlbmRzLk1vZGVsQmFja2VuZCIsIl9hdXRoX3VzZXJfaWQiOiIxIn0=', '2018-04-04 05:33:50.376150'),
('ag4gzxgpu2uktsey3lqv1kp9s4ovxysl', 'MTcyNzAxYWViYzg0MTUwM2JjOGZjZDRmZjYwMjAxMzkxZjhiOGNlYTp7Il9hdXRoX3VzZXJfaGFzaCI6Ijc2MjEwNWQwMGFlZDgyYzY0YTBmMDEyNjdjYzVhZjRhMmU2MTcwNmMiLCJfYXV0aF91c2VyX2JhY2tlbmQiOiJkamFuZ28uY29udHJpYi5hdXRoLmJhY2tlbmRzLk1vZGVsQmFja2VuZCIsIl9hdXRoX3VzZXJfaWQiOiIxIn0=', '2018-05-31 05:27:16.071311'),
('agkn94ii5dp9it24vskgovigqhe666wy', 'MTcyNzAxYWViYzg0MTUwM2JjOGZjZDRmZjYwMjAxMzkxZjhiOGNlYTp7Il9hdXRoX3VzZXJfaGFzaCI6Ijc2MjEwNWQwMGFlZDgyYzY0YTBmMDEyNjdjYzVhZjRhMmU2MTcwNmMiLCJfYXV0aF91c2VyX2JhY2tlbmQiOiJkamFuZ28uY29udHJpYi5hdXRoLmJhY2tlbmRzLk1vZGVsQmFja2VuZCIsIl9hdXRoX3VzZXJfaWQiOiIxIn0=', '2018-04-30 20:41:20.825504'),
('agu8fwuiatehoz406iv6y5qop7eg0du6', 'MTcyNzAxYWViYzg0MTUwM2JjOGZjZDRmZjYwMjAxMzkxZjhiOGNlYTp7Il9hdXRoX3VzZXJfaGFzaCI6Ijc2MjEwNWQwMGFlZDgyYzY0YTBmMDEyNjdjYzVhZjRhMmU2MTcwNmMiLCJfYXV0aF91c2VyX2JhY2tlbmQiOiJkamFuZ28uY29udHJpYi5hdXRoLmJhY2tlbmRzLk1vZGVsQmFja2VuZCIsIl9hdXRoX3VzZXJfaWQiOiIxIn0=', '2018-04-23 07:07:29.742595'),
('ah1rgjarvyezw5m250z3xcvjddpag4av', 'MTcyNzAxYWViYzg0MTUwM2JjOGZjZDRmZjYwMjAxMzkxZjhiOGNlYTp7Il9hdXRoX3VzZXJfaGFzaCI6Ijc2MjEwNWQwMGFlZDgyYzY0YTBmMDEyNjdjYzVhZjRhMmU2MTcwNmMiLCJfYXV0aF91c2VyX2JhY2tlbmQiOiJkamFuZ28uY29udHJpYi5hdXRoLmJhY2tlbmRzLk1vZGVsQmFja2VuZCIsIl9hdXRoX3VzZXJfaWQiOiIxIn0=', '2018-04-30 20:11:16.977908'),
('ah3vua5tu5epqp1pmpm7hcc8zecdzp2e', 'MTcyNzAxYWViYzg0MTUwM2JjOGZjZDRmZjYwMjAxMzkxZjhiOGNlYTp7Il9hdXRoX3VzZXJfaGFzaCI6Ijc2MjEwNWQwMGFlZDgyYzY0YTBmMDEyNjdjYzVhZjRhMmU2MTcwNmMiLCJfYXV0aF91c2VyX2JhY2tlbmQiOiJkamFuZ28uY29udHJpYi5hdXRoLmJhY2tlbmRzLk1vZGVsQmFja2VuZCIsIl9hdXRoX3VzZXJfaWQiOiIxIn0=', '2018-04-04 05:21:38.196813'),
('ahtpqq7bh3t8fzuxerhbn3zhtvm1viit', 'MTcyNzAxYWViYzg0MTUwM2JjOGZjZDRmZjYwMjAxMzkxZjhiOGNlYTp7Il9hdXRoX3VzZXJfaGFzaCI6Ijc2MjEwNWQwMGFlZDgyYzY0YTBmMDEyNjdjYzVhZjRhMmU2MTcwNmMiLCJfYXV0aF91c2VyX2JhY2tlbmQiOiJkamFuZ28uY29udHJpYi5hdXRoLmJhY2tlbmRzLk1vZGVsQmFja2VuZCIsIl9hdXRoX3VzZXJfaWQiOiIxIn0=', '2018-04-04 03:42:42.480699'),
('aiisxou99mnq3up6dkx68d9rks9su1we', 'MTcyNzAxYWViYzg0MTUwM2JjOGZjZDRmZjYwMjAxMzkxZjhiOGNlYTp7Il9hdXRoX3VzZXJfaGFzaCI6Ijc2MjEwNWQwMGFlZDgyYzY0YTBmMDEyNjdjYzVhZjRhMmU2MTcwNmMiLCJfYXV0aF91c2VyX2JhY2tlbmQiOiJkamFuZ28uY29udHJpYi5hdXRoLmJhY2tlbmRzLk1vZGVsQmFja2VuZCIsIl9hdXRoX3VzZXJfaWQiOiIxIn0=', '2018-05-01 03:19:09.390590'),
('aiw1898vqsb700zcupl6xpgp332j6sfp', 'MTcyNzAxYWViYzg0MTUwM2JjOGZjZDRmZjYwMjAxMzkxZjhiOGNlYTp7Il9hdXRoX3VzZXJfaGFzaCI6Ijc2MjEwNWQwMGFlZDgyYzY0YTBmMDEyNjdjYzVhZjRhMmU2MTcwNmMiLCJfYXV0aF91c2VyX2JhY2tlbmQiOiJkamFuZ28uY29udHJpYi5hdXRoLmJhY2tlbmRzLk1vZGVsQmFja2VuZCIsIl9hdXRoX3VzZXJfaWQiOiIxIn0=', '2018-04-30 20:55:48.695720'),
('aj5aq6y3hggh1inmoiq8v8d6b54p9np9', 'MTcyNzAxYWViYzg0MTUwM2JjOGZjZDRmZjYwMjAxMzkxZjhiOGNlYTp7Il9hdXRoX3VzZXJfaGFzaCI6Ijc2MjEwNWQwMGFlZDgyYzY0YTBmMDEyNjdjYzVhZjRhMmU2MTcwNmMiLCJfYXV0aF91c2VyX2JhY2tlbmQiOiJkamFuZ28uY29udHJpYi5hdXRoLmJhY2tlbmRzLk1vZGVsQmFja2VuZCIsIl9hdXRoX3VzZXJfaWQiOiIxIn0=', '2018-05-18 17:17:52.979010'),
('ajdkxfd15ucge4cmaf39orgf9g4glyno', 'MTcyNzAxYWViYzg0MTUwM2JjOGZjZDRmZjYwMjAxMzkxZjhiOGNlYTp7Il9hdXRoX3VzZXJfaGFzaCI6Ijc2MjEwNWQwMGFlZDgyYzY0YTBmMDEyNjdjYzVhZjRhMmU2MTcwNmMiLCJfYXV0aF91c2VyX2JhY2tlbmQiOiJkamFuZ28uY29udHJpYi5hdXRoLmJhY2tlbmRzLk1vZGVsQmFja2VuZCIsIl9hdXRoX3VzZXJfaWQiOiIxIn0=', '2018-04-04 18:10:40.905492');
INSERT INTO `django_session` (`session_key`, `session_data`, `expire_date`) VALUES
('ajll9z8m6fh8h16qbhllounip41g8zrz', 'MTcyNzAxYWViYzg0MTUwM2JjOGZjZDRmZjYwMjAxMzkxZjhiOGNlYTp7Il9hdXRoX3VzZXJfaGFzaCI6Ijc2MjEwNWQwMGFlZDgyYzY0YTBmMDEyNjdjYzVhZjRhMmU2MTcwNmMiLCJfYXV0aF91c2VyX2JhY2tlbmQiOiJkamFuZ28uY29udHJpYi5hdXRoLmJhY2tlbmRzLk1vZGVsQmFja2VuZCIsIl9hdXRoX3VzZXJfaWQiOiIxIn0=', '2018-04-04 05:33:41.632875'),
('amd2tdp4lrcsdnxb390zu03y3ch9gobs', 'MTcyNzAxYWViYzg0MTUwM2JjOGZjZDRmZjYwMjAxMzkxZjhiOGNlYTp7Il9hdXRoX3VzZXJfaGFzaCI6Ijc2MjEwNWQwMGFlZDgyYzY0YTBmMDEyNjdjYzVhZjRhMmU2MTcwNmMiLCJfYXV0aF91c2VyX2JhY2tlbmQiOiJkamFuZ28uY29udHJpYi5hdXRoLmJhY2tlbmRzLk1vZGVsQmFja2VuZCIsIl9hdXRoX3VzZXJfaWQiOiIxIn0=', '2018-05-31 04:02:20.903090'),
('amh9neeheb2nwf1ln3301wgzlq054qye', 'MTcyNzAxYWViYzg0MTUwM2JjOGZjZDRmZjYwMjAxMzkxZjhiOGNlYTp7Il9hdXRoX3VzZXJfaGFzaCI6Ijc2MjEwNWQwMGFlZDgyYzY0YTBmMDEyNjdjYzVhZjRhMmU2MTcwNmMiLCJfYXV0aF91c2VyX2JhY2tlbmQiOiJkamFuZ28uY29udHJpYi5hdXRoLmJhY2tlbmRzLk1vZGVsQmFja2VuZCIsIl9hdXRoX3VzZXJfaWQiOiIxIn0=', '2018-05-18 17:33:12.728789'),
('anhoospbcwfjidwlfv8bqkwmitj0uoik', 'MTcyNzAxYWViYzg0MTUwM2JjOGZjZDRmZjYwMjAxMzkxZjhiOGNlYTp7Il9hdXRoX3VzZXJfaGFzaCI6Ijc2MjEwNWQwMGFlZDgyYzY0YTBmMDEyNjdjYzVhZjRhMmU2MTcwNmMiLCJfYXV0aF91c2VyX2JhY2tlbmQiOiJkamFuZ28uY29udHJpYi5hdXRoLmJhY2tlbmRzLk1vZGVsQmFja2VuZCIsIl9hdXRoX3VzZXJfaWQiOiIxIn0=', '2018-05-30 21:37:09.269060'),
('apdldrw0hkvm102yyn6ktyi6gaimhki8', 'MTcyNzAxYWViYzg0MTUwM2JjOGZjZDRmZjYwMjAxMzkxZjhiOGNlYTp7Il9hdXRoX3VzZXJfaGFzaCI6Ijc2MjEwNWQwMGFlZDgyYzY0YTBmMDEyNjdjYzVhZjRhMmU2MTcwNmMiLCJfYXV0aF91c2VyX2JhY2tlbmQiOiJkamFuZ28uY29udHJpYi5hdXRoLmJhY2tlbmRzLk1vZGVsQmFja2VuZCIsIl9hdXRoX3VzZXJfaWQiOiIxIn0=', '2018-04-04 18:52:27.431706'),
('appz68usqr0fx71x6fi6yeo1epa2y6y8', 'MTcyNzAxYWViYzg0MTUwM2JjOGZjZDRmZjYwMjAxMzkxZjhiOGNlYTp7Il9hdXRoX3VzZXJfaGFzaCI6Ijc2MjEwNWQwMGFlZDgyYzY0YTBmMDEyNjdjYzVhZjRhMmU2MTcwNmMiLCJfYXV0aF91c2VyX2JhY2tlbmQiOiJkamFuZ28uY29udHJpYi5hdXRoLmJhY2tlbmRzLk1vZGVsQmFja2VuZCIsIl9hdXRoX3VzZXJfaWQiOiIxIn0=', '2018-05-31 04:48:36.062131'),
('aqkx7me2xtgdoeow3ev7tfsjab4ml4ww', 'MTcyNzAxYWViYzg0MTUwM2JjOGZjZDRmZjYwMjAxMzkxZjhiOGNlYTp7Il9hdXRoX3VzZXJfaGFzaCI6Ijc2MjEwNWQwMGFlZDgyYzY0YTBmMDEyNjdjYzVhZjRhMmU2MTcwNmMiLCJfYXV0aF91c2VyX2JhY2tlbmQiOiJkamFuZ28uY29udHJpYi5hdXRoLmJhY2tlbmRzLk1vZGVsQmFja2VuZCIsIl9hdXRoX3VzZXJfaWQiOiIxIn0=', '2018-04-30 21:08:06.200992'),
('at6s7i6xeahska5tle3fz2wys9ijz7bv', 'MTcyNzAxYWViYzg0MTUwM2JjOGZjZDRmZjYwMjAxMzkxZjhiOGNlYTp7Il9hdXRoX3VzZXJfaGFzaCI6Ijc2MjEwNWQwMGFlZDgyYzY0YTBmMDEyNjdjYzVhZjRhMmU2MTcwNmMiLCJfYXV0aF91c2VyX2JhY2tlbmQiOiJkamFuZ28uY29udHJpYi5hdXRoLmJhY2tlbmRzLk1vZGVsQmFja2VuZCIsIl9hdXRoX3VzZXJfaWQiOiIxIn0=', '2018-05-31 03:57:28.509944'),
('atilqgtyliyn3c7ek9j2wqidysq9n9yn', 'MTcyNzAxYWViYzg0MTUwM2JjOGZjZDRmZjYwMjAxMzkxZjhiOGNlYTp7Il9hdXRoX3VzZXJfaGFzaCI6Ijc2MjEwNWQwMGFlZDgyYzY0YTBmMDEyNjdjYzVhZjRhMmU2MTcwNmMiLCJfYXV0aF91c2VyX2JhY2tlbmQiOiJkamFuZ28uY29udHJpYi5hdXRoLmJhY2tlbmRzLk1vZGVsQmFja2VuZCIsIl9hdXRoX3VzZXJfaWQiOiIxIn0=', '2018-05-18 17:17:12.626744'),
('auub4io374wxm1dr2u2o7bdp1g7tg2v7', 'MTcyNzAxYWViYzg0MTUwM2JjOGZjZDRmZjYwMjAxMzkxZjhiOGNlYTp7Il9hdXRoX3VzZXJfaGFzaCI6Ijc2MjEwNWQwMGFlZDgyYzY0YTBmMDEyNjdjYzVhZjRhMmU2MTcwNmMiLCJfYXV0aF91c2VyX2JhY2tlbmQiOiJkamFuZ28uY29udHJpYi5hdXRoLmJhY2tlbmRzLk1vZGVsQmFja2VuZCIsIl9hdXRoX3VzZXJfaWQiOiIxIn0=', '2018-04-04 18:10:52.988697'),
('av3dgm81t10yqi0ywkdxmzwkbvca5sg8', 'MTcyNzAxYWViYzg0MTUwM2JjOGZjZDRmZjYwMjAxMzkxZjhiOGNlYTp7Il9hdXRoX3VzZXJfaGFzaCI6Ijc2MjEwNWQwMGFlZDgyYzY0YTBmMDEyNjdjYzVhZjRhMmU2MTcwNmMiLCJfYXV0aF91c2VyX2JhY2tlbmQiOiJkamFuZ28uY29udHJpYi5hdXRoLmJhY2tlbmRzLk1vZGVsQmFja2VuZCIsIl9hdXRoX3VzZXJfaWQiOiIxIn0=', '2018-05-31 04:48:42.414524'),
('avsur5ik0714qc6p0hlqe47mi9snswqx', 'MTcyNzAxYWViYzg0MTUwM2JjOGZjZDRmZjYwMjAxMzkxZjhiOGNlYTp7Il9hdXRoX3VzZXJfaGFzaCI6Ijc2MjEwNWQwMGFlZDgyYzY0YTBmMDEyNjdjYzVhZjRhMmU2MTcwNmMiLCJfYXV0aF91c2VyX2JhY2tlbmQiOiJkamFuZ28uY29udHJpYi5hdXRoLmJhY2tlbmRzLk1vZGVsQmFja2VuZCIsIl9hdXRoX3VzZXJfaWQiOiIxIn0=', '2018-04-02 23:04:09.958039'),
('avuff18morbm473izkxra42oereu31hd', 'MTcyNzAxYWViYzg0MTUwM2JjOGZjZDRmZjYwMjAxMzkxZjhiOGNlYTp7Il9hdXRoX3VzZXJfaGFzaCI6Ijc2MjEwNWQwMGFlZDgyYzY0YTBmMDEyNjdjYzVhZjRhMmU2MTcwNmMiLCJfYXV0aF91c2VyX2JhY2tlbmQiOiJkamFuZ28uY29udHJpYi5hdXRoLmJhY2tlbmRzLk1vZGVsQmFja2VuZCIsIl9hdXRoX3VzZXJfaWQiOiIxIn0=', '2018-04-30 20:51:24.643404'),
('avzghgg8gs8ho649ds6yn6dcgc255umi', 'MTcyNzAxYWViYzg0MTUwM2JjOGZjZDRmZjYwMjAxMzkxZjhiOGNlYTp7Il9hdXRoX3VzZXJfaGFzaCI6Ijc2MjEwNWQwMGFlZDgyYzY0YTBmMDEyNjdjYzVhZjRhMmU2MTcwNmMiLCJfYXV0aF91c2VyX2JhY2tlbmQiOiJkamFuZ28uY29udHJpYi5hdXRoLmJhY2tlbmRzLk1vZGVsQmFja2VuZCIsIl9hdXRoX3VzZXJfaWQiOiIxIn0=', '2018-04-30 21:12:48.875973'),
('awl4oqotiiyjsunnehak9wv3cevtccnv', 'MTcyNzAxYWViYzg0MTUwM2JjOGZjZDRmZjYwMjAxMzkxZjhiOGNlYTp7Il9hdXRoX3VzZXJfaGFzaCI6Ijc2MjEwNWQwMGFlZDgyYzY0YTBmMDEyNjdjYzVhZjRhMmU2MTcwNmMiLCJfYXV0aF91c2VyX2JhY2tlbmQiOiJkamFuZ28uY29udHJpYi5hdXRoLmJhY2tlbmRzLk1vZGVsQmFja2VuZCIsIl9hdXRoX3VzZXJfaWQiOiIxIn0=', '2018-04-30 21:16:20.305367'),
('axr6y8o610jsg56r1whqgimzyjkbpqus', 'MTcyNzAxYWViYzg0MTUwM2JjOGZjZDRmZjYwMjAxMzkxZjhiOGNlYTp7Il9hdXRoX3VzZXJfaGFzaCI6Ijc2MjEwNWQwMGFlZDgyYzY0YTBmMDEyNjdjYzVhZjRhMmU2MTcwNmMiLCJfYXV0aF91c2VyX2JhY2tlbmQiOiJkamFuZ28uY29udHJpYi5hdXRoLmJhY2tlbmRzLk1vZGVsQmFja2VuZCIsIl9hdXRoX3VzZXJfaWQiOiIxIn0=', '2018-04-30 21:50:49.761693'),
('az48xjm7t38ihkk6hk8dl7qdv513r46d', 'MTcyNzAxYWViYzg0MTUwM2JjOGZjZDRmZjYwMjAxMzkxZjhiOGNlYTp7Il9hdXRoX3VzZXJfaGFzaCI6Ijc2MjEwNWQwMGFlZDgyYzY0YTBmMDEyNjdjYzVhZjRhMmU2MTcwNmMiLCJfYXV0aF91c2VyX2JhY2tlbmQiOiJkamFuZ28uY29udHJpYi5hdXRoLmJhY2tlbmRzLk1vZGVsQmFja2VuZCIsIl9hdXRoX3VzZXJfaWQiOiIxIn0=', '2018-04-30 20:09:38.187334'),
('az5y3m2xxp40jwa9xe44rw455uuuheax', 'MTcyNzAxYWViYzg0MTUwM2JjOGZjZDRmZjYwMjAxMzkxZjhiOGNlYTp7Il9hdXRoX3VzZXJfaGFzaCI6Ijc2MjEwNWQwMGFlZDgyYzY0YTBmMDEyNjdjYzVhZjRhMmU2MTcwNmMiLCJfYXV0aF91c2VyX2JhY2tlbmQiOiJkamFuZ28uY29udHJpYi5hdXRoLmJhY2tlbmRzLk1vZGVsQmFja2VuZCIsIl9hdXRoX3VzZXJfaWQiOiIxIn0=', '2018-05-01 03:49:26.454110'),
('b102f133gl95qkjjo0nmql93xq6pf5og', 'MTcyNzAxYWViYzg0MTUwM2JjOGZjZDRmZjYwMjAxMzkxZjhiOGNlYTp7Il9hdXRoX3VzZXJfaGFzaCI6Ijc2MjEwNWQwMGFlZDgyYzY0YTBmMDEyNjdjYzVhZjRhMmU2MTcwNmMiLCJfYXV0aF91c2VyX2JhY2tlbmQiOiJkamFuZ28uY29udHJpYi5hdXRoLmJhY2tlbmRzLk1vZGVsQmFja2VuZCIsIl9hdXRoX3VzZXJfaWQiOiIxIn0=', '2018-05-31 04:55:59.732925'),
('b1i62it5ddh77shizgoktuihry7o01wf', 'MTcyNzAxYWViYzg0MTUwM2JjOGZjZDRmZjYwMjAxMzkxZjhiOGNlYTp7Il9hdXRoX3VzZXJfaGFzaCI6Ijc2MjEwNWQwMGFlZDgyYzY0YTBmMDEyNjdjYzVhZjRhMmU2MTcwNmMiLCJfYXV0aF91c2VyX2JhY2tlbmQiOiJkamFuZ28uY29udHJpYi5hdXRoLmJhY2tlbmRzLk1vZGVsQmFja2VuZCIsIl9hdXRoX3VzZXJfaWQiOiIxIn0=', '2018-04-30 20:44:23.292969'),
('b2xz32uy3n1k9riv53uox8lj89fthifj', 'MTcyNzAxYWViYzg0MTUwM2JjOGZjZDRmZjYwMjAxMzkxZjhiOGNlYTp7Il9hdXRoX3VzZXJfaGFzaCI6Ijc2MjEwNWQwMGFlZDgyYzY0YTBmMDEyNjdjYzVhZjRhMmU2MTcwNmMiLCJfYXV0aF91c2VyX2JhY2tlbmQiOiJkamFuZ28uY29udHJpYi5hdXRoLmJhY2tlbmRzLk1vZGVsQmFja2VuZCIsIl9hdXRoX3VzZXJfaWQiOiIxIn0=', '2018-05-31 04:55:46.827258'),
('b4nn5yzn040w9rfktnmg22fnfyhi75dd', 'MTcyNzAxYWViYzg0MTUwM2JjOGZjZDRmZjYwMjAxMzkxZjhiOGNlYTp7Il9hdXRoX3VzZXJfaGFzaCI6Ijc2MjEwNWQwMGFlZDgyYzY0YTBmMDEyNjdjYzVhZjRhMmU2MTcwNmMiLCJfYXV0aF91c2VyX2JhY2tlbmQiOiJkamFuZ28uY29udHJpYi5hdXRoLmJhY2tlbmRzLk1vZGVsQmFja2VuZCIsIl9hdXRoX3VzZXJfaWQiOiIxIn0=', '2018-04-22 18:44:38.199833'),
('b59n06pozfjteimmh01pbwpjb1hz3p6d', 'MTcyNzAxYWViYzg0MTUwM2JjOGZjZDRmZjYwMjAxMzkxZjhiOGNlYTp7Il9hdXRoX3VzZXJfaGFzaCI6Ijc2MjEwNWQwMGFlZDgyYzY0YTBmMDEyNjdjYzVhZjRhMmU2MTcwNmMiLCJfYXV0aF91c2VyX2JhY2tlbmQiOiJkamFuZ28uY29udHJpYi5hdXRoLmJhY2tlbmRzLk1vZGVsQmFja2VuZCIsIl9hdXRoX3VzZXJfaWQiOiIxIn0=', '2018-05-31 18:41:04.520930'),
('b5gwrknyscj6tst617wti3p0v0ndmwkf', 'MTcyNzAxYWViYzg0MTUwM2JjOGZjZDRmZjYwMjAxMzkxZjhiOGNlYTp7Il9hdXRoX3VzZXJfaGFzaCI6Ijc2MjEwNWQwMGFlZDgyYzY0YTBmMDEyNjdjYzVhZjRhMmU2MTcwNmMiLCJfYXV0aF91c2VyX2JhY2tlbmQiOiJkamFuZ28uY29udHJpYi5hdXRoLmJhY2tlbmRzLk1vZGVsQmFja2VuZCIsIl9hdXRoX3VzZXJfaWQiOiIxIn0=', '2018-05-31 18:42:32.306790'),
('b5x7mvbhgu80oqrqt5vyt7118hrpxhrw', 'MTcyNzAxYWViYzg0MTUwM2JjOGZjZDRmZjYwMjAxMzkxZjhiOGNlYTp7Il9hdXRoX3VzZXJfaGFzaCI6Ijc2MjEwNWQwMGFlZDgyYzY0YTBmMDEyNjdjYzVhZjRhMmU2MTcwNmMiLCJfYXV0aF91c2VyX2JhY2tlbmQiOiJkamFuZ28uY29udHJpYi5hdXRoLmJhY2tlbmRzLk1vZGVsQmFja2VuZCIsIl9hdXRoX3VzZXJfaWQiOiIxIn0=', '2018-05-01 03:51:30.201103'),
('b6zldmt6wdj7qg22hmv2o0p74lq156y3', 'MTcyNzAxYWViYzg0MTUwM2JjOGZjZDRmZjYwMjAxMzkxZjhiOGNlYTp7Il9hdXRoX3VzZXJfaGFzaCI6Ijc2MjEwNWQwMGFlZDgyYzY0YTBmMDEyNjdjYzVhZjRhMmU2MTcwNmMiLCJfYXV0aF91c2VyX2JhY2tlbmQiOiJkamFuZ28uY29udHJpYi5hdXRoLmJhY2tlbmRzLk1vZGVsQmFja2VuZCIsIl9hdXRoX3VzZXJfaWQiOiIxIn0=', '2018-04-04 03:43:54.209504'),
('b7pc23ixnpctc50b7erk90buy1y8v17q', 'MTcyNzAxYWViYzg0MTUwM2JjOGZjZDRmZjYwMjAxMzkxZjhiOGNlYTp7Il9hdXRoX3VzZXJfaGFzaCI6Ijc2MjEwNWQwMGFlZDgyYzY0YTBmMDEyNjdjYzVhZjRhMmU2MTcwNmMiLCJfYXV0aF91c2VyX2JhY2tlbmQiOiJkamFuZ28uY29udHJpYi5hdXRoLmJhY2tlbmRzLk1vZGVsQmFja2VuZCIsIl9hdXRoX3VzZXJfaWQiOiIxIn0=', '2018-05-31 16:28:37.215487'),
('b8j300bv9722ylhfsi3d9tem56z1h14v', 'MTcyNzAxYWViYzg0MTUwM2JjOGZjZDRmZjYwMjAxMzkxZjhiOGNlYTp7Il9hdXRoX3VzZXJfaGFzaCI6Ijc2MjEwNWQwMGFlZDgyYzY0YTBmMDEyNjdjYzVhZjRhMmU2MTcwNmMiLCJfYXV0aF91c2VyX2JhY2tlbmQiOiJkamFuZ28uY29udHJpYi5hdXRoLmJhY2tlbmRzLk1vZGVsQmFja2VuZCIsIl9hdXRoX3VzZXJfaWQiOiIxIn0=', '2018-05-30 21:32:59.233459'),
('b8lanpaka3r424gs9nrr5079d3qkjjfv', 'MTcyNzAxYWViYzg0MTUwM2JjOGZjZDRmZjYwMjAxMzkxZjhiOGNlYTp7Il9hdXRoX3VzZXJfaGFzaCI6Ijc2MjEwNWQwMGFlZDgyYzY0YTBmMDEyNjdjYzVhZjRhMmU2MTcwNmMiLCJfYXV0aF91c2VyX2JhY2tlbmQiOiJkamFuZ28uY29udHJpYi5hdXRoLmJhY2tlbmRzLk1vZGVsQmFja2VuZCIsIl9hdXRoX3VzZXJfaWQiOiIxIn0=', '2018-04-30 21:16:10.678745'),
('bagw7z8ygtzvyqp3e0jr0l1p2zsbr4oo', 'MTcyNzAxYWViYzg0MTUwM2JjOGZjZDRmZjYwMjAxMzkxZjhiOGNlYTp7Il9hdXRoX3VzZXJfaGFzaCI6Ijc2MjEwNWQwMGFlZDgyYzY0YTBmMDEyNjdjYzVhZjRhMmU2MTcwNmMiLCJfYXV0aF91c2VyX2JhY2tlbmQiOiJkamFuZ28uY29udHJpYi5hdXRoLmJhY2tlbmRzLk1vZGVsQmFja2VuZCIsIl9hdXRoX3VzZXJfaWQiOiIxIn0=', '2018-04-05 21:02:30.929141'),
('bctxqkwdqbt6jp505o2nyurptusjz2wp', 'MTcyNzAxYWViYzg0MTUwM2JjOGZjZDRmZjYwMjAxMzkxZjhiOGNlYTp7Il9hdXRoX3VzZXJfaGFzaCI6Ijc2MjEwNWQwMGFlZDgyYzY0YTBmMDEyNjdjYzVhZjRhMmU2MTcwNmMiLCJfYXV0aF91c2VyX2JhY2tlbmQiOiJkamFuZ28uY29udHJpYi5hdXRoLmJhY2tlbmRzLk1vZGVsQmFja2VuZCIsIl9hdXRoX3VzZXJfaWQiOiIxIn0=', '2018-05-31 16:28:22.961046'),
('bea01y7wvyabwpk1q6tjzeujzg213os7', 'MTcyNzAxYWViYzg0MTUwM2JjOGZjZDRmZjYwMjAxMzkxZjhiOGNlYTp7Il9hdXRoX3VzZXJfaGFzaCI6Ijc2MjEwNWQwMGFlZDgyYzY0YTBmMDEyNjdjYzVhZjRhMmU2MTcwNmMiLCJfYXV0aF91c2VyX2JhY2tlbmQiOiJkamFuZ28uY29udHJpYi5hdXRoLmJhY2tlbmRzLk1vZGVsQmFja2VuZCIsIl9hdXRoX3VzZXJfaWQiOiIxIn0=', '2018-05-31 18:01:08.873036'),
('bgq3b418q1ig3nm4yqwc6kr67llzmjf6', 'MTcyNzAxYWViYzg0MTUwM2JjOGZjZDRmZjYwMjAxMzkxZjhiOGNlYTp7Il9hdXRoX3VzZXJfaGFzaCI6Ijc2MjEwNWQwMGFlZDgyYzY0YTBmMDEyNjdjYzVhZjRhMmU2MTcwNmMiLCJfYXV0aF91c2VyX2JhY2tlbmQiOiJkamFuZ28uY29udHJpYi5hdXRoLmJhY2tlbmRzLk1vZGVsQmFja2VuZCIsIl9hdXRoX3VzZXJfaWQiOiIxIn0=', '2018-04-04 05:34:19.767552'),
('bguit2ilo8zz2zdp0a0zaxnr0ka190tf', 'MTcyNzAxYWViYzg0MTUwM2JjOGZjZDRmZjYwMjAxMzkxZjhiOGNlYTp7Il9hdXRoX3VzZXJfaGFzaCI6Ijc2MjEwNWQwMGFlZDgyYzY0YTBmMDEyNjdjYzVhZjRhMmU2MTcwNmMiLCJfYXV0aF91c2VyX2JhY2tlbmQiOiJkamFuZ28uY29udHJpYi5hdXRoLmJhY2tlbmRzLk1vZGVsQmFja2VuZCIsIl9hdXRoX3VzZXJfaWQiOiIxIn0=', '2018-05-31 18:19:45.677909'),
('bgx0an7dnim598tph0e6827u2xzn3w4k', 'MTcyNzAxYWViYzg0MTUwM2JjOGZjZDRmZjYwMjAxMzkxZjhiOGNlYTp7Il9hdXRoX3VzZXJfaGFzaCI6Ijc2MjEwNWQwMGFlZDgyYzY0YTBmMDEyNjdjYzVhZjRhMmU2MTcwNmMiLCJfYXV0aF91c2VyX2JhY2tlbmQiOiJkamFuZ28uY29udHJpYi5hdXRoLmJhY2tlbmRzLk1vZGVsQmFja2VuZCIsIl9hdXRoX3VzZXJfaWQiOiIxIn0=', '2018-05-18 17:23:12.957906'),
('bhdur7lw1winrry67dholkgguigpnzzt', 'MTcyNzAxYWViYzg0MTUwM2JjOGZjZDRmZjYwMjAxMzkxZjhiOGNlYTp7Il9hdXRoX3VzZXJfaGFzaCI6Ijc2MjEwNWQwMGFlZDgyYzY0YTBmMDEyNjdjYzVhZjRhMmU2MTcwNmMiLCJfYXV0aF91c2VyX2JhY2tlbmQiOiJkamFuZ28uY29udHJpYi5hdXRoLmJhY2tlbmRzLk1vZGVsQmFja2VuZCIsIl9hdXRoX3VzZXJfaWQiOiIxIn0=', '2018-04-04 04:13:31.398277'),
('bhx3hs6e33xum3ka6ksz72mv177jp4gj', 'MTcyNzAxYWViYzg0MTUwM2JjOGZjZDRmZjYwMjAxMzkxZjhiOGNlYTp7Il9hdXRoX3VzZXJfaGFzaCI6Ijc2MjEwNWQwMGFlZDgyYzY0YTBmMDEyNjdjYzVhZjRhMmU2MTcwNmMiLCJfYXV0aF91c2VyX2JhY2tlbmQiOiJkamFuZ28uY29udHJpYi5hdXRoLmJhY2tlbmRzLk1vZGVsQmFja2VuZCIsIl9hdXRoX3VzZXJfaWQiOiIxIn0=', '2018-05-31 17:45:44.264129'),
('bij5hjgchnbkp8ejoc5rpb6whl38scef', 'MTcyNzAxYWViYzg0MTUwM2JjOGZjZDRmZjYwMjAxMzkxZjhiOGNlYTp7Il9hdXRoX3VzZXJfaGFzaCI6Ijc2MjEwNWQwMGFlZDgyYzY0YTBmMDEyNjdjYzVhZjRhMmU2MTcwNmMiLCJfYXV0aF91c2VyX2JhY2tlbmQiOiJkamFuZ28uY29udHJpYi5hdXRoLmJhY2tlbmRzLk1vZGVsQmFja2VuZCIsIl9hdXRoX3VzZXJfaWQiOiIxIn0=', '2018-04-30 21:12:28.619578'),
('bj7gqc2i8mjeffwor9w281fkmgy6cku2', 'MTcyNzAxYWViYzg0MTUwM2JjOGZjZDRmZjYwMjAxMzkxZjhiOGNlYTp7Il9hdXRoX3VzZXJfaGFzaCI6Ijc2MjEwNWQwMGFlZDgyYzY0YTBmMDEyNjdjYzVhZjRhMmU2MTcwNmMiLCJfYXV0aF91c2VyX2JhY2tlbmQiOiJkamFuZ28uY29udHJpYi5hdXRoLmJhY2tlbmRzLk1vZGVsQmFja2VuZCIsIl9hdXRoX3VzZXJfaWQiOiIxIn0=', '2018-05-31 03:40:36.243067'),
('blts5rf2xa7wokdt6esooml40fysal9g', 'MTcyNzAxYWViYzg0MTUwM2JjOGZjZDRmZjYwMjAxMzkxZjhiOGNlYTp7Il9hdXRoX3VzZXJfaGFzaCI6Ijc2MjEwNWQwMGFlZDgyYzY0YTBmMDEyNjdjYzVhZjRhMmU2MTcwNmMiLCJfYXV0aF91c2VyX2JhY2tlbmQiOiJkamFuZ28uY29udHJpYi5hdXRoLmJhY2tlbmRzLk1vZGVsQmFja2VuZCIsIl9hdXRoX3VzZXJfaWQiOiIxIn0=', '2018-05-31 05:01:26.521819'),
('bmavawz72be2akpnhnvtl8ikclombnc4', 'MTcyNzAxYWViYzg0MTUwM2JjOGZjZDRmZjYwMjAxMzkxZjhiOGNlYTp7Il9hdXRoX3VzZXJfaGFzaCI6Ijc2MjEwNWQwMGFlZDgyYzY0YTBmMDEyNjdjYzVhZjRhMmU2MTcwNmMiLCJfYXV0aF91c2VyX2JhY2tlbmQiOiJkamFuZ28uY29udHJpYi5hdXRoLmJhY2tlbmRzLk1vZGVsQmFja2VuZCIsIl9hdXRoX3VzZXJfaWQiOiIxIn0=', '2018-05-18 17:48:38.572677'),
('bmlsxyjr9ijew9g6vly8wscj9l8wxwnh', 'MTcyNzAxYWViYzg0MTUwM2JjOGZjZDRmZjYwMjAxMzkxZjhiOGNlYTp7Il9hdXRoX3VzZXJfaGFzaCI6Ijc2MjEwNWQwMGFlZDgyYzY0YTBmMDEyNjdjYzVhZjRhMmU2MTcwNmMiLCJfYXV0aF91c2VyX2JhY2tlbmQiOiJkamFuZ28uY29udHJpYi5hdXRoLmJhY2tlbmRzLk1vZGVsQmFja2VuZCIsIl9hdXRoX3VzZXJfaWQiOiIxIn0=', '2018-04-01 20:00:02.976194'),
('bnpb4pqmv3nxyt9su1bo4cl4y2cvi8la', 'MTcyNzAxYWViYzg0MTUwM2JjOGZjZDRmZjYwMjAxMzkxZjhiOGNlYTp7Il9hdXRoX3VzZXJfaGFzaCI6Ijc2MjEwNWQwMGFlZDgyYzY0YTBmMDEyNjdjYzVhZjRhMmU2MTcwNmMiLCJfYXV0aF91c2VyX2JhY2tlbmQiOiJkamFuZ28uY29udHJpYi5hdXRoLmJhY2tlbmRzLk1vZGVsQmFja2VuZCIsIl9hdXRoX3VzZXJfaWQiOiIxIn0=', '2018-05-31 18:41:13.420975'),
('bowg2a441ng04ivdlfu8jcr30j75pwbq', 'MTcyNzAxYWViYzg0MTUwM2JjOGZjZDRmZjYwMjAxMzkxZjhiOGNlYTp7Il9hdXRoX3VzZXJfaGFzaCI6Ijc2MjEwNWQwMGFlZDgyYzY0YTBmMDEyNjdjYzVhZjRhMmU2MTcwNmMiLCJfYXV0aF91c2VyX2JhY2tlbmQiOiJkamFuZ28uY29udHJpYi5hdXRoLmJhY2tlbmRzLk1vZGVsQmFja2VuZCIsIl9hdXRoX3VzZXJfaWQiOiIxIn0=', '2018-04-01 20:01:24.738820'),
('bp38zobppv9ayc8dteajxcmtq68cqa9o', 'MTcyNzAxYWViYzg0MTUwM2JjOGZjZDRmZjYwMjAxMzkxZjhiOGNlYTp7Il9hdXRoX3VzZXJfaGFzaCI6Ijc2MjEwNWQwMGFlZDgyYzY0YTBmMDEyNjdjYzVhZjRhMmU2MTcwNmMiLCJfYXV0aF91c2VyX2JhY2tlbmQiOiJkamFuZ28uY29udHJpYi5hdXRoLmJhY2tlbmRzLk1vZGVsQmFja2VuZCIsIl9hdXRoX3VzZXJfaWQiOiIxIn0=', '2018-04-30 20:56:13.157413'),
('bqjh8cs4n3ccdc16tyildlo2yvb5ul4c', 'MTcyNzAxYWViYzg0MTUwM2JjOGZjZDRmZjYwMjAxMzkxZjhiOGNlYTp7Il9hdXRoX3VzZXJfaGFzaCI6Ijc2MjEwNWQwMGFlZDgyYzY0YTBmMDEyNjdjYzVhZjRhMmU2MTcwNmMiLCJfYXV0aF91c2VyX2JhY2tlbmQiOiJkamFuZ28uY29udHJpYi5hdXRoLmJhY2tlbmRzLk1vZGVsQmFja2VuZCIsIl9hdXRoX3VzZXJfaWQiOiIxIn0=', '2018-04-30 20:00:49.273260'),
('bqojuv1ufco7t3pprvybhkqieplgc93x', 'MTcyNzAxYWViYzg0MTUwM2JjOGZjZDRmZjYwMjAxMzkxZjhiOGNlYTp7Il9hdXRoX3VzZXJfaGFzaCI6Ijc2MjEwNWQwMGFlZDgyYzY0YTBmMDEyNjdjYzVhZjRhMmU2MTcwNmMiLCJfYXV0aF91c2VyX2JhY2tlbmQiOiJkamFuZ28uY29udHJpYi5hdXRoLmJhY2tlbmRzLk1vZGVsQmFja2VuZCIsIl9hdXRoX3VzZXJfaWQiOiIxIn0=', '2018-05-31 18:19:12.099845'),
('brpyb5bjkj4zoml5fuq0iw9nws9r1tbj', 'MTcyNzAxYWViYzg0MTUwM2JjOGZjZDRmZjYwMjAxMzkxZjhiOGNlYTp7Il9hdXRoX3VzZXJfaGFzaCI6Ijc2MjEwNWQwMGFlZDgyYzY0YTBmMDEyNjdjYzVhZjRhMmU2MTcwNmMiLCJfYXV0aF91c2VyX2JhY2tlbmQiOiJkamFuZ28uY29udHJpYi5hdXRoLmJhY2tlbmRzLk1vZGVsQmFja2VuZCIsIl9hdXRoX3VzZXJfaWQiOiIxIn0=', '2018-05-31 18:42:26.318685'),
('brvq5c70gmj7l8n2udb4fvpjnwdkvfcc', 'MTcyNzAxYWViYzg0MTUwM2JjOGZjZDRmZjYwMjAxMzkxZjhiOGNlYTp7Il9hdXRoX3VzZXJfaGFzaCI6Ijc2MjEwNWQwMGFlZDgyYzY0YTBmMDEyNjdjYzVhZjRhMmU2MTcwNmMiLCJfYXV0aF91c2VyX2JhY2tlbmQiOiJkamFuZ28uY29udHJpYi5hdXRoLmJhY2tlbmRzLk1vZGVsQmFja2VuZCIsIl9hdXRoX3VzZXJfaWQiOiIxIn0=', '2018-05-31 04:20:47.818402'),
('bs3i3i01gmpe50fsnz75lcseg4slieqs', 'MTcyNzAxYWViYzg0MTUwM2JjOGZjZDRmZjYwMjAxMzkxZjhiOGNlYTp7Il9hdXRoX3VzZXJfaGFzaCI6Ijc2MjEwNWQwMGFlZDgyYzY0YTBmMDEyNjdjYzVhZjRhMmU2MTcwNmMiLCJfYXV0aF91c2VyX2JhY2tlbmQiOiJkamFuZ28uY29udHJpYi5hdXRoLmJhY2tlbmRzLk1vZGVsQmFja2VuZCIsIl9hdXRoX3VzZXJfaWQiOiIxIn0=', '2018-04-30 20:41:58.773063'),
('btawsoeir5qurutvjopbmudd3d6gbip2', 'MTcyNzAxYWViYzg0MTUwM2JjOGZjZDRmZjYwMjAxMzkxZjhiOGNlYTp7Il9hdXRoX3VzZXJfaGFzaCI6Ijc2MjEwNWQwMGFlZDgyYzY0YTBmMDEyNjdjYzVhZjRhMmU2MTcwNmMiLCJfYXV0aF91c2VyX2JhY2tlbmQiOiJkamFuZ28uY29udHJpYi5hdXRoLmJhY2tlbmRzLk1vZGVsQmFja2VuZCIsIl9hdXRoX3VzZXJfaWQiOiIxIn0=', '2018-05-31 17:01:47.202313'),
('btbzfyj76nk4t8e01140nvvk0nklrwnp', 'MTcyNzAxYWViYzg0MTUwM2JjOGZjZDRmZjYwMjAxMzkxZjhiOGNlYTp7Il9hdXRoX3VzZXJfaGFzaCI6Ijc2MjEwNWQwMGFlZDgyYzY0YTBmMDEyNjdjYzVhZjRhMmU2MTcwNmMiLCJfYXV0aF91c2VyX2JhY2tlbmQiOiJkamFuZ28uY29udHJpYi5hdXRoLmJhY2tlbmRzLk1vZGVsQmFja2VuZCIsIl9hdXRoX3VzZXJfaWQiOiIxIn0=', '2018-05-01 03:45:22.954353'),
('buao1kz7tz6056i05qen3cu2mwpj4bfk', 'MTcyNzAxYWViYzg0MTUwM2JjOGZjZDRmZjYwMjAxMzkxZjhiOGNlYTp7Il9hdXRoX3VzZXJfaGFzaCI6Ijc2MjEwNWQwMGFlZDgyYzY0YTBmMDEyNjdjYzVhZjRhMmU2MTcwNmMiLCJfYXV0aF91c2VyX2JhY2tlbmQiOiJkamFuZ28uY29udHJpYi5hdXRoLmJhY2tlbmRzLk1vZGVsQmFja2VuZCIsIl9hdXRoX3VzZXJfaWQiOiIxIn0=', '2018-05-31 04:58:18.215651'),
('bujj7uqvmcxas5bbswfgew4s9tq4g15l', 'MTcyNzAxYWViYzg0MTUwM2JjOGZjZDRmZjYwMjAxMzkxZjhiOGNlYTp7Il9hdXRoX3VzZXJfaGFzaCI6Ijc2MjEwNWQwMGFlZDgyYzY0YTBmMDEyNjdjYzVhZjRhMmU2MTcwNmMiLCJfYXV0aF91c2VyX2JhY2tlbmQiOiJkamFuZ28uY29udHJpYi5hdXRoLmJhY2tlbmRzLk1vZGVsQmFja2VuZCIsIl9hdXRoX3VzZXJfaWQiOiIxIn0=', '2018-04-30 21:45:32.246660'),
('bxhotix797ws4fjik9zbmi9rc4x8na2l', 'MTcyNzAxYWViYzg0MTUwM2JjOGZjZDRmZjYwMjAxMzkxZjhiOGNlYTp7Il9hdXRoX3VzZXJfaGFzaCI6Ijc2MjEwNWQwMGFlZDgyYzY0YTBmMDEyNjdjYzVhZjRhMmU2MTcwNmMiLCJfYXV0aF91c2VyX2JhY2tlbmQiOiJkamFuZ28uY29udHJpYi5hdXRoLmJhY2tlbmRzLk1vZGVsQmFja2VuZCIsIl9hdXRoX3VzZXJfaWQiOiIxIn0=', '2018-04-30 21:13:02.230209'),
('bxyoud289b2xvk6owcnq2mpdp14o1fr3', 'MTcyNzAxYWViYzg0MTUwM2JjOGZjZDRmZjYwMjAxMzkxZjhiOGNlYTp7Il9hdXRoX3VzZXJfaGFzaCI6Ijc2MjEwNWQwMGFlZDgyYzY0YTBmMDEyNjdjYzVhZjRhMmU2MTcwNmMiLCJfYXV0aF91c2VyX2JhY2tlbmQiOiJkamFuZ28uY29udHJpYi5hdXRoLmJhY2tlbmRzLk1vZGVsQmFja2VuZCIsIl9hdXRoX3VzZXJfaWQiOiIxIn0=', '2018-04-02 23:01:04.391407'),
('byo3ko0l6q7lsdp0bq5jymajnk274elb', 'MTcyNzAxYWViYzg0MTUwM2JjOGZjZDRmZjYwMjAxMzkxZjhiOGNlYTp7Il9hdXRoX3VzZXJfaGFzaCI6Ijc2MjEwNWQwMGFlZDgyYzY0YTBmMDEyNjdjYzVhZjRhMmU2MTcwNmMiLCJfYXV0aF91c2VyX2JhY2tlbmQiOiJkamFuZ28uY29udHJpYi5hdXRoLmJhY2tlbmRzLk1vZGVsQmFja2VuZCIsIl9hdXRoX3VzZXJfaWQiOiIxIn0=', '2018-04-30 21:47:20.398841'),
('bz7k213kr4eb9sb5bw0gsnquqmyss0xh', 'MTcyNzAxYWViYzg0MTUwM2JjOGZjZDRmZjYwMjAxMzkxZjhiOGNlYTp7Il9hdXRoX3VzZXJfaGFzaCI6Ijc2MjEwNWQwMGFlZDgyYzY0YTBmMDEyNjdjYzVhZjRhMmU2MTcwNmMiLCJfYXV0aF91c2VyX2JhY2tlbmQiOiJkamFuZ28uY29udHJpYi5hdXRoLmJhY2tlbmRzLk1vZGVsQmFja2VuZCIsIl9hdXRoX3VzZXJfaWQiOiIxIn0=', '2018-04-04 05:31:33.845545'),
('c160zxblkkqkt2gbt572h0omifsnefh5', 'MTcyNzAxYWViYzg0MTUwM2JjOGZjZDRmZjYwMjAxMzkxZjhiOGNlYTp7Il9hdXRoX3VzZXJfaGFzaCI6Ijc2MjEwNWQwMGFlZDgyYzY0YTBmMDEyNjdjYzVhZjRhMmU2MTcwNmMiLCJfYXV0aF91c2VyX2JhY2tlbmQiOiJkamFuZ28uY29udHJpYi5hdXRoLmJhY2tlbmRzLk1vZGVsQmFja2VuZCIsIl9hdXRoX3VzZXJfaWQiOiIxIn0=', '2018-05-18 17:55:06.513086'),
('c1qxm52wdfhqw4wvz1xtirkygwfvl40h', 'MTcyNzAxYWViYzg0MTUwM2JjOGZjZDRmZjYwMjAxMzkxZjhiOGNlYTp7Il9hdXRoX3VzZXJfaGFzaCI6Ijc2MjEwNWQwMGFlZDgyYzY0YTBmMDEyNjdjYzVhZjRhMmU2MTcwNmMiLCJfYXV0aF91c2VyX2JhY2tlbmQiOiJkamFuZ28uY29udHJpYi5hdXRoLmJhY2tlbmRzLk1vZGVsQmFja2VuZCIsIl9hdXRoX3VzZXJfaWQiOiIxIn0=', '2018-05-18 17:34:33.464730'),
('c1r4eiiq3y9bhwq7qjvdj3z8pdna6xg9', 'MTcyNzAxYWViYzg0MTUwM2JjOGZjZDRmZjYwMjAxMzkxZjhiOGNlYTp7Il9hdXRoX3VzZXJfaGFzaCI6Ijc2MjEwNWQwMGFlZDgyYzY0YTBmMDEyNjdjYzVhZjRhMmU2MTcwNmMiLCJfYXV0aF91c2VyX2JhY2tlbmQiOiJkamFuZ28uY29udHJpYi5hdXRoLmJhY2tlbmRzLk1vZGVsQmFja2VuZCIsIl9hdXRoX3VzZXJfaWQiOiIxIn0=', '2018-04-06 02:48:39.634935'),
('c28k2fduxe4olrb8ljcnanu666gz70h5', 'MTcyNzAxYWViYzg0MTUwM2JjOGZjZDRmZjYwMjAxMzkxZjhiOGNlYTp7Il9hdXRoX3VzZXJfaGFzaCI6Ijc2MjEwNWQwMGFlZDgyYzY0YTBmMDEyNjdjYzVhZjRhMmU2MTcwNmMiLCJfYXV0aF91c2VyX2JhY2tlbmQiOiJkamFuZ28uY29udHJpYi5hdXRoLmJhY2tlbmRzLk1vZGVsQmFja2VuZCIsIl9hdXRoX3VzZXJfaWQiOiIxIn0=', '2018-04-30 19:57:45.037656'),
('c2irrpbxw8bfy88zvt973tdafae0qne4', 'MTcyNzAxYWViYzg0MTUwM2JjOGZjZDRmZjYwMjAxMzkxZjhiOGNlYTp7Il9hdXRoX3VzZXJfaGFzaCI6Ijc2MjEwNWQwMGFlZDgyYzY0YTBmMDEyNjdjYzVhZjRhMmU2MTcwNmMiLCJfYXV0aF91c2VyX2JhY2tlbmQiOiJkamFuZ28uY29udHJpYi5hdXRoLmJhY2tlbmRzLk1vZGVsQmFja2VuZCIsIl9hdXRoX3VzZXJfaWQiOiIxIn0=', '2018-05-31 17:46:15.182272'),
('c3f2rhnqs4v02z2t1jepvf6ymrr905so', 'MTcyNzAxYWViYzg0MTUwM2JjOGZjZDRmZjYwMjAxMzkxZjhiOGNlYTp7Il9hdXRoX3VzZXJfaGFzaCI6Ijc2MjEwNWQwMGFlZDgyYzY0YTBmMDEyNjdjYzVhZjRhMmU2MTcwNmMiLCJfYXV0aF91c2VyX2JhY2tlbmQiOiJkamFuZ28uY29udHJpYi5hdXRoLmJhY2tlbmRzLk1vZGVsQmFja2VuZCIsIl9hdXRoX3VzZXJfaWQiOiIxIn0=', '2018-05-31 05:48:34.504607'),
('c4u2u5346rg6k728acy77x8m57awmnw4', 'MTcyNzAxYWViYzg0MTUwM2JjOGZjZDRmZjYwMjAxMzkxZjhiOGNlYTp7Il9hdXRoX3VzZXJfaGFzaCI6Ijc2MjEwNWQwMGFlZDgyYzY0YTBmMDEyNjdjYzVhZjRhMmU2MTcwNmMiLCJfYXV0aF91c2VyX2JhY2tlbmQiOiJkamFuZ28uY29udHJpYi5hdXRoLmJhY2tlbmRzLk1vZGVsQmFja2VuZCIsIl9hdXRoX3VzZXJfaWQiOiIxIn0=', '2018-04-01 20:28:46.258534'),
('c6005bgh7rm8sc196x1qc8dal7agqmsg', 'MTcyNzAxYWViYzg0MTUwM2JjOGZjZDRmZjYwMjAxMzkxZjhiOGNlYTp7Il9hdXRoX3VzZXJfaGFzaCI6Ijc2MjEwNWQwMGFlZDgyYzY0YTBmMDEyNjdjYzVhZjRhMmU2MTcwNmMiLCJfYXV0aF91c2VyX2JhY2tlbmQiOiJkamFuZ28uY29udHJpYi5hdXRoLmJhY2tlbmRzLk1vZGVsQmFja2VuZCIsIl9hdXRoX3VzZXJfaWQiOiIxIn0=', '2018-04-30 20:44:37.817799'),
('c6i37cf4s1uns6ckp0qtbntitdgyxta8', 'MTcyNzAxYWViYzg0MTUwM2JjOGZjZDRmZjYwMjAxMzkxZjhiOGNlYTp7Il9hdXRoX3VzZXJfaGFzaCI6Ijc2MjEwNWQwMGFlZDgyYzY0YTBmMDEyNjdjYzVhZjRhMmU2MTcwNmMiLCJfYXV0aF91c2VyX2JhY2tlbmQiOiJkamFuZ28uY29udHJpYi5hdXRoLmJhY2tlbmRzLk1vZGVsQmFja2VuZCIsIl9hdXRoX3VzZXJfaWQiOiIxIn0=', '2018-04-04 18:52:31.410766'),
('c7cyfxle49xulk3v0i8a5mrys97fgtwz', 'MTcyNzAxYWViYzg0MTUwM2JjOGZjZDRmZjYwMjAxMzkxZjhiOGNlYTp7Il9hdXRoX3VzZXJfaGFzaCI6Ijc2MjEwNWQwMGFlZDgyYzY0YTBmMDEyNjdjYzVhZjRhMmU2MTcwNmMiLCJfYXV0aF91c2VyX2JhY2tlbmQiOiJkamFuZ28uY29udHJpYi5hdXRoLmJhY2tlbmRzLk1vZGVsQmFja2VuZCIsIl9hdXRoX3VzZXJfaWQiOiIxIn0=', '2018-05-31 18:01:42.750284'),
('c87ee6atdlcxfr3sw3kunvgor5mtt3fl', 'MTcyNzAxYWViYzg0MTUwM2JjOGZjZDRmZjYwMjAxMzkxZjhiOGNlYTp7Il9hdXRoX3VzZXJfaGFzaCI6Ijc2MjEwNWQwMGFlZDgyYzY0YTBmMDEyNjdjYzVhZjRhMmU2MTcwNmMiLCJfYXV0aF91c2VyX2JhY2tlbmQiOiJkamFuZ28uY29udHJpYi5hdXRoLmJhY2tlbmRzLk1vZGVsQmFja2VuZCIsIl9hdXRoX3VzZXJfaWQiOiIxIn0=', '2018-04-04 05:34:05.990423'),
('c8p3tp5wdfbq78dvrpoy9oxbbzppkszz', 'MTcyNzAxYWViYzg0MTUwM2JjOGZjZDRmZjYwMjAxMzkxZjhiOGNlYTp7Il9hdXRoX3VzZXJfaGFzaCI6Ijc2MjEwNWQwMGFlZDgyYzY0YTBmMDEyNjdjYzVhZjRhMmU2MTcwNmMiLCJfYXV0aF91c2VyX2JhY2tlbmQiOiJkamFuZ28uY29udHJpYi5hdXRoLmJhY2tlbmRzLk1vZGVsQmFja2VuZCIsIl9hdXRoX3VzZXJfaWQiOiIxIn0=', '2018-05-30 21:18:13.965730'),
('c8tlyf8rv3r65wkodnu4t966rz4zqvvc', 'MTcyNzAxYWViYzg0MTUwM2JjOGZjZDRmZjYwMjAxMzkxZjhiOGNlYTp7Il9hdXRoX3VzZXJfaGFzaCI6Ijc2MjEwNWQwMGFlZDgyYzY0YTBmMDEyNjdjYzVhZjRhMmU2MTcwNmMiLCJfYXV0aF91c2VyX2JhY2tlbmQiOiJkamFuZ28uY29udHJpYi5hdXRoLmJhY2tlbmRzLk1vZGVsQmFja2VuZCIsIl9hdXRoX3VzZXJfaWQiOiIxIn0=', '2018-05-31 04:24:50.260992'),
('c8uxelzh1fah4relp3u554ui0tzidmss', 'MTcyNzAxYWViYzg0MTUwM2JjOGZjZDRmZjYwMjAxMzkxZjhiOGNlYTp7Il9hdXRoX3VzZXJfaGFzaCI6Ijc2MjEwNWQwMGFlZDgyYzY0YTBmMDEyNjdjYzVhZjRhMmU2MTcwNmMiLCJfYXV0aF91c2VyX2JhY2tlbmQiOiJkamFuZ28uY29udHJpYi5hdXRoLmJhY2tlbmRzLk1vZGVsQmFja2VuZCIsIl9hdXRoX3VzZXJfaWQiOiIxIn0=', '2018-05-31 03:59:28.035056'),
('c9w2h04zhbanuon70kx5h17cg7iq2egh', 'MTcyNzAxYWViYzg0MTUwM2JjOGZjZDRmZjYwMjAxMzkxZjhiOGNlYTp7Il9hdXRoX3VzZXJfaGFzaCI6Ijc2MjEwNWQwMGFlZDgyYzY0YTBmMDEyNjdjYzVhZjRhMmU2MTcwNmMiLCJfYXV0aF91c2VyX2JhY2tlbmQiOiJkamFuZ28uY29udHJpYi5hdXRoLmJhY2tlbmRzLk1vZGVsQmFja2VuZCIsIl9hdXRoX3VzZXJfaWQiOiIxIn0=', '2018-05-01 03:26:59.545341'),
('ca082sjlui3tqmflgtxp0kwjtcb6oqja', 'OTBkMWIwMWFlODcwMmIyMGE1NWFhMDVmNWNmMTIwMjdlMTYwZWE0Yjp7ImlkX3Byb3llY3RvIjoxLCJpZF9mYXNlX3Byb3llY3RvIjoxLCJfYXV0aF91c2VyX2hhc2giOiI3NjIxMDVkMDBhZWQ4MmM2NGEwZjAxMjY3Y2M1YWY0YTJlNjE3MDZjIiwiX2F1dGhfdXNlcl9pZCI6IjEiLCJfYXV0aF91c2VyX2JhY2tlbmQiOiJkamFuZ28uY29udHJpYi5hdXRoLmJhY2tlbmRzLk1vZGVsQmFja2VuZCJ9', '2018-02-07 17:10:54.960990'),
('ca1lwlaa6o4ko4i15m0fe6feu2zb4yp9', 'MTcyNzAxYWViYzg0MTUwM2JjOGZjZDRmZjYwMjAxMzkxZjhiOGNlYTp7Il9hdXRoX3VzZXJfaGFzaCI6Ijc2MjEwNWQwMGFlZDgyYzY0YTBmMDEyNjdjYzVhZjRhMmU2MTcwNmMiLCJfYXV0aF91c2VyX2JhY2tlbmQiOiJkamFuZ28uY29udHJpYi5hdXRoLmJhY2tlbmRzLk1vZGVsQmFja2VuZCIsIl9hdXRoX3VzZXJfaWQiOiIxIn0=', '2018-05-31 04:58:14.281872'),
('cai2h8ny3221t1j5qtlifkqt0phwyrz3', 'MTcyNzAxYWViYzg0MTUwM2JjOGZjZDRmZjYwMjAxMzkxZjhiOGNlYTp7Il9hdXRoX3VzZXJfaGFzaCI6Ijc2MjEwNWQwMGFlZDgyYzY0YTBmMDEyNjdjYzVhZjRhMmU2MTcwNmMiLCJfYXV0aF91c2VyX2JhY2tlbmQiOiJkamFuZ28uY29udHJpYi5hdXRoLmJhY2tlbmRzLk1vZGVsQmFja2VuZCIsIl9hdXRoX3VzZXJfaWQiOiIxIn0=', '2018-05-31 04:01:48.180552'),
('cbt2xcleefb27xpda4zg11mtp071d53b', 'M2M3ZTcwMDY3YzczMzk3MzE1ZDM4ZmRlNzhhYTk5MDM0NzkwNzVlYTp7Il9hdXRoX3VzZXJfaGFzaCI6IjIxMzI0MzllOGMzODY3OGQ0NGQ0ZTk2ODUzNDg4YzhlNDJhMWNlYjUiLCJfYXV0aF91c2VyX2JhY2tlbmQiOiJkamFuZ28uY29udHJpYi5hdXRoLmJhY2tlbmRzLk1vZGVsQmFja2VuZCIsIl9hdXRoX3VzZXJfaWQiOiIyIn0=', '2018-05-29 15:06:23.515233'),
('cdf5xkpzynp4vxd89xm5yxvizu1tu5jp', 'MTcyNzAxYWViYzg0MTUwM2JjOGZjZDRmZjYwMjAxMzkxZjhiOGNlYTp7Il9hdXRoX3VzZXJfaGFzaCI6Ijc2MjEwNWQwMGFlZDgyYzY0YTBmMDEyNjdjYzVhZjRhMmU2MTcwNmMiLCJfYXV0aF91c2VyX2JhY2tlbmQiOiJkamFuZ28uY29udHJpYi5hdXRoLmJhY2tlbmRzLk1vZGVsQmFja2VuZCIsIl9hdXRoX3VzZXJfaWQiOiIxIn0=', '2018-05-30 21:32:39.554652'),
('cdzk7q4av3s71f6cw4frsi3v0o6ahsn2', 'MTcyNzAxYWViYzg0MTUwM2JjOGZjZDRmZjYwMjAxMzkxZjhiOGNlYTp7Il9hdXRoX3VzZXJfaGFzaCI6Ijc2MjEwNWQwMGFlZDgyYzY0YTBmMDEyNjdjYzVhZjRhMmU2MTcwNmMiLCJfYXV0aF91c2VyX2JhY2tlbmQiOiJkamFuZ28uY29udHJpYi5hdXRoLmJhY2tlbmRzLk1vZGVsQmFja2VuZCIsIl9hdXRoX3VzZXJfaWQiOiIxIn0=', '2018-05-31 05:08:28.641731'),
('ce4nhn0srrqkeslhwrkz8ajgvphmz1kz', 'MTcyNzAxYWViYzg0MTUwM2JjOGZjZDRmZjYwMjAxMzkxZjhiOGNlYTp7Il9hdXRoX3VzZXJfaGFzaCI6Ijc2MjEwNWQwMGFlZDgyYzY0YTBmMDEyNjdjYzVhZjRhMmU2MTcwNmMiLCJfYXV0aF91c2VyX2JhY2tlbmQiOiJkamFuZ28uY29udHJpYi5hdXRoLmJhY2tlbmRzLk1vZGVsQmFja2VuZCIsIl9hdXRoX3VzZXJfaWQiOiIxIn0=', '2018-04-04 04:10:47.994803'),
('ce5gzqtv2iey39hpeck1cr8zy0j98zr4', 'MTcyNzAxYWViYzg0MTUwM2JjOGZjZDRmZjYwMjAxMzkxZjhiOGNlYTp7Il9hdXRoX3VzZXJfaGFzaCI6Ijc2MjEwNWQwMGFlZDgyYzY0YTBmMDEyNjdjYzVhZjRhMmU2MTcwNmMiLCJfYXV0aF91c2VyX2JhY2tlbmQiOiJkamFuZ28uY29udHJpYi5hdXRoLmJhY2tlbmRzLk1vZGVsQmFja2VuZCIsIl9hdXRoX3VzZXJfaWQiOiIxIn0=', '2018-05-31 17:00:42.200279'),
('cefykldv0vw8cnh4kgq0ang7a9fx7ell', 'MTcyNzAxYWViYzg0MTUwM2JjOGZjZDRmZjYwMjAxMzkxZjhiOGNlYTp7Il9hdXRoX3VzZXJfaGFzaCI6Ijc2MjEwNWQwMGFlZDgyYzY0YTBmMDEyNjdjYzVhZjRhMmU2MTcwNmMiLCJfYXV0aF91c2VyX2JhY2tlbmQiOiJkamFuZ28uY29udHJpYi5hdXRoLmJhY2tlbmRzLk1vZGVsQmFja2VuZCIsIl9hdXRoX3VzZXJfaWQiOiIxIn0=', '2018-04-04 05:30:38.894314'),
('cew0aucqxfsicdwafzbk6hdx12awsw8a', 'MTcyNzAxYWViYzg0MTUwM2JjOGZjZDRmZjYwMjAxMzkxZjhiOGNlYTp7Il9hdXRoX3VzZXJfaGFzaCI6Ijc2MjEwNWQwMGFlZDgyYzY0YTBmMDEyNjdjYzVhZjRhMmU2MTcwNmMiLCJfYXV0aF91c2VyX2JhY2tlbmQiOiJkamFuZ28uY29udHJpYi5hdXRoLmJhY2tlbmRzLk1vZGVsQmFja2VuZCIsIl9hdXRoX3VzZXJfaWQiOiIxIn0=', '2018-05-31 17:16:34.244036'),
('cfi6it1i671rw0qewx6zx9xxc0h9y8po', 'MTcyNzAxYWViYzg0MTUwM2JjOGZjZDRmZjYwMjAxMzkxZjhiOGNlYTp7Il9hdXRoX3VzZXJfaGFzaCI6Ijc2MjEwNWQwMGFlZDgyYzY0YTBmMDEyNjdjYzVhZjRhMmU2MTcwNmMiLCJfYXV0aF91c2VyX2JhY2tlbmQiOiJkamFuZ28uY29udHJpYi5hdXRoLmJhY2tlbmRzLk1vZGVsQmFja2VuZCIsIl9hdXRoX3VzZXJfaWQiOiIxIn0=', '2018-04-30 21:12:20.048882'),
('cgpyq2qk7drz298lwgaac9dnkfrbo3u9', 'MTcyNzAxYWViYzg0MTUwM2JjOGZjZDRmZjYwMjAxMzkxZjhiOGNlYTp7Il9hdXRoX3VzZXJfaGFzaCI6Ijc2MjEwNWQwMGFlZDgyYzY0YTBmMDEyNjdjYzVhZjRhMmU2MTcwNmMiLCJfYXV0aF91c2VyX2JhY2tlbmQiOiJkamFuZ28uY29udHJpYi5hdXRoLmJhY2tlbmRzLk1vZGVsQmFja2VuZCIsIl9hdXRoX3VzZXJfaWQiOiIxIn0=', '2018-05-01 03:26:37.386474'),
('cgqyxcc4fih0ungj00znpu4xhwd8n5de', 'MTcyNzAxYWViYzg0MTUwM2JjOGZjZDRmZjYwMjAxMzkxZjhiOGNlYTp7Il9hdXRoX3VzZXJfaGFzaCI6Ijc2MjEwNWQwMGFlZDgyYzY0YTBmMDEyNjdjYzVhZjRhMmU2MTcwNmMiLCJfYXV0aF91c2VyX2JhY2tlbmQiOiJkamFuZ28uY29udHJpYi5hdXRoLmJhY2tlbmRzLk1vZGVsQmFja2VuZCIsIl9hdXRoX3VzZXJfaWQiOiIxIn0=', '2018-05-30 21:07:56.271378'),
('chjuwdb9lqpjnhkfxag3s32wkjw61uyt', 'MTcyNzAxYWViYzg0MTUwM2JjOGZjZDRmZjYwMjAxMzkxZjhiOGNlYTp7Il9hdXRoX3VzZXJfaGFzaCI6Ijc2MjEwNWQwMGFlZDgyYzY0YTBmMDEyNjdjYzVhZjRhMmU2MTcwNmMiLCJfYXV0aF91c2VyX2JhY2tlbmQiOiJkamFuZ28uY29udHJpYi5hdXRoLmJhY2tlbmRzLk1vZGVsQmFja2VuZCIsIl9hdXRoX3VzZXJfaWQiOiIxIn0=', '2018-04-30 20:09:20.110597'),
('chp9pm27sbszq08446s7epsldyrm4fi3', 'MTcyNzAxYWViYzg0MTUwM2JjOGZjZDRmZjYwMjAxMzkxZjhiOGNlYTp7Il9hdXRoX3VzZXJfaGFzaCI6Ijc2MjEwNWQwMGFlZDgyYzY0YTBmMDEyNjdjYzVhZjRhMmU2MTcwNmMiLCJfYXV0aF91c2VyX2JhY2tlbmQiOiJkamFuZ28uY29udHJpYi5hdXRoLmJhY2tlbmRzLk1vZGVsQmFja2VuZCIsIl9hdXRoX3VzZXJfaWQiOiIxIn0=', '2018-04-02 23:04:26.118903'),
('ciwfsiuplayw0qqsb8hce5lhmo76c680', 'MTcyNzAxYWViYzg0MTUwM2JjOGZjZDRmZjYwMjAxMzkxZjhiOGNlYTp7Il9hdXRoX3VzZXJfaGFzaCI6Ijc2MjEwNWQwMGFlZDgyYzY0YTBmMDEyNjdjYzVhZjRhMmU2MTcwNmMiLCJfYXV0aF91c2VyX2JhY2tlbmQiOiJkamFuZ28uY29udHJpYi5hdXRoLmJhY2tlbmRzLk1vZGVsQmFja2VuZCIsIl9hdXRoX3VzZXJfaWQiOiIxIn0=', '2018-04-30 20:51:01.028783'),
('ckw6hiktc6awx2pbld3m5okwgejmddwu', 'MTcyNzAxYWViYzg0MTUwM2JjOGZjZDRmZjYwMjAxMzkxZjhiOGNlYTp7Il9hdXRoX3VzZXJfaGFzaCI6Ijc2MjEwNWQwMGFlZDgyYzY0YTBmMDEyNjdjYzVhZjRhMmU2MTcwNmMiLCJfYXV0aF91c2VyX2JhY2tlbmQiOiJkamFuZ28uY29udHJpYi5hdXRoLmJhY2tlbmRzLk1vZGVsQmFja2VuZCIsIl9hdXRoX3VzZXJfaWQiOiIxIn0=', '2018-04-30 20:11:49.738491'),
('cloklmop25ybi3u1jdoep8uw4nojcw3w', 'MTcyNzAxYWViYzg0MTUwM2JjOGZjZDRmZjYwMjAxMzkxZjhiOGNlYTp7Il9hdXRoX3VzZXJfaGFzaCI6Ijc2MjEwNWQwMGFlZDgyYzY0YTBmMDEyNjdjYzVhZjRhMmU2MTcwNmMiLCJfYXV0aF91c2VyX2JhY2tlbmQiOiJkamFuZ28uY29udHJpYi5hdXRoLmJhY2tlbmRzLk1vZGVsQmFja2VuZCIsIl9hdXRoX3VzZXJfaWQiOiIxIn0=', '2018-04-23 07:07:53.002761'),
('clvzxbshnzruaz3ecojlrh5fyq2k3lmb', 'MTcyNzAxYWViYzg0MTUwM2JjOGZjZDRmZjYwMjAxMzkxZjhiOGNlYTp7Il9hdXRoX3VzZXJfaGFzaCI6Ijc2MjEwNWQwMGFlZDgyYzY0YTBmMDEyNjdjYzVhZjRhMmU2MTcwNmMiLCJfYXV0aF91c2VyX2JhY2tlbmQiOiJkamFuZ28uY29udHJpYi5hdXRoLmJhY2tlbmRzLk1vZGVsQmFja2VuZCIsIl9hdXRoX3VzZXJfaWQiOiIxIn0=', '2018-04-30 20:01:11.370238'),
('clzinhw2lrnecv2pz54e8cbm6pryolvi', 'MTcyNzAxYWViYzg0MTUwM2JjOGZjZDRmZjYwMjAxMzkxZjhiOGNlYTp7Il9hdXRoX3VzZXJfaGFzaCI6Ijc2MjEwNWQwMGFlZDgyYzY0YTBmMDEyNjdjYzVhZjRhMmU2MTcwNmMiLCJfYXV0aF91c2VyX2JhY2tlbmQiOiJkamFuZ28uY29udHJpYi5hdXRoLmJhY2tlbmRzLk1vZGVsQmFja2VuZCIsIl9hdXRoX3VzZXJfaWQiOiIxIn0=', '2018-05-31 05:09:57.338740'),
('cm2t33clqsrj6dg1fad6nybt7w2pfi32', 'MTcyNzAxYWViYzg0MTUwM2JjOGZjZDRmZjYwMjAxMzkxZjhiOGNlYTp7Il9hdXRoX3VzZXJfaGFzaCI6Ijc2MjEwNWQwMGFlZDgyYzY0YTBmMDEyNjdjYzVhZjRhMmU2MTcwNmMiLCJfYXV0aF91c2VyX2JhY2tlbmQiOiJkamFuZ28uY29udHJpYi5hdXRoLmJhY2tlbmRzLk1vZGVsQmFja2VuZCIsIl9hdXRoX3VzZXJfaWQiOiIxIn0=', '2018-04-30 21:47:12.018687'),
('cmgbb3wyokag6pkwyyxzsf7x6bs0upoe', 'MTcyNzAxYWViYzg0MTUwM2JjOGZjZDRmZjYwMjAxMzkxZjhiOGNlYTp7Il9hdXRoX3VzZXJfaGFzaCI6Ijc2MjEwNWQwMGFlZDgyYzY0YTBmMDEyNjdjYzVhZjRhMmU2MTcwNmMiLCJfYXV0aF91c2VyX2JhY2tlbmQiOiJkamFuZ28uY29udHJpYi5hdXRoLmJhY2tlbmRzLk1vZGVsQmFja2VuZCIsIl9hdXRoX3VzZXJfaWQiOiIxIn0=', '2018-05-31 17:45:50.661380'),
('cmsrjjsu7365jyhox28pqnan9ck3skg7', 'MTcyNzAxYWViYzg0MTUwM2JjOGZjZDRmZjYwMjAxMzkxZjhiOGNlYTp7Il9hdXRoX3VzZXJfaGFzaCI6Ijc2MjEwNWQwMGFlZDgyYzY0YTBmMDEyNjdjYzVhZjRhMmU2MTcwNmMiLCJfYXV0aF91c2VyX2JhY2tlbmQiOiJkamFuZ28uY29udHJpYi5hdXRoLmJhY2tlbmRzLk1vZGVsQmFja2VuZCIsIl9hdXRoX3VzZXJfaWQiOiIxIn0=', '2018-04-02 23:03:16.098227'),
('cmuxi9pjtt02clbnindv7gk6ol5jmfvu', 'MTcyNzAxYWViYzg0MTUwM2JjOGZjZDRmZjYwMjAxMzkxZjhiOGNlYTp7Il9hdXRoX3VzZXJfaGFzaCI6Ijc2MjEwNWQwMGFlZDgyYzY0YTBmMDEyNjdjYzVhZjRhMmU2MTcwNmMiLCJfYXV0aF91c2VyX2JhY2tlbmQiOiJkamFuZ28uY29udHJpYi5hdXRoLmJhY2tlbmRzLk1vZGVsQmFja2VuZCIsIl9hdXRoX3VzZXJfaWQiOiIxIn0=', '2018-04-30 20:41:31.127699'),
('cmxn6yfsnx6itpad383otylchdpmtvyi', 'MTcyNzAxYWViYzg0MTUwM2JjOGZjZDRmZjYwMjAxMzkxZjhiOGNlYTp7Il9hdXRoX3VzZXJfaGFzaCI6Ijc2MjEwNWQwMGFlZDgyYzY0YTBmMDEyNjdjYzVhZjRhMmU2MTcwNmMiLCJfYXV0aF91c2VyX2JhY2tlbmQiOiJkamFuZ28uY29udHJpYi5hdXRoLmJhY2tlbmRzLk1vZGVsQmFja2VuZCIsIl9hdXRoX3VzZXJfaWQiOiIxIn0=', '2018-05-31 04:46:58.900877'),
('cteckeeqjx23gcixs0kzqjw6t5ml9ukd', 'MTcyNzAxYWViYzg0MTUwM2JjOGZjZDRmZjYwMjAxMzkxZjhiOGNlYTp7Il9hdXRoX3VzZXJfaGFzaCI6Ijc2MjEwNWQwMGFlZDgyYzY0YTBmMDEyNjdjYzVhZjRhMmU2MTcwNmMiLCJfYXV0aF91c2VyX2JhY2tlbmQiOiJkamFuZ28uY29udHJpYi5hdXRoLmJhY2tlbmRzLk1vZGVsQmFja2VuZCIsIl9hdXRoX3VzZXJfaWQiOiIxIn0=', '2018-05-01 03:22:29.192820'),
('cttra0bc9b26z7pt18r5qrr5szjboplr', 'MTcyNzAxYWViYzg0MTUwM2JjOGZjZDRmZjYwMjAxMzkxZjhiOGNlYTp7Il9hdXRoX3VzZXJfaGFzaCI6Ijc2MjEwNWQwMGFlZDgyYzY0YTBmMDEyNjdjYzVhZjRhMmU2MTcwNmMiLCJfYXV0aF91c2VyX2JhY2tlbmQiOiJkamFuZ28uY29udHJpYi5hdXRoLmJhY2tlbmRzLk1vZGVsQmFja2VuZCIsIl9hdXRoX3VzZXJfaWQiOiIxIn0=', '2018-05-31 04:27:42.958959'),
('cuhsrk4u735t1c1q394d5f5p6dv85wsk', 'MTcyNzAxYWViYzg0MTUwM2JjOGZjZDRmZjYwMjAxMzkxZjhiOGNlYTp7Il9hdXRoX3VzZXJfaGFzaCI6Ijc2MjEwNWQwMGFlZDgyYzY0YTBmMDEyNjdjYzVhZjRhMmU2MTcwNmMiLCJfYXV0aF91c2VyX2JhY2tlbmQiOiJkamFuZ28uY29udHJpYi5hdXRoLmJhY2tlbmRzLk1vZGVsQmFja2VuZCIsIl9hdXRoX3VzZXJfaWQiOiIxIn0=', '2018-04-30 20:41:00.011740'),
('cupu3auu5edoawlekgv2p8qt2sje2lfn', 'MTcyNzAxYWViYzg0MTUwM2JjOGZjZDRmZjYwMjAxMzkxZjhiOGNlYTp7Il9hdXRoX3VzZXJfaGFzaCI6Ijc2MjEwNWQwMGFlZDgyYzY0YTBmMDEyNjdjYzVhZjRhMmU2MTcwNmMiLCJfYXV0aF91c2VyX2JhY2tlbmQiOiJkamFuZ28uY29udHJpYi5hdXRoLmJhY2tlbmRzLk1vZGVsQmFja2VuZCIsIl9hdXRoX3VzZXJfaWQiOiIxIn0=', '2018-04-05 20:53:12.163807'),
('cv8b55whbd8xugbvjn5hoa52vlumuj4s', 'MTcyNzAxYWViYzg0MTUwM2JjOGZjZDRmZjYwMjAxMzkxZjhiOGNlYTp7Il9hdXRoX3VzZXJfaGFzaCI6Ijc2MjEwNWQwMGFlZDgyYzY0YTBmMDEyNjdjYzVhZjRhMmU2MTcwNmMiLCJfYXV0aF91c2VyX2JhY2tlbmQiOiJkamFuZ28uY29udHJpYi5hdXRoLmJhY2tlbmRzLk1vZGVsQmFja2VuZCIsIl9hdXRoX3VzZXJfaWQiOiIxIn0=', '2018-04-30 21:56:12.224104'),
('cve2ph9ywy8yoetff3y7okkmhpanq9gl', 'MTcyNzAxYWViYzg0MTUwM2JjOGZjZDRmZjYwMjAxMzkxZjhiOGNlYTp7Il9hdXRoX3VzZXJfaGFzaCI6Ijc2MjEwNWQwMGFlZDgyYzY0YTBmMDEyNjdjYzVhZjRhMmU2MTcwNmMiLCJfYXV0aF91c2VyX2JhY2tlbmQiOiJkamFuZ28uY29udHJpYi5hdXRoLmJhY2tlbmRzLk1vZGVsQmFja2VuZCIsIl9hdXRoX3VzZXJfaWQiOiIxIn0=', '2018-04-30 21:47:53.411501'),
('cwhhsysc0de3pshhw4lvol01a2zo87g5', 'MTcyNzAxYWViYzg0MTUwM2JjOGZjZDRmZjYwMjAxMzkxZjhiOGNlYTp7Il9hdXRoX3VzZXJfaGFzaCI6Ijc2MjEwNWQwMGFlZDgyYzY0YTBmMDEyNjdjYzVhZjRhMmU2MTcwNmMiLCJfYXV0aF91c2VyX2JhY2tlbmQiOiJkamFuZ28uY29udHJpYi5hdXRoLmJhY2tlbmRzLk1vZGVsQmFja2VuZCIsIl9hdXRoX3VzZXJfaWQiOiIxIn0=', '2018-05-31 18:42:01.924609'),
('cwzt5esjzl7ap2xu0wjoe8flftf2mhef', 'MTcyNzAxYWViYzg0MTUwM2JjOGZjZDRmZjYwMjAxMzkxZjhiOGNlYTp7Il9hdXRoX3VzZXJfaGFzaCI6Ijc2MjEwNWQwMGFlZDgyYzY0YTBmMDEyNjdjYzVhZjRhMmU2MTcwNmMiLCJfYXV0aF91c2VyX2JhY2tlbmQiOiJkamFuZ28uY29udHJpYi5hdXRoLmJhY2tlbmRzLk1vZGVsQmFja2VuZCIsIl9hdXRoX3VzZXJfaWQiOiIxIn0=', '2018-04-04 18:52:39.007574'),
('cxnpe3h426gdnn4pq248huawtm6pp2ho', 'MTcyNzAxYWViYzg0MTUwM2JjOGZjZDRmZjYwMjAxMzkxZjhiOGNlYTp7Il9hdXRoX3VzZXJfaGFzaCI6Ijc2MjEwNWQwMGFlZDgyYzY0YTBmMDEyNjdjYzVhZjRhMmU2MTcwNmMiLCJfYXV0aF91c2VyX2JhY2tlbmQiOiJkamFuZ28uY29udHJpYi5hdXRoLmJhY2tlbmRzLk1vZGVsQmFja2VuZCIsIl9hdXRoX3VzZXJfaWQiOiIxIn0=', '2018-05-31 04:55:40.593131'),
('cy3gr5b99w28wkckbuovmlvvcwrglp89', 'MTcyNzAxYWViYzg0MTUwM2JjOGZjZDRmZjYwMjAxMzkxZjhiOGNlYTp7Il9hdXRoX3VzZXJfaGFzaCI6Ijc2MjEwNWQwMGFlZDgyYzY0YTBmMDEyNjdjYzVhZjRhMmU2MTcwNmMiLCJfYXV0aF91c2VyX2JhY2tlbmQiOiJkamFuZ28uY29udHJpYi5hdXRoLmJhY2tlbmRzLk1vZGVsQmFja2VuZCIsIl9hdXRoX3VzZXJfaWQiOiIxIn0=', '2018-05-31 05:11:17.327115'),
('cy94sa86cljxbdirxhnky37cko71zp3r', 'MTcyNzAxYWViYzg0MTUwM2JjOGZjZDRmZjYwMjAxMzkxZjhiOGNlYTp7Il9hdXRoX3VzZXJfaGFzaCI6Ijc2MjEwNWQwMGFlZDgyYzY0YTBmMDEyNjdjYzVhZjRhMmU2MTcwNmMiLCJfYXV0aF91c2VyX2JhY2tlbmQiOiJkamFuZ28uY29udHJpYi5hdXRoLmJhY2tlbmRzLk1vZGVsQmFja2VuZCIsIl9hdXRoX3VzZXJfaWQiOiIxIn0=', '2018-04-05 21:02:41.947235'),
('cyv169m8ohje8y8cge3fpdzcxau1fm3g', 'MTcyNzAxYWViYzg0MTUwM2JjOGZjZDRmZjYwMjAxMzkxZjhiOGNlYTp7Il9hdXRoX3VzZXJfaGFzaCI6Ijc2MjEwNWQwMGFlZDgyYzY0YTBmMDEyNjdjYzVhZjRhMmU2MTcwNmMiLCJfYXV0aF91c2VyX2JhY2tlbmQiOiJkamFuZ28uY29udHJpYi5hdXRoLmJhY2tlbmRzLk1vZGVsQmFja2VuZCIsIl9hdXRoX3VzZXJfaWQiOiIxIn0=', '2018-05-31 05:49:32.795414'),
('czgkxdi0z47dpzey1ankpkq7tpkbl4wg', 'MTcyNzAxYWViYzg0MTUwM2JjOGZjZDRmZjYwMjAxMzkxZjhiOGNlYTp7Il9hdXRoX3VzZXJfaGFzaCI6Ijc2MjEwNWQwMGFlZDgyYzY0YTBmMDEyNjdjYzVhZjRhMmU2MTcwNmMiLCJfYXV0aF91c2VyX2JhY2tlbmQiOiJkamFuZ28uY29udHJpYi5hdXRoLmJhY2tlbmRzLk1vZGVsQmFja2VuZCIsIl9hdXRoX3VzZXJfaWQiOiIxIn0=', '2018-05-01 03:52:02.268562'),
('czvg2humiqubcr0gjmmbc7d9qo2dtkd2', 'MTcyNzAxYWViYzg0MTUwM2JjOGZjZDRmZjYwMjAxMzkxZjhiOGNlYTp7Il9hdXRoX3VzZXJfaGFzaCI6Ijc2MjEwNWQwMGFlZDgyYzY0YTBmMDEyNjdjYzVhZjRhMmU2MTcwNmMiLCJfYXV0aF91c2VyX2JhY2tlbmQiOiJkamFuZ28uY29udHJpYi5hdXRoLmJhY2tlbmRzLk1vZGVsQmFja2VuZCIsIl9hdXRoX3VzZXJfaWQiOiIxIn0=', '2018-04-30 20:05:21.768067'),
('d1w50mrnp50c8klobi5y077pzqaacvg2', 'MTcyNzAxYWViYzg0MTUwM2JjOGZjZDRmZjYwMjAxMzkxZjhiOGNlYTp7Il9hdXRoX3VzZXJfaGFzaCI6Ijc2MjEwNWQwMGFlZDgyYzY0YTBmMDEyNjdjYzVhZjRhMmU2MTcwNmMiLCJfYXV0aF91c2VyX2JhY2tlbmQiOiJkamFuZ28uY29udHJpYi5hdXRoLmJhY2tlbmRzLk1vZGVsQmFja2VuZCIsIl9hdXRoX3VzZXJfaWQiOiIxIn0=', '2018-05-31 17:01:58.337029'),
('d48kbn0n3ztug59yqvvg13n0lyte3a38', 'MTcyNzAxYWViYzg0MTUwM2JjOGZjZDRmZjYwMjAxMzkxZjhiOGNlYTp7Il9hdXRoX3VzZXJfaGFzaCI6Ijc2MjEwNWQwMGFlZDgyYzY0YTBmMDEyNjdjYzVhZjRhMmU2MTcwNmMiLCJfYXV0aF91c2VyX2JhY2tlbmQiOiJkamFuZ28uY29udHJpYi5hdXRoLmJhY2tlbmRzLk1vZGVsQmFja2VuZCIsIl9hdXRoX3VzZXJfaWQiOiIxIn0=', '2018-04-30 20:05:07.812712'),
('d4cey5wdh1u2zsa5rdv8pewfq3rj779n', 'MTcyNzAxYWViYzg0MTUwM2JjOGZjZDRmZjYwMjAxMzkxZjhiOGNlYTp7Il9hdXRoX3VzZXJfaGFzaCI6Ijc2MjEwNWQwMGFlZDgyYzY0YTBmMDEyNjdjYzVhZjRhMmU2MTcwNmMiLCJfYXV0aF91c2VyX2JhY2tlbmQiOiJkamFuZ28uY29udHJpYi5hdXRoLmJhY2tlbmRzLk1vZGVsQmFja2VuZCIsIl9hdXRoX3VzZXJfaWQiOiIxIn0=', '2018-04-30 20:09:51.686349'),
('d5pvm4o7706c2rm2qfufioa8udmhilta', 'MTcyNzAxYWViYzg0MTUwM2JjOGZjZDRmZjYwMjAxMzkxZjhiOGNlYTp7Il9hdXRoX3VzZXJfaGFzaCI6Ijc2MjEwNWQwMGFlZDgyYzY0YTBmMDEyNjdjYzVhZjRhMmU2MTcwNmMiLCJfYXV0aF91c2VyX2JhY2tlbmQiOiJkamFuZ28uY29udHJpYi5hdXRoLmJhY2tlbmRzLk1vZGVsQmFja2VuZCIsIl9hdXRoX3VzZXJfaWQiOiIxIn0=', '2018-04-30 21:07:57.076889'),
('d6bij3k678usbpwlcmvrgtss8ytylljz', 'MTcyNzAxYWViYzg0MTUwM2JjOGZjZDRmZjYwMjAxMzkxZjhiOGNlYTp7Il9hdXRoX3VzZXJfaGFzaCI6Ijc2MjEwNWQwMGFlZDgyYzY0YTBmMDEyNjdjYzVhZjRhMmU2MTcwNmMiLCJfYXV0aF91c2VyX2JhY2tlbmQiOiJkamFuZ28uY29udHJpYi5hdXRoLmJhY2tlbmRzLk1vZGVsQmFja2VuZCIsIl9hdXRoX3VzZXJfaWQiOiIxIn0=', '2018-04-04 18:46:01.334214'),
('d6lkwpftulz07cmkk43qec7b6xe6y0vc', 'MTcyNzAxYWViYzg0MTUwM2JjOGZjZDRmZjYwMjAxMzkxZjhiOGNlYTp7Il9hdXRoX3VzZXJfaGFzaCI6Ijc2MjEwNWQwMGFlZDgyYzY0YTBmMDEyNjdjYzVhZjRhMmU2MTcwNmMiLCJfYXV0aF91c2VyX2JhY2tlbmQiOiJkamFuZ28uY29udHJpYi5hdXRoLmJhY2tlbmRzLk1vZGVsQmFja2VuZCIsIl9hdXRoX3VzZXJfaWQiOiIxIn0=', '2018-05-01 03:26:17.040690'),
('d7wxvbk82ngmo5vxg7hz391rdlushxvg', 'MTcyNzAxYWViYzg0MTUwM2JjOGZjZDRmZjYwMjAxMzkxZjhiOGNlYTp7Il9hdXRoX3VzZXJfaGFzaCI6Ijc2MjEwNWQwMGFlZDgyYzY0YTBmMDEyNjdjYzVhZjRhMmU2MTcwNmMiLCJfYXV0aF91c2VyX2JhY2tlbmQiOiJkamFuZ28uY29udHJpYi5hdXRoLmJhY2tlbmRzLk1vZGVsQmFja2VuZCIsIl9hdXRoX3VzZXJfaWQiOiIxIn0=', '2018-04-30 21:42:09.142210'),
('d8fc3lqrwfn46hcps8qesvqxckocjoed', 'MTcyNzAxYWViYzg0MTUwM2JjOGZjZDRmZjYwMjAxMzkxZjhiOGNlYTp7Il9hdXRoX3VzZXJfaGFzaCI6Ijc2MjEwNWQwMGFlZDgyYzY0YTBmMDEyNjdjYzVhZjRhMmU2MTcwNmMiLCJfYXV0aF91c2VyX2JhY2tlbmQiOiJkamFuZ28uY29udHJpYi5hdXRoLmJhY2tlbmRzLk1vZGVsQmFja2VuZCIsIl9hdXRoX3VzZXJfaWQiOiIxIn0=', '2018-05-31 17:54:42.497320'),
('da3y7u7fwzx982xuzilk6pc5m24ubtp6', 'MTcyNzAxYWViYzg0MTUwM2JjOGZjZDRmZjYwMjAxMzkxZjhiOGNlYTp7Il9hdXRoX3VzZXJfaGFzaCI6Ijc2MjEwNWQwMGFlZDgyYzY0YTBmMDEyNjdjYzVhZjRhMmU2MTcwNmMiLCJfYXV0aF91c2VyX2JhY2tlbmQiOiJkamFuZ28uY29udHJpYi5hdXRoLmJhY2tlbmRzLk1vZGVsQmFja2VuZCIsIl9hdXRoX3VzZXJfaWQiOiIxIn0=', '2018-05-31 04:50:28.221231'),
('db01b42wcvp5f3t0m7omaa7yuy7krqxi', 'MTcyNzAxYWViYzg0MTUwM2JjOGZjZDRmZjYwMjAxMzkxZjhiOGNlYTp7Il9hdXRoX3VzZXJfaGFzaCI6Ijc2MjEwNWQwMGFlZDgyYzY0YTBmMDEyNjdjYzVhZjRhMmU2MTcwNmMiLCJfYXV0aF91c2VyX2JhY2tlbmQiOiJkamFuZ28uY29udHJpYi5hdXRoLmJhY2tlbmRzLk1vZGVsQmFja2VuZCIsIl9hdXRoX3VzZXJfaWQiOiIxIn0=', '2018-05-31 17:44:16.311160'),
('dcjx9tw4w8t7tfsintiw47p3zqsic402', 'MTcyNzAxYWViYzg0MTUwM2JjOGZjZDRmZjYwMjAxMzkxZjhiOGNlYTp7Il9hdXRoX3VzZXJfaGFzaCI6Ijc2MjEwNWQwMGFlZDgyYzY0YTBmMDEyNjdjYzVhZjRhMmU2MTcwNmMiLCJfYXV0aF91c2VyX2JhY2tlbmQiOiJkamFuZ28uY29udHJpYi5hdXRoLmJhY2tlbmRzLk1vZGVsQmFja2VuZCIsIl9hdXRoX3VzZXJfaWQiOiIxIn0=', '2018-05-18 17:12:16.463018'),
('dczipllomhhy03ot1ov4n31x0uh0v2zn', 'MTcyNzAxYWViYzg0MTUwM2JjOGZjZDRmZjYwMjAxMzkxZjhiOGNlYTp7Il9hdXRoX3VzZXJfaGFzaCI6Ijc2MjEwNWQwMGFlZDgyYzY0YTBmMDEyNjdjYzVhZjRhMmU2MTcwNmMiLCJfYXV0aF91c2VyX2JhY2tlbmQiOiJkamFuZ28uY29udHJpYi5hdXRoLmJhY2tlbmRzLk1vZGVsQmFja2VuZCIsIl9hdXRoX3VzZXJfaWQiOiIxIn0=', '2018-05-01 03:39:34.558494'),
('ddl9l6uhnvn1jvcmpf59vd12hdmcubmb', 'MTcyNzAxYWViYzg0MTUwM2JjOGZjZDRmZjYwMjAxMzkxZjhiOGNlYTp7Il9hdXRoX3VzZXJfaGFzaCI6Ijc2MjEwNWQwMGFlZDgyYzY0YTBmMDEyNjdjYzVhZjRhMmU2MTcwNmMiLCJfYXV0aF91c2VyX2JhY2tlbmQiOiJkamFuZ28uY29udHJpYi5hdXRoLmJhY2tlbmRzLk1vZGVsQmFja2VuZCIsIl9hdXRoX3VzZXJfaWQiOiIxIn0=', '2018-04-04 18:45:49.418942'),
('dea8mjnz9yrqspgiycucfis90afnz8ig', 'MTcyNzAxYWViYzg0MTUwM2JjOGZjZDRmZjYwMjAxMzkxZjhiOGNlYTp7Il9hdXRoX3VzZXJfaGFzaCI6Ijc2MjEwNWQwMGFlZDgyYzY0YTBmMDEyNjdjYzVhZjRhMmU2MTcwNmMiLCJfYXV0aF91c2VyX2JhY2tlbmQiOiJkamFuZ28uY29udHJpYi5hdXRoLmJhY2tlbmRzLk1vZGVsQmFja2VuZCIsIl9hdXRoX3VzZXJfaWQiOiIxIn0=', '2018-04-30 21:12:15.596015'),
('deslrwqndfyvm6ooebvtdg2xkeinlci9', 'MTcyNzAxYWViYzg0MTUwM2JjOGZjZDRmZjYwMjAxMzkxZjhiOGNlYTp7Il9hdXRoX3VzZXJfaGFzaCI6Ijc2MjEwNWQwMGFlZDgyYzY0YTBmMDEyNjdjYzVhZjRhMmU2MTcwNmMiLCJfYXV0aF91c2VyX2JhY2tlbmQiOiJkamFuZ28uY29udHJpYi5hdXRoLmJhY2tlbmRzLk1vZGVsQmFja2VuZCIsIl9hdXRoX3VzZXJfaWQiOiIxIn0=', '2018-05-31 05:15:22.623153'),
('dfp6fmt1rborb8868zp5nwqr0om1f8wd', 'MTcyNzAxYWViYzg0MTUwM2JjOGZjZDRmZjYwMjAxMzkxZjhiOGNlYTp7Il9hdXRoX3VzZXJfaGFzaCI6Ijc2MjEwNWQwMGFlZDgyYzY0YTBmMDEyNjdjYzVhZjRhMmU2MTcwNmMiLCJfYXV0aF91c2VyX2JhY2tlbmQiOiJkamFuZ28uY29udHJpYi5hdXRoLmJhY2tlbmRzLk1vZGVsQmFja2VuZCIsIl9hdXRoX3VzZXJfaWQiOiIxIn0=', '2018-04-30 20:35:59.921309'),
('dfz3f57xu2pynk110ipoo5mjjhpqucck', 'MTcyNzAxYWViYzg0MTUwM2JjOGZjZDRmZjYwMjAxMzkxZjhiOGNlYTp7Il9hdXRoX3VzZXJfaGFzaCI6Ijc2MjEwNWQwMGFlZDgyYzY0YTBmMDEyNjdjYzVhZjRhMmU2MTcwNmMiLCJfYXV0aF91c2VyX2JhY2tlbmQiOiJkamFuZ28uY29udHJpYi5hdXRoLmJhY2tlbmRzLk1vZGVsQmFja2VuZCIsIl9hdXRoX3VzZXJfaWQiOiIxIn0=', '2018-05-31 05:14:58.676640'),
('dhmxztqxc5nyc9qevz726tx9zqno3g4z', 'MTcyNzAxYWViYzg0MTUwM2JjOGZjZDRmZjYwMjAxMzkxZjhiOGNlYTp7Il9hdXRoX3VzZXJfaGFzaCI6Ijc2MjEwNWQwMGFlZDgyYzY0YTBmMDEyNjdjYzVhZjRhMmU2MTcwNmMiLCJfYXV0aF91c2VyX2JhY2tlbmQiOiJkamFuZ28uY29udHJpYi5hdXRoLmJhY2tlbmRzLk1vZGVsQmFja2VuZCIsIl9hdXRoX3VzZXJfaWQiOiIxIn0=', '2018-04-30 20:51:37.447675'),
('diq8mznj64fzu57z5olhvp9ezdjdg3pb', 'MTcyNzAxYWViYzg0MTUwM2JjOGZjZDRmZjYwMjAxMzkxZjhiOGNlYTp7Il9hdXRoX3VzZXJfaGFzaCI6Ijc2MjEwNWQwMGFlZDgyYzY0YTBmMDEyNjdjYzVhZjRhMmU2MTcwNmMiLCJfYXV0aF91c2VyX2JhY2tlbmQiOiJkamFuZ28uY29udHJpYi5hdXRoLmJhY2tlbmRzLk1vZGVsQmFja2VuZCIsIl9hdXRoX3VzZXJfaWQiOiIxIn0=', '2018-04-04 18:02:30.724458'),
('ditrd8zbkfsgfcxxio5o55l9lr6ozies', 'MTcyNzAxYWViYzg0MTUwM2JjOGZjZDRmZjYwMjAxMzkxZjhiOGNlYTp7Il9hdXRoX3VzZXJfaGFzaCI6Ijc2MjEwNWQwMGFlZDgyYzY0YTBmMDEyNjdjYzVhZjRhMmU2MTcwNmMiLCJfYXV0aF91c2VyX2JhY2tlbmQiOiJkamFuZ28uY29udHJpYi5hdXRoLmJhY2tlbmRzLk1vZGVsQmFja2VuZCIsIl9hdXRoX3VzZXJfaWQiOiIxIn0=', '2018-04-04 04:25:12.584983'),
('dj9forl8204eyd3y5b9z56vygrqtrzaf', 'MTcyNzAxYWViYzg0MTUwM2JjOGZjZDRmZjYwMjAxMzkxZjhiOGNlYTp7Il9hdXRoX3VzZXJfaGFzaCI6Ijc2MjEwNWQwMGFlZDgyYzY0YTBmMDEyNjdjYzVhZjRhMmU2MTcwNmMiLCJfYXV0aF91c2VyX2JhY2tlbmQiOiJkamFuZ28uY29udHJpYi5hdXRoLmJhY2tlbmRzLk1vZGVsQmFja2VuZCIsIl9hdXRoX3VzZXJfaWQiOiIxIn0=', '2018-05-31 04:32:32.947729'),
('dk1tyrbzc42l7auedz2wd3azbimza88a', 'MTcyNzAxYWViYzg0MTUwM2JjOGZjZDRmZjYwMjAxMzkxZjhiOGNlYTp7Il9hdXRoX3VzZXJfaGFzaCI6Ijc2MjEwNWQwMGFlZDgyYzY0YTBmMDEyNjdjYzVhZjRhMmU2MTcwNmMiLCJfYXV0aF91c2VyX2JhY2tlbmQiOiJkamFuZ28uY29udHJpYi5hdXRoLmJhY2tlbmRzLk1vZGVsQmFja2VuZCIsIl9hdXRoX3VzZXJfaWQiOiIxIn0=', '2018-05-31 17:02:09.770861'),
('dl8zk4a2vbuj8ydgx2g6d2wtlaz2nf8o', 'MTcyNzAxYWViYzg0MTUwM2JjOGZjZDRmZjYwMjAxMzkxZjhiOGNlYTp7Il9hdXRoX3VzZXJfaGFzaCI6Ijc2MjEwNWQwMGFlZDgyYzY0YTBmMDEyNjdjYzVhZjRhMmU2MTcwNmMiLCJfYXV0aF91c2VyX2JhY2tlbmQiOiJkamFuZ28uY29udHJpYi5hdXRoLmJhY2tlbmRzLk1vZGVsQmFja2VuZCIsIl9hdXRoX3VzZXJfaWQiOiIxIn0=', '2018-04-04 18:14:08.671677'),
('dlw3uav0l6namwe046v58ln68r3zkvlv', 'MTcyNzAxYWViYzg0MTUwM2JjOGZjZDRmZjYwMjAxMzkxZjhiOGNlYTp7Il9hdXRoX3VzZXJfaGFzaCI6Ijc2MjEwNWQwMGFlZDgyYzY0YTBmMDEyNjdjYzVhZjRhMmU2MTcwNmMiLCJfYXV0aF91c2VyX2JhY2tlbmQiOiJkamFuZ28uY29udHJpYi5hdXRoLmJhY2tlbmRzLk1vZGVsQmFja2VuZCIsIl9hdXRoX3VzZXJfaWQiOiIxIn0=', '2018-04-04 18:45:35.446175'),
('dmgwlxr7m4fhkveod9r68leffd728p4q', 'MTcyNzAxYWViYzg0MTUwM2JjOGZjZDRmZjYwMjAxMzkxZjhiOGNlYTp7Il9hdXRoX3VzZXJfaGFzaCI6Ijc2MjEwNWQwMGFlZDgyYzY0YTBmMDEyNjdjYzVhZjRhMmU2MTcwNmMiLCJfYXV0aF91c2VyX2JhY2tlbmQiOiJkamFuZ28uY29udHJpYi5hdXRoLmJhY2tlbmRzLk1vZGVsQmFja2VuZCIsIl9hdXRoX3VzZXJfaWQiOiIxIn0=', '2018-04-30 20:10:12.895495'),
('dp1dfibz8h94lrrzebgi88t68zwxabs6', 'MTcyNzAxYWViYzg0MTUwM2JjOGZjZDRmZjYwMjAxMzkxZjhiOGNlYTp7Il9hdXRoX3VzZXJfaGFzaCI6Ijc2MjEwNWQwMGFlZDgyYzY0YTBmMDEyNjdjYzVhZjRhMmU2MTcwNmMiLCJfYXV0aF91c2VyX2JhY2tlbmQiOiJkamFuZ28uY29udHJpYi5hdXRoLmJhY2tlbmRzLk1vZGVsQmFja2VuZCIsIl9hdXRoX3VzZXJfaWQiOiIxIn0=', '2018-05-01 03:30:55.482943'),
('dsge2l151s3frdk468zfowrmb10jkodq', 'MTcyNzAxYWViYzg0MTUwM2JjOGZjZDRmZjYwMjAxMzkxZjhiOGNlYTp7Il9hdXRoX3VzZXJfaGFzaCI6Ijc2MjEwNWQwMGFlZDgyYzY0YTBmMDEyNjdjYzVhZjRhMmU2MTcwNmMiLCJfYXV0aF91c2VyX2JhY2tlbmQiOiJkamFuZ28uY29udHJpYi5hdXRoLmJhY2tlbmRzLk1vZGVsQmFja2VuZCIsIl9hdXRoX3VzZXJfaWQiOiIxIn0=', '2018-04-30 21:58:43.822354'),
('dub4u6uxzr7neo75b84rgo4jr5ux96ny', 'MGY0MWNhYWYwNjY3ZTM2ZjM2NGEwODgyOWU3MTc2NjI3NDRlZjU2ZTp7Il9hdXRoX3VzZXJfaGFzaCI6IjA2YzEwMWYwYTE5NjM2MzI3ZWQxMzZjYjQyNjNhZjlhYTUxN2Q0ODEiLCJfYXV0aF91c2VyX2JhY2tlbmQiOiJkamFuZ28uY29udHJpYi5hdXRoLmJhY2tlbmRzLk1vZGVsQmFja2VuZCIsIl9hdXRoX3VzZXJfaWQiOiIzIn0=', '2018-05-23 17:19:19.689333'),
('duour1xxftdhi1y96kf4b6imnqegr2hg', 'MTcyNzAxYWViYzg0MTUwM2JjOGZjZDRmZjYwMjAxMzkxZjhiOGNlYTp7Il9hdXRoX3VzZXJfaGFzaCI6Ijc2MjEwNWQwMGFlZDgyYzY0YTBmMDEyNjdjYzVhZjRhMmU2MTcwNmMiLCJfYXV0aF91c2VyX2JhY2tlbmQiOiJkamFuZ28uY29udHJpYi5hdXRoLmJhY2tlbmRzLk1vZGVsQmFja2VuZCIsIl9hdXRoX3VzZXJfaWQiOiIxIn0=', '2018-04-30 21:07:05.543401'),
('dv9m2fys5lgj7fzpwkb0ewmox4hpys0w', 'MTcyNzAxYWViYzg0MTUwM2JjOGZjZDRmZjYwMjAxMzkxZjhiOGNlYTp7Il9hdXRoX3VzZXJfaGFzaCI6Ijc2MjEwNWQwMGFlZDgyYzY0YTBmMDEyNjdjYzVhZjRhMmU2MTcwNmMiLCJfYXV0aF91c2VyX2JhY2tlbmQiOiJkamFuZ28uY29udHJpYi5hdXRoLmJhY2tlbmRzLk1vZGVsQmFja2VuZCIsIl9hdXRoX3VzZXJfaWQiOiIxIn0=', '2018-04-30 20:26:42.529199'),
('dvwardj7fgqyilwot5czd1pa4m7uh9ma', 'MTcyNzAxYWViYzg0MTUwM2JjOGZjZDRmZjYwMjAxMzkxZjhiOGNlYTp7Il9hdXRoX3VzZXJfaGFzaCI6Ijc2MjEwNWQwMGFlZDgyYzY0YTBmMDEyNjdjYzVhZjRhMmU2MTcwNmMiLCJfYXV0aF91c2VyX2JhY2tlbmQiOiJkamFuZ28uY29udHJpYi5hdXRoLmJhY2tlbmRzLk1vZGVsQmFja2VuZCIsIl9hdXRoX3VzZXJfaWQiOiIxIn0=', '2018-05-18 17:18:15.934959'),
('dxz8o4mk3mifstd6vwcbdbh48esl0zvf', 'MTcyNzAxYWViYzg0MTUwM2JjOGZjZDRmZjYwMjAxMzkxZjhiOGNlYTp7Il9hdXRoX3VzZXJfaGFzaCI6Ijc2MjEwNWQwMGFlZDgyYzY0YTBmMDEyNjdjYzVhZjRhMmU2MTcwNmMiLCJfYXV0aF91c2VyX2JhY2tlbmQiOiJkamFuZ28uY29udHJpYi5hdXRoLmJhY2tlbmRzLk1vZGVsQmFja2VuZCIsIl9hdXRoX3VzZXJfaWQiOiIxIn0=', '2018-05-01 03:38:57.362602'),
('e057fjbhkca3pdimzok47y7xh1wtyjlz', 'MTcyNzAxYWViYzg0MTUwM2JjOGZjZDRmZjYwMjAxMzkxZjhiOGNlYTp7Il9hdXRoX3VzZXJfaGFzaCI6Ijc2MjEwNWQwMGFlZDgyYzY0YTBmMDEyNjdjYzVhZjRhMmU2MTcwNmMiLCJfYXV0aF91c2VyX2JhY2tlbmQiOiJkamFuZ28uY29udHJpYi5hdXRoLmJhY2tlbmRzLk1vZGVsQmFja2VuZCIsIl9hdXRoX3VzZXJfaWQiOiIxIn0=', '2018-05-01 03:19:14.203447'),
('e0ydodvv333frmcms2dcixeh9snsdz7s', 'MTcyNzAxYWViYzg0MTUwM2JjOGZjZDRmZjYwMjAxMzkxZjhiOGNlYTp7Il9hdXRoX3VzZXJfaGFzaCI6Ijc2MjEwNWQwMGFlZDgyYzY0YTBmMDEyNjdjYzVhZjRhMmU2MTcwNmMiLCJfYXV0aF91c2VyX2JhY2tlbmQiOiJkamFuZ28uY29udHJpYi5hdXRoLmJhY2tlbmRzLk1vZGVsQmFja2VuZCIsIl9hdXRoX3VzZXJfaWQiOiIxIn0=', '2018-04-30 20:44:55.282598'),
('e1gialkpovx48gzjwq9wvqcsav499f8i', 'MTcyNzAxYWViYzg0MTUwM2JjOGZjZDRmZjYwMjAxMzkxZjhiOGNlYTp7Il9hdXRoX3VzZXJfaGFzaCI6Ijc2MjEwNWQwMGFlZDgyYzY0YTBmMDEyNjdjYzVhZjRhMmU2MTcwNmMiLCJfYXV0aF91c2VyX2JhY2tlbmQiOiJkamFuZ28uY29udHJpYi5hdXRoLmJhY2tlbmRzLk1vZGVsQmFja2VuZCIsIl9hdXRoX3VzZXJfaWQiOiIxIn0=', '2018-04-04 04:12:56.353208'),
('e3jxc0a1mzmqf2koig1pr3eeoiwrqfl6', 'MTcyNzAxYWViYzg0MTUwM2JjOGZjZDRmZjYwMjAxMzkxZjhiOGNlYTp7Il9hdXRoX3VzZXJfaGFzaCI6Ijc2MjEwNWQwMGFlZDgyYzY0YTBmMDEyNjdjYzVhZjRhMmU2MTcwNmMiLCJfYXV0aF91c2VyX2JhY2tlbmQiOiJkamFuZ28uY29udHJpYi5hdXRoLmJhY2tlbmRzLk1vZGVsQmFja2VuZCIsIl9hdXRoX3VzZXJfaWQiOiIxIn0=', '2018-04-30 21:07:10.236582'),
('e3pz53xl1ser474f6dfi8dblvu0tyxrl', 'MTcyNzAxYWViYzg0MTUwM2JjOGZjZDRmZjYwMjAxMzkxZjhiOGNlYTp7Il9hdXRoX3VzZXJfaGFzaCI6Ijc2MjEwNWQwMGFlZDgyYzY0YTBmMDEyNjdjYzVhZjRhMmU2MTcwNmMiLCJfYXV0aF91c2VyX2JhY2tlbmQiOiJkamFuZ28uY29udHJpYi5hdXRoLmJhY2tlbmRzLk1vZGVsQmFja2VuZCIsIl9hdXRoX3VzZXJfaWQiOiIxIn0=', '2018-04-04 04:17:05.404012'),
('e4dwm0kjrusqphay1r2gf2kgqxrfusaz', 'MTcyNzAxYWViYzg0MTUwM2JjOGZjZDRmZjYwMjAxMzkxZjhiOGNlYTp7Il9hdXRoX3VzZXJfaGFzaCI6Ijc2MjEwNWQwMGFlZDgyYzY0YTBmMDEyNjdjYzVhZjRhMmU2MTcwNmMiLCJfYXV0aF91c2VyX2JhY2tlbmQiOiJkamFuZ28uY29udHJpYi5hdXRoLmJhY2tlbmRzLk1vZGVsQmFja2VuZCIsIl9hdXRoX3VzZXJfaWQiOiIxIn0=', '2018-05-31 05:08:41.705882'),
('e4vtudcqyfnx3xuhj2uxmb0g49rrln19', 'MTcyNzAxYWViYzg0MTUwM2JjOGZjZDRmZjYwMjAxMzkxZjhiOGNlYTp7Il9hdXRoX3VzZXJfaGFzaCI6Ijc2MjEwNWQwMGFlZDgyYzY0YTBmMDEyNjdjYzVhZjRhMmU2MTcwNmMiLCJfYXV0aF91c2VyX2JhY2tlbmQiOiJkamFuZ28uY29udHJpYi5hdXRoLmJhY2tlbmRzLk1vZGVsQmFja2VuZCIsIl9hdXRoX3VzZXJfaWQiOiIxIn0=', '2018-05-31 18:43:37.600201'),
('e8h5kvgrcbce9viixh3t5x85sogj8ja2', 'MTcyNzAxYWViYzg0MTUwM2JjOGZjZDRmZjYwMjAxMzkxZjhiOGNlYTp7Il9hdXRoX3VzZXJfaGFzaCI6Ijc2MjEwNWQwMGFlZDgyYzY0YTBmMDEyNjdjYzVhZjRhMmU2MTcwNmMiLCJfYXV0aF91c2VyX2JhY2tlbmQiOiJkamFuZ28uY29udHJpYi5hdXRoLmJhY2tlbmRzLk1vZGVsQmFja2VuZCIsIl9hdXRoX3VzZXJfaWQiOiIxIn0=', '2018-04-05 20:52:04.815712'),
('eb7ckfe39fdaut8vx6nl012n6kqfqqgp', 'MTcyNzAxYWViYzg0MTUwM2JjOGZjZDRmZjYwMjAxMzkxZjhiOGNlYTp7Il9hdXRoX3VzZXJfaGFzaCI6Ijc2MjEwNWQwMGFlZDgyYzY0YTBmMDEyNjdjYzVhZjRhMmU2MTcwNmMiLCJfYXV0aF91c2VyX2JhY2tlbmQiOiJkamFuZ28uY29udHJpYi5hdXRoLmJhY2tlbmRzLk1vZGVsQmFja2VuZCIsIl9hdXRoX3VzZXJfaWQiOiIxIn0=', '2018-05-31 04:56:10.307101'),
('ebn4ina9jgi4occjkgr417yhsgspl6k2', 'MTcyNzAxYWViYzg0MTUwM2JjOGZjZDRmZjYwMjAxMzkxZjhiOGNlYTp7Il9hdXRoX3VzZXJfaGFzaCI6Ijc2MjEwNWQwMGFlZDgyYzY0YTBmMDEyNjdjYzVhZjRhMmU2MTcwNmMiLCJfYXV0aF91c2VyX2JhY2tlbmQiOiJkamFuZ28uY29udHJpYi5hdXRoLmJhY2tlbmRzLk1vZGVsQmFja2VuZCIsIl9hdXRoX3VzZXJfaWQiOiIxIn0=', '2018-05-31 17:44:52.267609');
INSERT INTO `django_session` (`session_key`, `session_data`, `expire_date`) VALUES
('ec5i5hkf8rh2pigzoow10pwpqf4prsu0', 'MTcyNzAxYWViYzg0MTUwM2JjOGZjZDRmZjYwMjAxMzkxZjhiOGNlYTp7Il9hdXRoX3VzZXJfaGFzaCI6Ijc2MjEwNWQwMGFlZDgyYzY0YTBmMDEyNjdjYzVhZjRhMmU2MTcwNmMiLCJfYXV0aF91c2VyX2JhY2tlbmQiOiJkamFuZ28uY29udHJpYi5hdXRoLmJhY2tlbmRzLk1vZGVsQmFja2VuZCIsIl9hdXRoX3VzZXJfaWQiOiIxIn0=', '2018-05-31 17:01:40.546881'),
('eep8rzh52lyfx8413b4hbcpszw73trux', 'MTcyNzAxYWViYzg0MTUwM2JjOGZjZDRmZjYwMjAxMzkxZjhiOGNlYTp7Il9hdXRoX3VzZXJfaGFzaCI6Ijc2MjEwNWQwMGFlZDgyYzY0YTBmMDEyNjdjYzVhZjRhMmU2MTcwNmMiLCJfYXV0aF91c2VyX2JhY2tlbmQiOiJkamFuZ28uY29udHJpYi5hdXRoLmJhY2tlbmRzLk1vZGVsQmFja2VuZCIsIl9hdXRoX3VzZXJfaWQiOiIxIn0=', '2018-05-31 05:24:59.301846'),
('eeyejztoelco01hrm98ow62mrirb24f1', 'MTcyNzAxYWViYzg0MTUwM2JjOGZjZDRmZjYwMjAxMzkxZjhiOGNlYTp7Il9hdXRoX3VzZXJfaGFzaCI6Ijc2MjEwNWQwMGFlZDgyYzY0YTBmMDEyNjdjYzVhZjRhMmU2MTcwNmMiLCJfYXV0aF91c2VyX2JhY2tlbmQiOiJkamFuZ28uY29udHJpYi5hdXRoLmJhY2tlbmRzLk1vZGVsQmFja2VuZCIsIl9hdXRoX3VzZXJfaWQiOiIxIn0=', '2018-05-31 17:09:15.213396'),
('efy509wgosj09swbkyzvis9o1ym52t3q', 'MTcyNzAxYWViYzg0MTUwM2JjOGZjZDRmZjYwMjAxMzkxZjhiOGNlYTp7Il9hdXRoX3VzZXJfaGFzaCI6Ijc2MjEwNWQwMGFlZDgyYzY0YTBmMDEyNjdjYzVhZjRhMmU2MTcwNmMiLCJfYXV0aF91c2VyX2JhY2tlbmQiOiJkamFuZ28uY29udHJpYi5hdXRoLmJhY2tlbmRzLk1vZGVsQmFja2VuZCIsIl9hdXRoX3VzZXJfaWQiOiIxIn0=', '2018-04-01 20:40:54.787721'),
('egnur93c7irphrw6gjbwru4rgzqg5e7x', 'MTcyNzAxYWViYzg0MTUwM2JjOGZjZDRmZjYwMjAxMzkxZjhiOGNlYTp7Il9hdXRoX3VzZXJfaGFzaCI6Ijc2MjEwNWQwMGFlZDgyYzY0YTBmMDEyNjdjYzVhZjRhMmU2MTcwNmMiLCJfYXV0aF91c2VyX2JhY2tlbmQiOiJkamFuZ28uY29udHJpYi5hdXRoLmJhY2tlbmRzLk1vZGVsQmFja2VuZCIsIl9hdXRoX3VzZXJfaWQiOiIxIn0=', '2018-04-04 04:19:13.088172'),
('egvr1qyuxtd6mr1igurmfbdlt72tz0os', 'MTcyNzAxYWViYzg0MTUwM2JjOGZjZDRmZjYwMjAxMzkxZjhiOGNlYTp7Il9hdXRoX3VzZXJfaGFzaCI6Ijc2MjEwNWQwMGFlZDgyYzY0YTBmMDEyNjdjYzVhZjRhMmU2MTcwNmMiLCJfYXV0aF91c2VyX2JhY2tlbmQiOiJkamFuZ28uY29udHJpYi5hdXRoLmJhY2tlbmRzLk1vZGVsQmFja2VuZCIsIl9hdXRoX3VzZXJfaWQiOiIxIn0=', '2018-04-30 21:59:22.979178'),
('eh0mr48sptd1z4g4lx7weooydbpr23bh', 'MTcyNzAxYWViYzg0MTUwM2JjOGZjZDRmZjYwMjAxMzkxZjhiOGNlYTp7Il9hdXRoX3VzZXJfaGFzaCI6Ijc2MjEwNWQwMGFlZDgyYzY0YTBmMDEyNjdjYzVhZjRhMmU2MTcwNmMiLCJfYXV0aF91c2VyX2JhY2tlbmQiOiJkamFuZ28uY29udHJpYi5hdXRoLmJhY2tlbmRzLk1vZGVsQmFja2VuZCIsIl9hdXRoX3VzZXJfaWQiOiIxIn0=', '2018-04-30 21:48:04.557034'),
('ehgoyajf927vqyidmz70qqdd0fmk8pr4', 'MTcyNzAxYWViYzg0MTUwM2JjOGZjZDRmZjYwMjAxMzkxZjhiOGNlYTp7Il9hdXRoX3VzZXJfaGFzaCI6Ijc2MjEwNWQwMGFlZDgyYzY0YTBmMDEyNjdjYzVhZjRhMmU2MTcwNmMiLCJfYXV0aF91c2VyX2JhY2tlbmQiOiJkamFuZ28uY29udHJpYi5hdXRoLmJhY2tlbmRzLk1vZGVsQmFja2VuZCIsIl9hdXRoX3VzZXJfaWQiOiIxIn0=', '2018-04-04 18:13:42.984341'),
('ekd2pn0vglvz75wwvqaof3omfcduf7dy', 'MTcyNzAxYWViYzg0MTUwM2JjOGZjZDRmZjYwMjAxMzkxZjhiOGNlYTp7Il9hdXRoX3VzZXJfaGFzaCI6Ijc2MjEwNWQwMGFlZDgyYzY0YTBmMDEyNjdjYzVhZjRhMmU2MTcwNmMiLCJfYXV0aF91c2VyX2JhY2tlbmQiOiJkamFuZ28uY29udHJpYi5hdXRoLmJhY2tlbmRzLk1vZGVsQmFja2VuZCIsIl9hdXRoX3VzZXJfaWQiOiIxIn0=', '2018-05-31 03:57:23.515893'),
('ele0dv4u35xqmsffikxx30qd4xt2haqc', 'MTcyNzAxYWViYzg0MTUwM2JjOGZjZDRmZjYwMjAxMzkxZjhiOGNlYTp7Il9hdXRoX3VzZXJfaGFzaCI6Ijc2MjEwNWQwMGFlZDgyYzY0YTBmMDEyNjdjYzVhZjRhMmU2MTcwNmMiLCJfYXV0aF91c2VyX2JhY2tlbmQiOiJkamFuZ28uY29udHJpYi5hdXRoLmJhY2tlbmRzLk1vZGVsQmFja2VuZCIsIl9hdXRoX3VzZXJfaWQiOiIxIn0=', '2018-04-30 21:16:15.711734'),
('emrct2la4gmrl0r2e780c7k9aznwok8b', 'MTcyNzAxYWViYzg0MTUwM2JjOGZjZDRmZjYwMjAxMzkxZjhiOGNlYTp7Il9hdXRoX3VzZXJfaGFzaCI6Ijc2MjEwNWQwMGFlZDgyYzY0YTBmMDEyNjdjYzVhZjRhMmU2MTcwNmMiLCJfYXV0aF91c2VyX2JhY2tlbmQiOiJkamFuZ28uY29udHJpYi5hdXRoLmJhY2tlbmRzLk1vZGVsQmFja2VuZCIsIl9hdXRoX3VzZXJfaWQiOiIxIn0=', '2018-05-01 03:39:12.847818'),
('ennvbbd7h1oe0vhoevx2dmve33s333yu', 'MTcyNzAxYWViYzg0MTUwM2JjOGZjZDRmZjYwMjAxMzkxZjhiOGNlYTp7Il9hdXRoX3VzZXJfaGFzaCI6Ijc2MjEwNWQwMGFlZDgyYzY0YTBmMDEyNjdjYzVhZjRhMmU2MTcwNmMiLCJfYXV0aF91c2VyX2JhY2tlbmQiOiJkamFuZ28uY29udHJpYi5hdXRoLmJhY2tlbmRzLk1vZGVsQmFja2VuZCIsIl9hdXRoX3VzZXJfaWQiOiIxIn0=', '2018-05-18 17:22:06.463500'),
('eokhytaypp4xcgngo98egtqu0zpxomjr', 'MTcyNzAxYWViYzg0MTUwM2JjOGZjZDRmZjYwMjAxMzkxZjhiOGNlYTp7Il9hdXRoX3VzZXJfaGFzaCI6Ijc2MjEwNWQwMGFlZDgyYzY0YTBmMDEyNjdjYzVhZjRhMmU2MTcwNmMiLCJfYXV0aF91c2VyX2JhY2tlbmQiOiJkamFuZ28uY29udHJpYi5hdXRoLmJhY2tlbmRzLk1vZGVsQmFja2VuZCIsIl9hdXRoX3VzZXJfaWQiOiIxIn0=', '2018-04-30 19:58:01.393513'),
('eosyon5j7da5rmpgcf2beafy18bg5jhw', 'MTcyNzAxYWViYzg0MTUwM2JjOGZjZDRmZjYwMjAxMzkxZjhiOGNlYTp7Il9hdXRoX3VzZXJfaGFzaCI6Ijc2MjEwNWQwMGFlZDgyYzY0YTBmMDEyNjdjYzVhZjRhMmU2MTcwNmMiLCJfYXV0aF91c2VyX2JhY2tlbmQiOiJkamFuZ28uY29udHJpYi5hdXRoLmJhY2tlbmRzLk1vZGVsQmFja2VuZCIsIl9hdXRoX3VzZXJfaWQiOiIxIn0=', '2018-05-31 17:00:33.632853'),
('eqh26i0sgnrgngkrq7mtz5ugka2rllml', 'MTcyNzAxYWViYzg0MTUwM2JjOGZjZDRmZjYwMjAxMzkxZjhiOGNlYTp7Il9hdXRoX3VzZXJfaGFzaCI6Ijc2MjEwNWQwMGFlZDgyYzY0YTBmMDEyNjdjYzVhZjRhMmU2MTcwNmMiLCJfYXV0aF91c2VyX2JhY2tlbmQiOiJkamFuZ28uY29udHJpYi5hdXRoLmJhY2tlbmRzLk1vZGVsQmFja2VuZCIsIl9hdXRoX3VzZXJfaWQiOiIxIn0=', '2018-05-18 17:34:09.396341'),
('erqf3tywxd4i70hridltle8ce328urv2', 'MTcyNzAxYWViYzg0MTUwM2JjOGZjZDRmZjYwMjAxMzkxZjhiOGNlYTp7Il9hdXRoX3VzZXJfaGFzaCI6Ijc2MjEwNWQwMGFlZDgyYzY0YTBmMDEyNjdjYzVhZjRhMmU2MTcwNmMiLCJfYXV0aF91c2VyX2JhY2tlbmQiOiJkamFuZ28uY29udHJpYi5hdXRoLmJhY2tlbmRzLk1vZGVsQmFja2VuZCIsIl9hdXRoX3VzZXJfaWQiOiIxIn0=', '2018-05-01 03:44:57.814103'),
('eufe7u0wz7w2s2p0pw5d12bmd0i1ovni', 'MTcyNzAxYWViYzg0MTUwM2JjOGZjZDRmZjYwMjAxMzkxZjhiOGNlYTp7Il9hdXRoX3VzZXJfaGFzaCI6Ijc2MjEwNWQwMGFlZDgyYzY0YTBmMDEyNjdjYzVhZjRhMmU2MTcwNmMiLCJfYXV0aF91c2VyX2JhY2tlbmQiOiJkamFuZ28uY29udHJpYi5hdXRoLmJhY2tlbmRzLk1vZGVsQmFja2VuZCIsIl9hdXRoX3VzZXJfaWQiOiIxIn0=', '2018-05-01 03:51:19.102924'),
('evjhwmgt1gg5w37b8kmd4m6m49y89viw', 'MTcyNzAxYWViYzg0MTUwM2JjOGZjZDRmZjYwMjAxMzkxZjhiOGNlYTp7Il9hdXRoX3VzZXJfaGFzaCI6Ijc2MjEwNWQwMGFlZDgyYzY0YTBmMDEyNjdjYzVhZjRhMmU2MTcwNmMiLCJfYXV0aF91c2VyX2JhY2tlbmQiOiJkamFuZ28uY29udHJpYi5hdXRoLmJhY2tlbmRzLk1vZGVsQmFja2VuZCIsIl9hdXRoX3VzZXJfaWQiOiIxIn0=', '2018-05-31 18:31:03.185422'),
('ewn5srq6q2zrbsdhiez7pkk2e515fl3h', 'MTcyNzAxYWViYzg0MTUwM2JjOGZjZDRmZjYwMjAxMzkxZjhiOGNlYTp7Il9hdXRoX3VzZXJfaGFzaCI6Ijc2MjEwNWQwMGFlZDgyYzY0YTBmMDEyNjdjYzVhZjRhMmU2MTcwNmMiLCJfYXV0aF91c2VyX2JhY2tlbmQiOiJkamFuZ28uY29udHJpYi5hdXRoLmJhY2tlbmRzLk1vZGVsQmFja2VuZCIsIl9hdXRoX3VzZXJfaWQiOiIxIn0=', '2018-04-01 21:38:02.051148'),
('ex4cgwu80psgl4a2r4vu2wt6dnsbc4h0', 'MTcyNzAxYWViYzg0MTUwM2JjOGZjZDRmZjYwMjAxMzkxZjhiOGNlYTp7Il9hdXRoX3VzZXJfaGFzaCI6Ijc2MjEwNWQwMGFlZDgyYzY0YTBmMDEyNjdjYzVhZjRhMmU2MTcwNmMiLCJfYXV0aF91c2VyX2JhY2tlbmQiOiJkamFuZ28uY29udHJpYi5hdXRoLmJhY2tlbmRzLk1vZGVsQmFja2VuZCIsIl9hdXRoX3VzZXJfaWQiOiIxIn0=', '2018-05-31 18:39:57.285594'),
('ey62q6uyaj58x9314gb1kv69bsszxi1b', 'MTcyNzAxYWViYzg0MTUwM2JjOGZjZDRmZjYwMjAxMzkxZjhiOGNlYTp7Il9hdXRoX3VzZXJfaGFzaCI6Ijc2MjEwNWQwMGFlZDgyYzY0YTBmMDEyNjdjYzVhZjRhMmU2MTcwNmMiLCJfYXV0aF91c2VyX2JhY2tlbmQiOiJkamFuZ28uY29udHJpYi5hdXRoLmJhY2tlbmRzLk1vZGVsQmFja2VuZCIsIl9hdXRoX3VzZXJfaWQiOiIxIn0=', '2018-05-31 05:48:13.780163'),
('eyc0d77l7f5n4shi5yhftj0dyirowjg7', 'MTcyNzAxYWViYzg0MTUwM2JjOGZjZDRmZjYwMjAxMzkxZjhiOGNlYTp7Il9hdXRoX3VzZXJfaGFzaCI6Ijc2MjEwNWQwMGFlZDgyYzY0YTBmMDEyNjdjYzVhZjRhMmU2MTcwNmMiLCJfYXV0aF91c2VyX2JhY2tlbmQiOiJkamFuZ28uY29udHJpYi5hdXRoLmJhY2tlbmRzLk1vZGVsQmFja2VuZCIsIl9hdXRoX3VzZXJfaWQiOiIxIn0=', '2018-05-31 05:28:28.131368'),
('eytillrzmaiel0j7lvladvez2wnuycyc', 'MTcyNzAxYWViYzg0MTUwM2JjOGZjZDRmZjYwMjAxMzkxZjhiOGNlYTp7Il9hdXRoX3VzZXJfaGFzaCI6Ijc2MjEwNWQwMGFlZDgyYzY0YTBmMDEyNjdjYzVhZjRhMmU2MTcwNmMiLCJfYXV0aF91c2VyX2JhY2tlbmQiOiJkamFuZ28uY29udHJpYi5hdXRoLmJhY2tlbmRzLk1vZGVsQmFja2VuZCIsIl9hdXRoX3VzZXJfaWQiOiIxIn0=', '2018-05-31 17:09:36.803228'),
('eyz2vqoxw9fqsdx7joq87zx51xjvqkk2', 'MTcyNzAxYWViYzg0MTUwM2JjOGZjZDRmZjYwMjAxMzkxZjhiOGNlYTp7Il9hdXRoX3VzZXJfaGFzaCI6Ijc2MjEwNWQwMGFlZDgyYzY0YTBmMDEyNjdjYzVhZjRhMmU2MTcwNmMiLCJfYXV0aF91c2VyX2JhY2tlbmQiOiJkamFuZ28uY29udHJpYi5hdXRoLmJhY2tlbmRzLk1vZGVsQmFja2VuZCIsIl9hdXRoX3VzZXJfaWQiOiIxIn0=', '2018-05-31 18:38:28.202916'),
('eyzagd7vhs31shy016ng0fr89we9hiuw', 'MTcyNzAxYWViYzg0MTUwM2JjOGZjZDRmZjYwMjAxMzkxZjhiOGNlYTp7Il9hdXRoX3VzZXJfaGFzaCI6Ijc2MjEwNWQwMGFlZDgyYzY0YTBmMDEyNjdjYzVhZjRhMmU2MTcwNmMiLCJfYXV0aF91c2VyX2JhY2tlbmQiOiJkamFuZ28uY29udHJpYi5hdXRoLmJhY2tlbmRzLk1vZGVsQmFja2VuZCIsIl9hdXRoX3VzZXJfaWQiOiIxIn0=', '2018-05-31 18:32:17.359410'),
('f4pez5vr4urkyzcb58necpoj2un4losy', 'MTcyNzAxYWViYzg0MTUwM2JjOGZjZDRmZjYwMjAxMzkxZjhiOGNlYTp7Il9hdXRoX3VzZXJfaGFzaCI6Ijc2MjEwNWQwMGFlZDgyYzY0YTBmMDEyNjdjYzVhZjRhMmU2MTcwNmMiLCJfYXV0aF91c2VyX2JhY2tlbmQiOiJkamFuZ28uY29udHJpYi5hdXRoLmJhY2tlbmRzLk1vZGVsQmFja2VuZCIsIl9hdXRoX3VzZXJfaWQiOiIxIn0=', '2018-04-30 22:02:58.294327'),
('f586df0t1x2r70q2j5z4qxhkg29u6jy0', 'MTcyNzAxYWViYzg0MTUwM2JjOGZjZDRmZjYwMjAxMzkxZjhiOGNlYTp7Il9hdXRoX3VzZXJfaGFzaCI6Ijc2MjEwNWQwMGFlZDgyYzY0YTBmMDEyNjdjYzVhZjRhMmU2MTcwNmMiLCJfYXV0aF91c2VyX2JhY2tlbmQiOiJkamFuZ28uY29udHJpYi5hdXRoLmJhY2tlbmRzLk1vZGVsQmFja2VuZCIsIl9hdXRoX3VzZXJfaWQiOiIxIn0=', '2018-04-01 20:01:05.523064'),
('f5gdlpd715z0mdg4w0hkrpctl2mxutkp', 'MTcyNzAxYWViYzg0MTUwM2JjOGZjZDRmZjYwMjAxMzkxZjhiOGNlYTp7Il9hdXRoX3VzZXJfaGFzaCI6Ijc2MjEwNWQwMGFlZDgyYzY0YTBmMDEyNjdjYzVhZjRhMmU2MTcwNmMiLCJfYXV0aF91c2VyX2JhY2tlbmQiOiJkamFuZ28uY29udHJpYi5hdXRoLmJhY2tlbmRzLk1vZGVsQmFja2VuZCIsIl9hdXRoX3VzZXJfaWQiOiIxIn0=', '2018-05-18 17:28:52.693280'),
('f5ryzhtoq55og6w16bbb5c785pu2m3lv', 'MTcyNzAxYWViYzg0MTUwM2JjOGZjZDRmZjYwMjAxMzkxZjhiOGNlYTp7Il9hdXRoX3VzZXJfaGFzaCI6Ijc2MjEwNWQwMGFlZDgyYzY0YTBmMDEyNjdjYzVhZjRhMmU2MTcwNmMiLCJfYXV0aF91c2VyX2JhY2tlbmQiOiJkamFuZ28uY29udHJpYi5hdXRoLmJhY2tlbmRzLk1vZGVsQmFja2VuZCIsIl9hdXRoX3VzZXJfaWQiOiIxIn0=', '2018-05-31 04:55:35.136230'),
('f7lrju585i8ka2dbn9za5m34z17ofg4e', 'MTcyNzAxYWViYzg0MTUwM2JjOGZjZDRmZjYwMjAxMzkxZjhiOGNlYTp7Il9hdXRoX3VzZXJfaGFzaCI6Ijc2MjEwNWQwMGFlZDgyYzY0YTBmMDEyNjdjYzVhZjRhMmU2MTcwNmMiLCJfYXV0aF91c2VyX2JhY2tlbmQiOiJkamFuZ28uY29udHJpYi5hdXRoLmJhY2tlbmRzLk1vZGVsQmFja2VuZCIsIl9hdXRoX3VzZXJfaWQiOiIxIn0=', '2018-04-01 20:00:15.710052'),
('f7o06a1j84r12i89t381qsnlsmci6yci', 'MTcyNzAxYWViYzg0MTUwM2JjOGZjZDRmZjYwMjAxMzkxZjhiOGNlYTp7Il9hdXRoX3VzZXJfaGFzaCI6Ijc2MjEwNWQwMGFlZDgyYzY0YTBmMDEyNjdjYzVhZjRhMmU2MTcwNmMiLCJfYXV0aF91c2VyX2JhY2tlbmQiOiJkamFuZ28uY29udHJpYi5hdXRoLmJhY2tlbmRzLk1vZGVsQmFja2VuZCIsIl9hdXRoX3VzZXJfaWQiOiIxIn0=', '2018-04-30 22:03:08.327346'),
('f89do1z0kvrl1q6zsn3cjzyz4t8fietm', 'MTcyNzAxYWViYzg0MTUwM2JjOGZjZDRmZjYwMjAxMzkxZjhiOGNlYTp7Il9hdXRoX3VzZXJfaGFzaCI6Ijc2MjEwNWQwMGFlZDgyYzY0YTBmMDEyNjdjYzVhZjRhMmU2MTcwNmMiLCJfYXV0aF91c2VyX2JhY2tlbmQiOiJkamFuZ28uY29udHJpYi5hdXRoLmJhY2tlbmRzLk1vZGVsQmFja2VuZCIsIl9hdXRoX3VzZXJfaWQiOiIxIn0=', '2018-04-30 20:00:29.878711'),
('f8i7a95lvx6149dhvheuz5svtnoy7jdm', 'MTcyNzAxYWViYzg0MTUwM2JjOGZjZDRmZjYwMjAxMzkxZjhiOGNlYTp7Il9hdXRoX3VzZXJfaGFzaCI6Ijc2MjEwNWQwMGFlZDgyYzY0YTBmMDEyNjdjYzVhZjRhMmU2MTcwNmMiLCJfYXV0aF91c2VyX2JhY2tlbmQiOiJkamFuZ28uY29udHJpYi5hdXRoLmJhY2tlbmRzLk1vZGVsQmFja2VuZCIsIl9hdXRoX3VzZXJfaWQiOiIxIn0=', '2018-05-31 05:26:00.466630'),
('f9fkf9z3iu6geglxge4vbtjrnu0w06w9', 'MTcyNzAxYWViYzg0MTUwM2JjOGZjZDRmZjYwMjAxMzkxZjhiOGNlYTp7Il9hdXRoX3VzZXJfaGFzaCI6Ijc2MjEwNWQwMGFlZDgyYzY0YTBmMDEyNjdjYzVhZjRhMmU2MTcwNmMiLCJfYXV0aF91c2VyX2JhY2tlbmQiOiJkamFuZ28uY29udHJpYi5hdXRoLmJhY2tlbmRzLk1vZGVsQmFja2VuZCIsIl9hdXRoX3VzZXJfaWQiOiIxIn0=', '2018-05-18 17:18:01.971728'),
('f9n648xmvvaxcnxtuuwoeh9q95jq0lkw', 'MTcyNzAxYWViYzg0MTUwM2JjOGZjZDRmZjYwMjAxMzkxZjhiOGNlYTp7Il9hdXRoX3VzZXJfaGFzaCI6Ijc2MjEwNWQwMGFlZDgyYzY0YTBmMDEyNjdjYzVhZjRhMmU2MTcwNmMiLCJfYXV0aF91c2VyX2JhY2tlbmQiOiJkamFuZ28uY29udHJpYi5hdXRoLmJhY2tlbmRzLk1vZGVsQmFja2VuZCIsIl9hdXRoX3VzZXJfaWQiOiIxIn0=', '2018-05-31 17:06:47.647011'),
('f9of2djiob8w7mgfyf0tqjfaoy9wde5d', 'MTcyNzAxYWViYzg0MTUwM2JjOGZjZDRmZjYwMjAxMzkxZjhiOGNlYTp7Il9hdXRoX3VzZXJfaGFzaCI6Ijc2MjEwNWQwMGFlZDgyYzY0YTBmMDEyNjdjYzVhZjRhMmU2MTcwNmMiLCJfYXV0aF91c2VyX2JhY2tlbmQiOiJkamFuZ28uY29udHJpYi5hdXRoLmJhY2tlbmRzLk1vZGVsQmFja2VuZCIsIl9hdXRoX3VzZXJfaWQiOiIxIn0=', '2018-05-01 03:38:33.099075'),
('f9y1me5c9y5yykfigulrjhp8wgug1cqe', 'MTcyNzAxYWViYzg0MTUwM2JjOGZjZDRmZjYwMjAxMzkxZjhiOGNlYTp7Il9hdXRoX3VzZXJfaGFzaCI6Ijc2MjEwNWQwMGFlZDgyYzY0YTBmMDEyNjdjYzVhZjRhMmU2MTcwNmMiLCJfYXV0aF91c2VyX2JhY2tlbmQiOiJkamFuZ28uY29udHJpYi5hdXRoLmJhY2tlbmRzLk1vZGVsQmFja2VuZCIsIl9hdXRoX3VzZXJfaWQiOiIxIn0=', '2018-05-18 17:18:25.525997'),
('facw1dr7khqj6u930sct7tnvyk4jstyp', 'MTcyNzAxYWViYzg0MTUwM2JjOGZjZDRmZjYwMjAxMzkxZjhiOGNlYTp7Il9hdXRoX3VzZXJfaGFzaCI6Ijc2MjEwNWQwMGFlZDgyYzY0YTBmMDEyNjdjYzVhZjRhMmU2MTcwNmMiLCJfYXV0aF91c2VyX2JhY2tlbmQiOiJkamFuZ28uY29udHJpYi5hdXRoLmJhY2tlbmRzLk1vZGVsQmFja2VuZCIsIl9hdXRoX3VzZXJfaWQiOiIxIn0=', '2018-05-31 17:16:41.154423'),
('fc8g9h1xns1arwsvyah8l8p3ha7eih30', 'MTcyNzAxYWViYzg0MTUwM2JjOGZjZDRmZjYwMjAxMzkxZjhiOGNlYTp7Il9hdXRoX3VzZXJfaGFzaCI6Ijc2MjEwNWQwMGFlZDgyYzY0YTBmMDEyNjdjYzVhZjRhMmU2MTcwNmMiLCJfYXV0aF91c2VyX2JhY2tlbmQiOiJkamFuZ28uY29udHJpYi5hdXRoLmJhY2tlbmRzLk1vZGVsQmFja2VuZCIsIl9hdXRoX3VzZXJfaWQiOiIxIn0=', '2018-05-31 04:54:31.110234'),
('fd9q835wyki204jyiyfddv30w4lmabcw', 'MTcyNzAxYWViYzg0MTUwM2JjOGZjZDRmZjYwMjAxMzkxZjhiOGNlYTp7Il9hdXRoX3VzZXJfaGFzaCI6Ijc2MjEwNWQwMGFlZDgyYzY0YTBmMDEyNjdjYzVhZjRhMmU2MTcwNmMiLCJfYXV0aF91c2VyX2JhY2tlbmQiOiJkamFuZ28uY29udHJpYi5hdXRoLmJhY2tlbmRzLk1vZGVsQmFja2VuZCIsIl9hdXRoX3VzZXJfaWQiOiIxIn0=', '2018-05-30 21:17:50.606680'),
('fdz15gzlnr7vpnbj9nyzyvf71u4u0nj7', 'MTcyNzAxYWViYzg0MTUwM2JjOGZjZDRmZjYwMjAxMzkxZjhiOGNlYTp7Il9hdXRoX3VzZXJfaGFzaCI6Ijc2MjEwNWQwMGFlZDgyYzY0YTBmMDEyNjdjYzVhZjRhMmU2MTcwNmMiLCJfYXV0aF91c2VyX2JhY2tlbmQiOiJkamFuZ28uY29udHJpYi5hdXRoLmJhY2tlbmRzLk1vZGVsQmFja2VuZCIsIl9hdXRoX3VzZXJfaWQiOiIxIn0=', '2018-05-31 03:40:10.942591'),
('femn9fp3eifszod08o4rxkd8ur4e8ci6', 'MTcyNzAxYWViYzg0MTUwM2JjOGZjZDRmZjYwMjAxMzkxZjhiOGNlYTp7Il9hdXRoX3VzZXJfaGFzaCI6Ijc2MjEwNWQwMGFlZDgyYzY0YTBmMDEyNjdjYzVhZjRhMmU2MTcwNmMiLCJfYXV0aF91c2VyX2JhY2tlbmQiOiJkamFuZ28uY29udHJpYi5hdXRoLmJhY2tlbmRzLk1vZGVsQmFja2VuZCIsIl9hdXRoX3VzZXJfaWQiOiIxIn0=', '2018-05-31 04:18:18.638153'),
('fezlqd7eyda82jnbimq8i4n9vocjs7vk', 'MTcyNzAxYWViYzg0MTUwM2JjOGZjZDRmZjYwMjAxMzkxZjhiOGNlYTp7Il9hdXRoX3VzZXJfaGFzaCI6Ijc2MjEwNWQwMGFlZDgyYzY0YTBmMDEyNjdjYzVhZjRhMmU2MTcwNmMiLCJfYXV0aF91c2VyX2JhY2tlbmQiOiJkamFuZ28uY29udHJpYi5hdXRoLmJhY2tlbmRzLk1vZGVsQmFja2VuZCIsIl9hdXRoX3VzZXJfaWQiOiIxIn0=', '2018-04-03 02:36:48.951343'),
('ffnxhdsei50ghezw5nmt5yew9jf9jn0v', 'MTcyNzAxYWViYzg0MTUwM2JjOGZjZDRmZjYwMjAxMzkxZjhiOGNlYTp7Il9hdXRoX3VzZXJfaGFzaCI6Ijc2MjEwNWQwMGFlZDgyYzY0YTBmMDEyNjdjYzVhZjRhMmU2MTcwNmMiLCJfYXV0aF91c2VyX2JhY2tlbmQiOiJkamFuZ28uY29udHJpYi5hdXRoLmJhY2tlbmRzLk1vZGVsQmFja2VuZCIsIl9hdXRoX3VzZXJfaWQiOiIxIn0=', '2018-04-02 23:03:00.172648'),
('ffycatdqpcwh08vn2td0xm3yzykkjtu9', 'MTcyNzAxYWViYzg0MTUwM2JjOGZjZDRmZjYwMjAxMzkxZjhiOGNlYTp7Il9hdXRoX3VzZXJfaGFzaCI6Ijc2MjEwNWQwMGFlZDgyYzY0YTBmMDEyNjdjYzVhZjRhMmU2MTcwNmMiLCJfYXV0aF91c2VyX2JhY2tlbmQiOiJkamFuZ28uY29udHJpYi5hdXRoLmJhY2tlbmRzLk1vZGVsQmFja2VuZCIsIl9hdXRoX3VzZXJfaWQiOiIxIn0=', '2018-04-02 23:04:02.164314'),
('fg9hgjyqjw476egyi89qng562yjvwkte', 'MTcyNzAxYWViYzg0MTUwM2JjOGZjZDRmZjYwMjAxMzkxZjhiOGNlYTp7Il9hdXRoX3VzZXJfaGFzaCI6Ijc2MjEwNWQwMGFlZDgyYzY0YTBmMDEyNjdjYzVhZjRhMmU2MTcwNmMiLCJfYXV0aF91c2VyX2JhY2tlbmQiOiJkamFuZ28uY29udHJpYi5hdXRoLmJhY2tlbmRzLk1vZGVsQmFja2VuZCIsIl9hdXRoX3VzZXJfaWQiOiIxIn0=', '2018-05-31 18:43:43.899427'),
('fgsrr4q9r8u4nnr68nk1h37y9ki0g1ja', 'MTcyNzAxYWViYzg0MTUwM2JjOGZjZDRmZjYwMjAxMzkxZjhiOGNlYTp7Il9hdXRoX3VzZXJfaGFzaCI6Ijc2MjEwNWQwMGFlZDgyYzY0YTBmMDEyNjdjYzVhZjRhMmU2MTcwNmMiLCJfYXV0aF91c2VyX2JhY2tlbmQiOiJkamFuZ28uY29udHJpYi5hdXRoLmJhY2tlbmRzLk1vZGVsQmFja2VuZCIsIl9hdXRoX3VzZXJfaWQiOiIxIn0=', '2018-05-30 21:06:58.475511'),
('fgszvuwllygh1hi9v7ng5qg1yz3e2ck9', 'MTcyNzAxYWViYzg0MTUwM2JjOGZjZDRmZjYwMjAxMzkxZjhiOGNlYTp7Il9hdXRoX3VzZXJfaGFzaCI6Ijc2MjEwNWQwMGFlZDgyYzY0YTBmMDEyNjdjYzVhZjRhMmU2MTcwNmMiLCJfYXV0aF91c2VyX2JhY2tlbmQiOiJkamFuZ28uY29udHJpYi5hdXRoLmJhY2tlbmRzLk1vZGVsQmFja2VuZCIsIl9hdXRoX3VzZXJfaWQiOiIxIn0=', '2018-04-05 20:53:28.620413'),
('fgwmk0z125gly3fkr8thxffbbklw467l', 'M2M3ZTcwMDY3YzczMzk3MzE1ZDM4ZmRlNzhhYTk5MDM0NzkwNzVlYTp7Il9hdXRoX3VzZXJfaGFzaCI6IjIxMzI0MzllOGMzODY3OGQ0NGQ0ZTk2ODUzNDg4YzhlNDJhMWNlYjUiLCJfYXV0aF91c2VyX2JhY2tlbmQiOiJkamFuZ28uY29udHJpYi5hdXRoLmJhY2tlbmRzLk1vZGVsQmFja2VuZCIsIl9hdXRoX3VzZXJfaWQiOiIyIn0=', '2018-05-31 18:39:03.848266'),
('fhxobaggg177i40qkregcqtnrupbwtby', 'MTcyNzAxYWViYzg0MTUwM2JjOGZjZDRmZjYwMjAxMzkxZjhiOGNlYTp7Il9hdXRoX3VzZXJfaGFzaCI6Ijc2MjEwNWQwMGFlZDgyYzY0YTBmMDEyNjdjYzVhZjRhMmU2MTcwNmMiLCJfYXV0aF91c2VyX2JhY2tlbmQiOiJkamFuZ28uY29udHJpYi5hdXRoLmJhY2tlbmRzLk1vZGVsQmFja2VuZCIsIl9hdXRoX3VzZXJfaWQiOiIxIn0=', '2018-05-01 03:19:33.392731'),
('fik1pq8nn6bigqsy96c6n9i52g91a9z2', 'MTcyNzAxYWViYzg0MTUwM2JjOGZjZDRmZjYwMjAxMzkxZjhiOGNlYTp7Il9hdXRoX3VzZXJfaGFzaCI6Ijc2MjEwNWQwMGFlZDgyYzY0YTBmMDEyNjdjYzVhZjRhMmU2MTcwNmMiLCJfYXV0aF91c2VyX2JhY2tlbmQiOiJkamFuZ28uY29udHJpYi5hdXRoLmJhY2tlbmRzLk1vZGVsQmFja2VuZCIsIl9hdXRoX3VzZXJfaWQiOiIxIn0=', '2018-05-01 03:27:31.650960'),
('fixzaa9n6x4wmkcvqg77xm9hxb99oyo4', 'MTcyNzAxYWViYzg0MTUwM2JjOGZjZDRmZjYwMjAxMzkxZjhiOGNlYTp7Il9hdXRoX3VzZXJfaGFzaCI6Ijc2MjEwNWQwMGFlZDgyYzY0YTBmMDEyNjdjYzVhZjRhMmU2MTcwNmMiLCJfYXV0aF91c2VyX2JhY2tlbmQiOiJkamFuZ28uY29udHJpYi5hdXRoLmJhY2tlbmRzLk1vZGVsQmFja2VuZCIsIl9hdXRoX3VzZXJfaWQiOiIxIn0=', '2018-04-04 18:05:19.966373'),
('fj66p9roxhzw73l192rgykej2upttcoq', 'MTcyNzAxYWViYzg0MTUwM2JjOGZjZDRmZjYwMjAxMzkxZjhiOGNlYTp7Il9hdXRoX3VzZXJfaGFzaCI6Ijc2MjEwNWQwMGFlZDgyYzY0YTBmMDEyNjdjYzVhZjRhMmU2MTcwNmMiLCJfYXV0aF91c2VyX2JhY2tlbmQiOiJkamFuZ28uY29udHJpYi5hdXRoLmJhY2tlbmRzLk1vZGVsQmFja2VuZCIsIl9hdXRoX3VzZXJfaWQiOiIxIn0=', '2018-04-30 21:59:18.371598'),
('fjxamamqrvt17y1wg1um98v1lrdl1n31', 'MTcyNzAxYWViYzg0MTUwM2JjOGZjZDRmZjYwMjAxMzkxZjhiOGNlYTp7Il9hdXRoX3VzZXJfaGFzaCI6Ijc2MjEwNWQwMGFlZDgyYzY0YTBmMDEyNjdjYzVhZjRhMmU2MTcwNmMiLCJfYXV0aF91c2VyX2JhY2tlbmQiOiJkamFuZ28uY29udHJpYi5hdXRoLmJhY2tlbmRzLk1vZGVsQmFja2VuZCIsIl9hdXRoX3VzZXJfaWQiOiIxIn0=', '2018-05-31 03:57:55.270410'),
('fp4t2z50rb4k6uaytq57i4b228rqoixc', 'MTcyNzAxYWViYzg0MTUwM2JjOGZjZDRmZjYwMjAxMzkxZjhiOGNlYTp7Il9hdXRoX3VzZXJfaGFzaCI6Ijc2MjEwNWQwMGFlZDgyYzY0YTBmMDEyNjdjYzVhZjRhMmU2MTcwNmMiLCJfYXV0aF91c2VyX2JhY2tlbmQiOiJkamFuZ28uY29udHJpYi5hdXRoLmJhY2tlbmRzLk1vZGVsQmFja2VuZCIsIl9hdXRoX3VzZXJfaWQiOiIxIn0=', '2018-05-31 16:29:24.895933'),
('fpdhoiw7o370duip4fq4l2ozookkuab0', 'MTcyNzAxYWViYzg0MTUwM2JjOGZjZDRmZjYwMjAxMzkxZjhiOGNlYTp7Il9hdXRoX3VzZXJfaGFzaCI6Ijc2MjEwNWQwMGFlZDgyYzY0YTBmMDEyNjdjYzVhZjRhMmU2MTcwNmMiLCJfYXV0aF91c2VyX2JhY2tlbmQiOiJkamFuZ28uY29udHJpYi5hdXRoLmJhY2tlbmRzLk1vZGVsQmFja2VuZCIsIl9hdXRoX3VzZXJfaWQiOiIxIn0=', '2018-05-31 05:24:55.551344'),
('fqmcqt8etu8hc02yi9rwpk81thvxrvby', 'MTcyNzAxYWViYzg0MTUwM2JjOGZjZDRmZjYwMjAxMzkxZjhiOGNlYTp7Il9hdXRoX3VzZXJfaGFzaCI6Ijc2MjEwNWQwMGFlZDgyYzY0YTBmMDEyNjdjYzVhZjRhMmU2MTcwNmMiLCJfYXV0aF91c2VyX2JhY2tlbmQiOiJkamFuZ28uY29udHJpYi5hdXRoLmJhY2tlbmRzLk1vZGVsQmFja2VuZCIsIl9hdXRoX3VzZXJfaWQiOiIxIn0=', '2018-05-31 05:32:40.763399'),
('fr6hcls7932c3kh8xvu4drhmlxvkmgpp', 'MTcyNzAxYWViYzg0MTUwM2JjOGZjZDRmZjYwMjAxMzkxZjhiOGNlYTp7Il9hdXRoX3VzZXJfaGFzaCI6Ijc2MjEwNWQwMGFlZDgyYzY0YTBmMDEyNjdjYzVhZjRhMmU2MTcwNmMiLCJfYXV0aF91c2VyX2JhY2tlbmQiOiJkamFuZ28uY29udHJpYi5hdXRoLmJhY2tlbmRzLk1vZGVsQmFja2VuZCIsIl9hdXRoX3VzZXJfaWQiOiIxIn0=', '2018-04-30 20:11:58.232255'),
('frfqgolanslf9uapxx5oyqo9szguypi3', 'MTcyNzAxYWViYzg0MTUwM2JjOGZjZDRmZjYwMjAxMzkxZjhiOGNlYTp7Il9hdXRoX3VzZXJfaGFzaCI6Ijc2MjEwNWQwMGFlZDgyYzY0YTBmMDEyNjdjYzVhZjRhMmU2MTcwNmMiLCJfYXV0aF91c2VyX2JhY2tlbmQiOiJkamFuZ28uY29udHJpYi5hdXRoLmJhY2tlbmRzLk1vZGVsQmFja2VuZCIsIl9hdXRoX3VzZXJfaWQiOiIxIn0=', '2018-05-18 17:53:44.054864'),
('frgm8y27ywa536vi8p5dbtd770h3536g', 'MTcyNzAxYWViYzg0MTUwM2JjOGZjZDRmZjYwMjAxMzkxZjhiOGNlYTp7Il9hdXRoX3VzZXJfaGFzaCI6Ijc2MjEwNWQwMGFlZDgyYzY0YTBmMDEyNjdjYzVhZjRhMmU2MTcwNmMiLCJfYXV0aF91c2VyX2JhY2tlbmQiOiJkamFuZ28uY29udHJpYi5hdXRoLmJhY2tlbmRzLk1vZGVsQmFja2VuZCIsIl9hdXRoX3VzZXJfaWQiOiIxIn0=', '2018-05-31 17:11:10.063172'),
('frm7ju2295qq3y0g1k37mestmvxkizdz', 'MTcyNzAxYWViYzg0MTUwM2JjOGZjZDRmZjYwMjAxMzkxZjhiOGNlYTp7Il9hdXRoX3VzZXJfaGFzaCI6Ijc2MjEwNWQwMGFlZDgyYzY0YTBmMDEyNjdjYzVhZjRhMmU2MTcwNmMiLCJfYXV0aF91c2VyX2JhY2tlbmQiOiJkamFuZ28uY29udHJpYi5hdXRoLmJhY2tlbmRzLk1vZGVsQmFja2VuZCIsIl9hdXRoX3VzZXJfaWQiOiIxIn0=', '2018-05-18 17:54:41.444322'),
('frwljtev7svi1utivd1tbiy5kr0tlou1', 'MTcyNzAxYWViYzg0MTUwM2JjOGZjZDRmZjYwMjAxMzkxZjhiOGNlYTp7Il9hdXRoX3VzZXJfaGFzaCI6Ijc2MjEwNWQwMGFlZDgyYzY0YTBmMDEyNjdjYzVhZjRhMmU2MTcwNmMiLCJfYXV0aF91c2VyX2JhY2tlbmQiOiJkamFuZ28uY29udHJpYi5hdXRoLmJhY2tlbmRzLk1vZGVsQmFja2VuZCIsIl9hdXRoX3VzZXJfaWQiOiIxIn0=', '2018-04-30 20:59:32.515221'),
('fu72uyt08m12s2bh9uvgl3y0b3t17h4e', 'MTcyNzAxYWViYzg0MTUwM2JjOGZjZDRmZjYwMjAxMzkxZjhiOGNlYTp7Il9hdXRoX3VzZXJfaGFzaCI6Ijc2MjEwNWQwMGFlZDgyYzY0YTBmMDEyNjdjYzVhZjRhMmU2MTcwNmMiLCJfYXV0aF91c2VyX2JhY2tlbmQiOiJkamFuZ28uY29udHJpYi5hdXRoLmJhY2tlbmRzLk1vZGVsQmFja2VuZCIsIl9hdXRoX3VzZXJfaWQiOiIxIn0=', '2018-05-31 04:35:47.570713'),
('fugnmdzse0otfhzjcibo90wsemrodrdj', 'MTcyNzAxYWViYzg0MTUwM2JjOGZjZDRmZjYwMjAxMzkxZjhiOGNlYTp7Il9hdXRoX3VzZXJfaGFzaCI6Ijc2MjEwNWQwMGFlZDgyYzY0YTBmMDEyNjdjYzVhZjRhMmU2MTcwNmMiLCJfYXV0aF91c2VyX2JhY2tlbmQiOiJkamFuZ28uY29udHJpYi5hdXRoLmJhY2tlbmRzLk1vZGVsQmFja2VuZCIsIl9hdXRoX3VzZXJfaWQiOiIxIn0=', '2018-04-01 20:40:29.506510'),
('fuo0m0y5ptlnoqpfbhzqddyqqcu06bnu', 'MTcyNzAxYWViYzg0MTUwM2JjOGZjZDRmZjYwMjAxMzkxZjhiOGNlYTp7Il9hdXRoX3VzZXJfaGFzaCI6Ijc2MjEwNWQwMGFlZDgyYzY0YTBmMDEyNjdjYzVhZjRhMmU2MTcwNmMiLCJfYXV0aF91c2VyX2JhY2tlbmQiOiJkamFuZ28uY29udHJpYi5hdXRoLmJhY2tlbmRzLk1vZGVsQmFja2VuZCIsIl9hdXRoX3VzZXJfaWQiOiIxIn0=', '2018-05-30 21:32:22.235612'),
('fvcvssqu2uvgqa89ocqbyrdqloi70ph9', 'MTcyNzAxYWViYzg0MTUwM2JjOGZjZDRmZjYwMjAxMzkxZjhiOGNlYTp7Il9hdXRoX3VzZXJfaGFzaCI6Ijc2MjEwNWQwMGFlZDgyYzY0YTBmMDEyNjdjYzVhZjRhMmU2MTcwNmMiLCJfYXV0aF91c2VyX2JhY2tlbmQiOiJkamFuZ28uY29udHJpYi5hdXRoLmJhY2tlbmRzLk1vZGVsQmFja2VuZCIsIl9hdXRoX3VzZXJfaWQiOiIxIn0=', '2018-04-04 16:28:42.398400'),
('fxe5xmbdnuh3fsryzb613a8z5not2qbr', 'MTcyNzAxYWViYzg0MTUwM2JjOGZjZDRmZjYwMjAxMzkxZjhiOGNlYTp7Il9hdXRoX3VzZXJfaGFzaCI6Ijc2MjEwNWQwMGFlZDgyYzY0YTBmMDEyNjdjYzVhZjRhMmU2MTcwNmMiLCJfYXV0aF91c2VyX2JhY2tlbmQiOiJkamFuZ28uY29udHJpYi5hdXRoLmJhY2tlbmRzLk1vZGVsQmFja2VuZCIsIl9hdXRoX3VzZXJfaWQiOiIxIn0=', '2018-04-02 23:00:38.841501'),
('fy8na1r7j37ylsshvigk4lmht9ailp9i', 'MTcyNzAxYWViYzg0MTUwM2JjOGZjZDRmZjYwMjAxMzkxZjhiOGNlYTp7Il9hdXRoX3VzZXJfaGFzaCI6Ijc2MjEwNWQwMGFlZDgyYzY0YTBmMDEyNjdjYzVhZjRhMmU2MTcwNmMiLCJfYXV0aF91c2VyX2JhY2tlbmQiOiJkamFuZ28uY29udHJpYi5hdXRoLmJhY2tlbmRzLk1vZGVsQmFja2VuZCIsIl9hdXRoX3VzZXJfaWQiOiIxIn0=', '2018-05-31 18:02:02.683912'),
('fzddllij6ic17qf315ofkqaovwgzs4em', 'MTcyNzAxYWViYzg0MTUwM2JjOGZjZDRmZjYwMjAxMzkxZjhiOGNlYTp7Il9hdXRoX3VzZXJfaGFzaCI6Ijc2MjEwNWQwMGFlZDgyYzY0YTBmMDEyNjdjYzVhZjRhMmU2MTcwNmMiLCJfYXV0aF91c2VyX2JhY2tlbmQiOiJkamFuZ28uY29udHJpYi5hdXRoLmJhY2tlbmRzLk1vZGVsQmFja2VuZCIsIl9hdXRoX3VzZXJfaWQiOiIxIn0=', '2018-05-31 05:11:53.835134'),
('fzzlh7q38yft2xvpzg8b9ingiv0kmrg5', 'MTcyNzAxYWViYzg0MTUwM2JjOGZjZDRmZjYwMjAxMzkxZjhiOGNlYTp7Il9hdXRoX3VzZXJfaGFzaCI6Ijc2MjEwNWQwMGFlZDgyYzY0YTBmMDEyNjdjYzVhZjRhMmU2MTcwNmMiLCJfYXV0aF91c2VyX2JhY2tlbmQiOiJkamFuZ28uY29udHJpYi5hdXRoLmJhY2tlbmRzLk1vZGVsQmFja2VuZCIsIl9hdXRoX3VzZXJfaWQiOiIxIn0=', '2018-05-01 03:31:09.723186'),
('g0w6ehayo4djl7mleh6if19pg3lbbhq3', 'MTcyNzAxYWViYzg0MTUwM2JjOGZjZDRmZjYwMjAxMzkxZjhiOGNlYTp7Il9hdXRoX3VzZXJfaGFzaCI6Ijc2MjEwNWQwMGFlZDgyYzY0YTBmMDEyNjdjYzVhZjRhMmU2MTcwNmMiLCJfYXV0aF91c2VyX2JhY2tlbmQiOiJkamFuZ28uY29udHJpYi5hdXRoLmJhY2tlbmRzLk1vZGVsQmFja2VuZCIsIl9hdXRoX3VzZXJfaWQiOiIxIn0=', '2018-04-05 19:11:25.137786'),
('g13791sdouns2aprp7f8pjxo999c0g8t', 'MTcyNzAxYWViYzg0MTUwM2JjOGZjZDRmZjYwMjAxMzkxZjhiOGNlYTp7Il9hdXRoX3VzZXJfaGFzaCI6Ijc2MjEwNWQwMGFlZDgyYzY0YTBmMDEyNjdjYzVhZjRhMmU2MTcwNmMiLCJfYXV0aF91c2VyX2JhY2tlbmQiOiJkamFuZ28uY29udHJpYi5hdXRoLmJhY2tlbmRzLk1vZGVsQmFja2VuZCIsIl9hdXRoX3VzZXJfaWQiOiIxIn0=', '2018-05-31 17:41:57.707200'),
('g281t93ecjywe6q3bj6qf51pq08rlj3g', 'MTcyNzAxYWViYzg0MTUwM2JjOGZjZDRmZjYwMjAxMzkxZjhiOGNlYTp7Il9hdXRoX3VzZXJfaGFzaCI6Ijc2MjEwNWQwMGFlZDgyYzY0YTBmMDEyNjdjYzVhZjRhMmU2MTcwNmMiLCJfYXV0aF91c2VyX2JhY2tlbmQiOiJkamFuZ28uY29udHJpYi5hdXRoLmJhY2tlbmRzLk1vZGVsQmFja2VuZCIsIl9hdXRoX3VzZXJfaWQiOiIxIn0=', '2018-04-30 21:55:22.024883'),
('g2mcwkzh4k3mdcdvcl34nfg7h36diyff', 'MTcyNzAxYWViYzg0MTUwM2JjOGZjZDRmZjYwMjAxMzkxZjhiOGNlYTp7Il9hdXRoX3VzZXJfaGFzaCI6Ijc2MjEwNWQwMGFlZDgyYzY0YTBmMDEyNjdjYzVhZjRhMmU2MTcwNmMiLCJfYXV0aF91c2VyX2JhY2tlbmQiOiJkamFuZ28uY29udHJpYi5hdXRoLmJhY2tlbmRzLk1vZGVsQmFja2VuZCIsIl9hdXRoX3VzZXJfaWQiOiIxIn0=', '2018-04-30 20:00:54.011277'),
('g3evrxodssehoyxaumabk9bt8qmpw80z', 'MTcyNzAxYWViYzg0MTUwM2JjOGZjZDRmZjYwMjAxMzkxZjhiOGNlYTp7Il9hdXRoX3VzZXJfaGFzaCI6Ijc2MjEwNWQwMGFlZDgyYzY0YTBmMDEyNjdjYzVhZjRhMmU2MTcwNmMiLCJfYXV0aF91c2VyX2JhY2tlbmQiOiJkamFuZ28uY29udHJpYi5hdXRoLmJhY2tlbmRzLk1vZGVsQmFja2VuZCIsIl9hdXRoX3VzZXJfaWQiOiIxIn0=', '2018-04-23 07:17:31.187272'),
('g426qghy6uc5z5v29qrpdix04kx5vwsu', 'MTcyNzAxYWViYzg0MTUwM2JjOGZjZDRmZjYwMjAxMzkxZjhiOGNlYTp7Il9hdXRoX3VzZXJfaGFzaCI6Ijc2MjEwNWQwMGFlZDgyYzY0YTBmMDEyNjdjYzVhZjRhMmU2MTcwNmMiLCJfYXV0aF91c2VyX2JhY2tlbmQiOiJkamFuZ28uY29udHJpYi5hdXRoLmJhY2tlbmRzLk1vZGVsQmFja2VuZCIsIl9hdXRoX3VzZXJfaWQiOiIxIn0=', '2018-05-31 05:00:42.559754'),
('g4vyybcgrqbjkphm8t0mttfndigupkyt', 'MTcyNzAxYWViYzg0MTUwM2JjOGZjZDRmZjYwMjAxMzkxZjhiOGNlYTp7Il9hdXRoX3VzZXJfaGFzaCI6Ijc2MjEwNWQwMGFlZDgyYzY0YTBmMDEyNjdjYzVhZjRhMmU2MTcwNmMiLCJfYXV0aF91c2VyX2JhY2tlbmQiOiJkamFuZ28uY29udHJpYi5hdXRoLmJhY2tlbmRzLk1vZGVsQmFja2VuZCIsIl9hdXRoX3VzZXJfaWQiOiIxIn0=', '2018-04-04 18:00:30.418274'),
('g6d8q4xuyvkdieaf8hgky647e3dzqxud', 'MTcyNzAxYWViYzg0MTUwM2JjOGZjZDRmZjYwMjAxMzkxZjhiOGNlYTp7Il9hdXRoX3VzZXJfaGFzaCI6Ijc2MjEwNWQwMGFlZDgyYzY0YTBmMDEyNjdjYzVhZjRhMmU2MTcwNmMiLCJfYXV0aF91c2VyX2JhY2tlbmQiOiJkamFuZ28uY29udHJpYi5hdXRoLmJhY2tlbmRzLk1vZGVsQmFja2VuZCIsIl9hdXRoX3VzZXJfaWQiOiIxIn0=', '2018-04-04 18:04:45.492071'),
('g6f3jqvh9xlekxwd98i8d1eri27g8b7u', 'MTcyNzAxYWViYzg0MTUwM2JjOGZjZDRmZjYwMjAxMzkxZjhiOGNlYTp7Il9hdXRoX3VzZXJfaGFzaCI6Ijc2MjEwNWQwMGFlZDgyYzY0YTBmMDEyNjdjYzVhZjRhMmU2MTcwNmMiLCJfYXV0aF91c2VyX2JhY2tlbmQiOiJkamFuZ28uY29udHJpYi5hdXRoLmJhY2tlbmRzLk1vZGVsQmFja2VuZCIsIl9hdXRoX3VzZXJfaWQiOiIxIn0=', '2018-04-30 20:26:23.723831'),
('g6p1nslltlddjyv5xd78ycjicxnlxm0h', 'MTcyNzAxYWViYzg0MTUwM2JjOGZjZDRmZjYwMjAxMzkxZjhiOGNlYTp7Il9hdXRoX3VzZXJfaGFzaCI6Ijc2MjEwNWQwMGFlZDgyYzY0YTBmMDEyNjdjYzVhZjRhMmU2MTcwNmMiLCJfYXV0aF91c2VyX2JhY2tlbmQiOiJkamFuZ28uY29udHJpYi5hdXRoLmJhY2tlbmRzLk1vZGVsQmFja2VuZCIsIl9hdXRoX3VzZXJfaWQiOiIxIn0=', '2018-04-30 21:49:54.253555'),
('g70l7c2cxrqt91inhhllhs7fx8bn9svj', 'MTcyNzAxYWViYzg0MTUwM2JjOGZjZDRmZjYwMjAxMzkxZjhiOGNlYTp7Il9hdXRoX3VzZXJfaGFzaCI6Ijc2MjEwNWQwMGFlZDgyYzY0YTBmMDEyNjdjYzVhZjRhMmU2MTcwNmMiLCJfYXV0aF91c2VyX2JhY2tlbmQiOiJkamFuZ28uY29udHJpYi5hdXRoLmJhY2tlbmRzLk1vZGVsQmFja2VuZCIsIl9hdXRoX3VzZXJfaWQiOiIxIn0=', '2018-04-04 03:46:44.343810'),
('g79xmkg02qjqgb2j3k00gd298lef1fcm', 'MTcyNzAxYWViYzg0MTUwM2JjOGZjZDRmZjYwMjAxMzkxZjhiOGNlYTp7Il9hdXRoX3VzZXJfaGFzaCI6Ijc2MjEwNWQwMGFlZDgyYzY0YTBmMDEyNjdjYzVhZjRhMmU2MTcwNmMiLCJfYXV0aF91c2VyX2JhY2tlbmQiOiJkamFuZ28uY29udHJpYi5hdXRoLmJhY2tlbmRzLk1vZGVsQmFja2VuZCIsIl9hdXRoX3VzZXJfaWQiOiIxIn0=', '2018-04-04 05:56:31.373923'),
('g925p6z6sia9tca8k6zt15er7advt2f5', 'MTcyNzAxYWViYzg0MTUwM2JjOGZjZDRmZjYwMjAxMzkxZjhiOGNlYTp7Il9hdXRoX3VzZXJfaGFzaCI6Ijc2MjEwNWQwMGFlZDgyYzY0YTBmMDEyNjdjYzVhZjRhMmU2MTcwNmMiLCJfYXV0aF91c2VyX2JhY2tlbmQiOiJkamFuZ28uY29udHJpYi5hdXRoLmJhY2tlbmRzLk1vZGVsQmFja2VuZCIsIl9hdXRoX3VzZXJfaWQiOiIxIn0=', '2018-05-31 17:15:31.063950'),
('g981sybv4cjp53km1cwh6ocg238vkx3q', 'MTcyNzAxYWViYzg0MTUwM2JjOGZjZDRmZjYwMjAxMzkxZjhiOGNlYTp7Il9hdXRoX3VzZXJfaGFzaCI6Ijc2MjEwNWQwMGFlZDgyYzY0YTBmMDEyNjdjYzVhZjRhMmU2MTcwNmMiLCJfYXV0aF91c2VyX2JhY2tlbmQiOiJkamFuZ28uY29udHJpYi5hdXRoLmJhY2tlbmRzLk1vZGVsQmFja2VuZCIsIl9hdXRoX3VzZXJfaWQiOiIxIn0=', '2018-05-31 17:11:04.062153'),
('g9fw89oilw5z07hq02xjqmg2sp5b7802', 'MTcyNzAxYWViYzg0MTUwM2JjOGZjZDRmZjYwMjAxMzkxZjhiOGNlYTp7Il9hdXRoX3VzZXJfaGFzaCI6Ijc2MjEwNWQwMGFlZDgyYzY0YTBmMDEyNjdjYzVhZjRhMmU2MTcwNmMiLCJfYXV0aF91c2VyX2JhY2tlbmQiOiJkamFuZ28uY29udHJpYi5hdXRoLmJhY2tlbmRzLk1vZGVsQmFja2VuZCIsIl9hdXRoX3VzZXJfaWQiOiIxIn0=', '2018-04-01 20:49:40.442470'),
('g9o9dy632ju92py5yb5m7tgt0ftiiuty', 'MTcyNzAxYWViYzg0MTUwM2JjOGZjZDRmZjYwMjAxMzkxZjhiOGNlYTp7Il9hdXRoX3VzZXJfaGFzaCI6Ijc2MjEwNWQwMGFlZDgyYzY0YTBmMDEyNjdjYzVhZjRhMmU2MTcwNmMiLCJfYXV0aF91c2VyX2JhY2tlbmQiOiJkamFuZ28uY29udHJpYi5hdXRoLmJhY2tlbmRzLk1vZGVsQmFja2VuZCIsIl9hdXRoX3VzZXJfaWQiOiIxIn0=', '2018-04-30 21:42:13.960298'),
('g9u2ombq9t1nlqe14dr2fe8lko87trau', 'MTcyNzAxYWViYzg0MTUwM2JjOGZjZDRmZjYwMjAxMzkxZjhiOGNlYTp7Il9hdXRoX3VzZXJfaGFzaCI6Ijc2MjEwNWQwMGFlZDgyYzY0YTBmMDEyNjdjYzVhZjRhMmU2MTcwNmMiLCJfYXV0aF91c2VyX2JhY2tlbmQiOiJkamFuZ28uY29udHJpYi5hdXRoLmJhY2tlbmRzLk1vZGVsQmFja2VuZCIsIl9hdXRoX3VzZXJfaWQiOiIxIn0=', '2018-05-31 05:26:05.699618'),
('g9x2ytz8tkmffi84ftxxyz4epwndel70', 'MTcyNzAxYWViYzg0MTUwM2JjOGZjZDRmZjYwMjAxMzkxZjhiOGNlYTp7Il9hdXRoX3VzZXJfaGFzaCI6Ijc2MjEwNWQwMGFlZDgyYzY0YTBmMDEyNjdjYzVhZjRhMmU2MTcwNmMiLCJfYXV0aF91c2VyX2JhY2tlbmQiOiJkamFuZ28uY29udHJpYi5hdXRoLmJhY2tlbmRzLk1vZGVsQmFja2VuZCIsIl9hdXRoX3VzZXJfaWQiOiIxIn0=', '2018-04-30 20:26:03.524510'),
('gahgl9hogqh5fgsuk1n4vbpxnu1e6ukl', 'MTcyNzAxYWViYzg0MTUwM2JjOGZjZDRmZjYwMjAxMzkxZjhiOGNlYTp7Il9hdXRoX3VzZXJfaGFzaCI6Ijc2MjEwNWQwMGFlZDgyYzY0YTBmMDEyNjdjYzVhZjRhMmU2MTcwNmMiLCJfYXV0aF91c2VyX2JhY2tlbmQiOiJkamFuZ28uY29udHJpYi5hdXRoLmJhY2tlbmRzLk1vZGVsQmFja2VuZCIsIl9hdXRoX3VzZXJfaWQiOiIxIn0=', '2018-04-04 18:45:44.339664'),
('gb5mamac0lunj37rtlo2k1bumea5g4m9', 'MTcyNzAxYWViYzg0MTUwM2JjOGZjZDRmZjYwMjAxMzkxZjhiOGNlYTp7Il9hdXRoX3VzZXJfaGFzaCI6Ijc2MjEwNWQwMGFlZDgyYzY0YTBmMDEyNjdjYzVhZjRhMmU2MTcwNmMiLCJfYXV0aF91c2VyX2JhY2tlbmQiOiJkamFuZ28uY29udHJpYi5hdXRoLmJhY2tlbmRzLk1vZGVsQmFja2VuZCIsIl9hdXRoX3VzZXJfaWQiOiIxIn0=', '2018-04-06 02:48:56.836374'),
('gbn9w7swbrd3tq3jovfn5914rk1350dn', 'MTcyNzAxYWViYzg0MTUwM2JjOGZjZDRmZjYwMjAxMzkxZjhiOGNlYTp7Il9hdXRoX3VzZXJfaGFzaCI6Ijc2MjEwNWQwMGFlZDgyYzY0YTBmMDEyNjdjYzVhZjRhMmU2MTcwNmMiLCJfYXV0aF91c2VyX2JhY2tlbmQiOiJkamFuZ28uY29udHJpYi5hdXRoLmJhY2tlbmRzLk1vZGVsQmFja2VuZCIsIl9hdXRoX3VzZXJfaWQiOiIxIn0=', '2018-04-03 02:36:40.519259'),
('gcm1v1lez1isondvzjol4yjav6xxekx6', 'MTcyNzAxYWViYzg0MTUwM2JjOGZjZDRmZjYwMjAxMzkxZjhiOGNlYTp7Il9hdXRoX3VzZXJfaGFzaCI6Ijc2MjEwNWQwMGFlZDgyYzY0YTBmMDEyNjdjYzVhZjRhMmU2MTcwNmMiLCJfYXV0aF91c2VyX2JhY2tlbmQiOiJkamFuZ28uY29udHJpYi5hdXRoLmJhY2tlbmRzLk1vZGVsQmFja2VuZCIsIl9hdXRoX3VzZXJfaWQiOiIxIn0=', '2018-05-30 21:36:37.953089'),
('gcoq8lhvge9y299oz7jr4mg7y5jh6t5g', 'MTcyNzAxYWViYzg0MTUwM2JjOGZjZDRmZjYwMjAxMzkxZjhiOGNlYTp7Il9hdXRoX3VzZXJfaGFzaCI6Ijc2MjEwNWQwMGFlZDgyYzY0YTBmMDEyNjdjYzVhZjRhMmU2MTcwNmMiLCJfYXV0aF91c2VyX2JhY2tlbmQiOiJkamFuZ28uY29udHJpYi5hdXRoLmJhY2tlbmRzLk1vZGVsQmFja2VuZCIsIl9hdXRoX3VzZXJfaWQiOiIxIn0=', '2018-04-04 05:56:44.612758'),
('gcsdkwvdrcpaite55b24k2pvxsdvdsbj', 'MTcyNzAxYWViYzg0MTUwM2JjOGZjZDRmZjYwMjAxMzkxZjhiOGNlYTp7Il9hdXRoX3VzZXJfaGFzaCI6Ijc2MjEwNWQwMGFlZDgyYzY0YTBmMDEyNjdjYzVhZjRhMmU2MTcwNmMiLCJfYXV0aF91c2VyX2JhY2tlbmQiOiJkamFuZ28uY29udHJpYi5hdXRoLmJhY2tlbmRzLk1vZGVsQmFja2VuZCIsIl9hdXRoX3VzZXJfaWQiOiIxIn0=', '2018-05-31 17:09:22.788437'),
('gdmg37h30w2ec61kwb94ogv5x3axcpf3', 'MTcyNzAxYWViYzg0MTUwM2JjOGZjZDRmZjYwMjAxMzkxZjhiOGNlYTp7Il9hdXRoX3VzZXJfaGFzaCI6Ijc2MjEwNWQwMGFlZDgyYzY0YTBmMDEyNjdjYzVhZjRhMmU2MTcwNmMiLCJfYXV0aF91c2VyX2JhY2tlbmQiOiJkamFuZ28uY29udHJpYi5hdXRoLmJhY2tlbmRzLk1vZGVsQmFja2VuZCIsIl9hdXRoX3VzZXJfaWQiOiIxIn0=', '2018-05-31 05:13:19.129317'),
('gf444c60ur762k12fwkrzjia4t6sr5zt', 'MTcyNzAxYWViYzg0MTUwM2JjOGZjZDRmZjYwMjAxMzkxZjhiOGNlYTp7Il9hdXRoX3VzZXJfaGFzaCI6Ijc2MjEwNWQwMGFlZDgyYzY0YTBmMDEyNjdjYzVhZjRhMmU2MTcwNmMiLCJfYXV0aF91c2VyX2JhY2tlbmQiOiJkamFuZ28uY29udHJpYi5hdXRoLmJhY2tlbmRzLk1vZGVsQmFja2VuZCIsIl9hdXRoX3VzZXJfaWQiOiIxIn0=', '2018-04-30 20:05:27.513666'),
('gff8gy2bmhdh85ardh6wob2r5v1oomlq', 'MTcyNzAxYWViYzg0MTUwM2JjOGZjZDRmZjYwMjAxMzkxZjhiOGNlYTp7Il9hdXRoX3VzZXJfaGFzaCI6Ijc2MjEwNWQwMGFlZDgyYzY0YTBmMDEyNjdjYzVhZjRhMmU2MTcwNmMiLCJfYXV0aF91c2VyX2JhY2tlbmQiOiJkamFuZ28uY29udHJpYi5hdXRoLmJhY2tlbmRzLk1vZGVsQmFja2VuZCIsIl9hdXRoX3VzZXJfaWQiOiIxIn0=', '2018-05-31 04:53:53.030752'),
('gfwljryh40cy7c8nwz4s1rkfa27n4smq', 'MTcyNzAxYWViYzg0MTUwM2JjOGZjZDRmZjYwMjAxMzkxZjhiOGNlYTp7Il9hdXRoX3VzZXJfaGFzaCI6Ijc2MjEwNWQwMGFlZDgyYzY0YTBmMDEyNjdjYzVhZjRhMmU2MTcwNmMiLCJfYXV0aF91c2VyX2JhY2tlbmQiOiJkamFuZ28uY29udHJpYi5hdXRoLmJhY2tlbmRzLk1vZGVsQmFja2VuZCIsIl9hdXRoX3VzZXJfaWQiOiIxIn0=', '2018-04-30 20:04:39.200773'),
('gg44kk08ir3x0sqaydj19b5aeoz0okl9', 'MTcyNzAxYWViYzg0MTUwM2JjOGZjZDRmZjYwMjAxMzkxZjhiOGNlYTp7Il9hdXRoX3VzZXJfaGFzaCI6Ijc2MjEwNWQwMGFlZDgyYzY0YTBmMDEyNjdjYzVhZjRhMmU2MTcwNmMiLCJfYXV0aF91c2VyX2JhY2tlbmQiOiJkamFuZ28uY29udHJpYi5hdXRoLmJhY2tlbmRzLk1vZGVsQmFja2VuZCIsIl9hdXRoX3VzZXJfaWQiOiIxIn0=', '2018-04-30 20:51:49.800649'),
('gi2frqfp3jxd11w7xrn7lu7lwho6n5b1', 'MTcyNzAxYWViYzg0MTUwM2JjOGZjZDRmZjYwMjAxMzkxZjhiOGNlYTp7Il9hdXRoX3VzZXJfaGFzaCI6Ijc2MjEwNWQwMGFlZDgyYzY0YTBmMDEyNjdjYzVhZjRhMmU2MTcwNmMiLCJfYXV0aF91c2VyX2JhY2tlbmQiOiJkamFuZ28uY29udHJpYi5hdXRoLmJhY2tlbmRzLk1vZGVsQmFja2VuZCIsIl9hdXRoX3VzZXJfaWQiOiIxIn0=', '2018-05-18 17:29:07.283024'),
('giif0814losqq2ybrzrdrz183yzhb34u', 'MTcyNzAxYWViYzg0MTUwM2JjOGZjZDRmZjYwMjAxMzkxZjhiOGNlYTp7Il9hdXRoX3VzZXJfaGFzaCI6Ijc2MjEwNWQwMGFlZDgyYzY0YTBmMDEyNjdjYzVhZjRhMmU2MTcwNmMiLCJfYXV0aF91c2VyX2JhY2tlbmQiOiJkamFuZ28uY29udHJpYi5hdXRoLmJhY2tlbmRzLk1vZGVsQmFja2VuZCIsIl9hdXRoX3VzZXJfaWQiOiIxIn0=', '2018-05-31 05:22:30.188476'),
('gjncp9ryqobnulkpog34m8hvmknklft0', 'MTcyNzAxYWViYzg0MTUwM2JjOGZjZDRmZjYwMjAxMzkxZjhiOGNlYTp7Il9hdXRoX3VzZXJfaGFzaCI6Ijc2MjEwNWQwMGFlZDgyYzY0YTBmMDEyNjdjYzVhZjRhMmU2MTcwNmMiLCJfYXV0aF91c2VyX2JhY2tlbmQiOiJkamFuZ28uY29udHJpYi5hdXRoLmJhY2tlbmRzLk1vZGVsQmFja2VuZCIsIl9hdXRoX3VzZXJfaWQiOiIxIn0=', '2018-04-04 18:49:05.726830'),
('glkvmqn9xp9hrn8osugzlp7myavn652m', 'MTcyNzAxYWViYzg0MTUwM2JjOGZjZDRmZjYwMjAxMzkxZjhiOGNlYTp7Il9hdXRoX3VzZXJfaGFzaCI6Ijc2MjEwNWQwMGFlZDgyYzY0YTBmMDEyNjdjYzVhZjRhMmU2MTcwNmMiLCJfYXV0aF91c2VyX2JhY2tlbmQiOiJkamFuZ28uY29udHJpYi5hdXRoLmJhY2tlbmRzLk1vZGVsQmFja2VuZCIsIl9hdXRoX3VzZXJfaWQiOiIxIn0=', '2018-05-31 17:45:35.297059'),
('glx673vrfhyu27bxjctmt74559ovssnj', 'MTcyNzAxYWViYzg0MTUwM2JjOGZjZDRmZjYwMjAxMzkxZjhiOGNlYTp7Il9hdXRoX3VzZXJfaGFzaCI6Ijc2MjEwNWQwMGFlZDgyYzY0YTBmMDEyNjdjYzVhZjRhMmU2MTcwNmMiLCJfYXV0aF91c2VyX2JhY2tlbmQiOiJkamFuZ28uY29udHJpYi5hdXRoLmJhY2tlbmRzLk1vZGVsQmFja2VuZCIsIl9hdXRoX3VzZXJfaWQiOiIxIn0=', '2018-04-30 20:36:16.502101'),
('gm5fpd4u90s4222j2vy0tza438g4hv0q', 'MTcyNzAxYWViYzg0MTUwM2JjOGZjZDRmZjYwMjAxMzkxZjhiOGNlYTp7Il9hdXRoX3VzZXJfaGFzaCI6Ijc2MjEwNWQwMGFlZDgyYzY0YTBmMDEyNjdjYzVhZjRhMmU2MTcwNmMiLCJfYXV0aF91c2VyX2JhY2tlbmQiOiJkamFuZ28uY29udHJpYi5hdXRoLmJhY2tlbmRzLk1vZGVsQmFja2VuZCIsIl9hdXRoX3VzZXJfaWQiOiIxIn0=', '2018-04-23 07:03:09.122085'),
('gm74h1xnonr9j2b7dlez8ebefzetmo9r', 'MTcyNzAxYWViYzg0MTUwM2JjOGZjZDRmZjYwMjAxMzkxZjhiOGNlYTp7Il9hdXRoX3VzZXJfaGFzaCI6Ijc2MjEwNWQwMGFlZDgyYzY0YTBmMDEyNjdjYzVhZjRhMmU2MTcwNmMiLCJfYXV0aF91c2VyX2JhY2tlbmQiOiJkamFuZ28uY29udHJpYi5hdXRoLmJhY2tlbmRzLk1vZGVsQmFja2VuZCIsIl9hdXRoX3VzZXJfaWQiOiIxIn0=', '2018-04-04 18:53:14.718113'),
('gmjx58b4y17ugtyh2w0wf1bt92akjixm', 'MTcyNzAxYWViYzg0MTUwM2JjOGZjZDRmZjYwMjAxMzkxZjhiOGNlYTp7Il9hdXRoX3VzZXJfaGFzaCI6Ijc2MjEwNWQwMGFlZDgyYzY0YTBmMDEyNjdjYzVhZjRhMmU2MTcwNmMiLCJfYXV0aF91c2VyX2JhY2tlbmQiOiJkamFuZ28uY29udHJpYi5hdXRoLmJhY2tlbmRzLk1vZGVsQmFja2VuZCIsIl9hdXRoX3VzZXJfaWQiOiIxIn0=', '2018-05-01 03:39:07.682147'),
('gnorrhy12z494af6qk26z9qqkh08kc3y', 'MTcyNzAxYWViYzg0MTUwM2JjOGZjZDRmZjYwMjAxMzkxZjhiOGNlYTp7Il9hdXRoX3VzZXJfaGFzaCI6Ijc2MjEwNWQwMGFlZDgyYzY0YTBmMDEyNjdjYzVhZjRhMmU2MTcwNmMiLCJfYXV0aF91c2VyX2JhY2tlbmQiOiJkamFuZ28uY29udHJpYi5hdXRoLmJhY2tlbmRzLk1vZGVsQmFja2VuZCIsIl9hdXRoX3VzZXJfaWQiOiIxIn0=', '2018-04-05 19:11:17.464696'),
('gpqx3h44ljdd1sq4liatmdfji6do7xy5', 'MTcyNzAxYWViYzg0MTUwM2JjOGZjZDRmZjYwMjAxMzkxZjhiOGNlYTp7Il9hdXRoX3VzZXJfaGFzaCI6Ijc2MjEwNWQwMGFlZDgyYzY0YTBmMDEyNjdjYzVhZjRhMmU2MTcwNmMiLCJfYXV0aF91c2VyX2JhY2tlbmQiOiJkamFuZ28uY29udHJpYi5hdXRoLmJhY2tlbmRzLk1vZGVsQmFja2VuZCIsIl9hdXRoX3VzZXJfaWQiOiIxIn0=', '2018-05-31 18:32:25.219304'),
('grb1amugb5omwp1kibck0v77ga5y15gi', 'MTcyNzAxYWViYzg0MTUwM2JjOGZjZDRmZjYwMjAxMzkxZjhiOGNlYTp7Il9hdXRoX3VzZXJfaGFzaCI6Ijc2MjEwNWQwMGFlZDgyYzY0YTBmMDEyNjdjYzVhZjRhMmU2MTcwNmMiLCJfYXV0aF91c2VyX2JhY2tlbmQiOiJkamFuZ28uY29udHJpYi5hdXRoLmJhY2tlbmRzLk1vZGVsQmFja2VuZCIsIl9hdXRoX3VzZXJfaWQiOiIxIn0=', '2018-05-31 04:43:16.851199'),
('gszr4nafuwougf89umdkh86aw7x672u8', 'MTcyNzAxYWViYzg0MTUwM2JjOGZjZDRmZjYwMjAxMzkxZjhiOGNlYTp7Il9hdXRoX3VzZXJfaGFzaCI6Ijc2MjEwNWQwMGFlZDgyYzY0YTBmMDEyNjdjYzVhZjRhMmU2MTcwNmMiLCJfYXV0aF91c2VyX2JhY2tlbmQiOiJkamFuZ28uY29udHJpYi5hdXRoLmJhY2tlbmRzLk1vZGVsQmFja2VuZCIsIl9hdXRoX3VzZXJfaWQiOiIxIn0=', '2018-05-31 05:01:10.334895'),
('gtt0m4a4l7lz5sm0mwqhbgfmul03bxnk', 'MTcyNzAxYWViYzg0MTUwM2JjOGZjZDRmZjYwMjAxMzkxZjhiOGNlYTp7Il9hdXRoX3VzZXJfaGFzaCI6Ijc2MjEwNWQwMGFlZDgyYzY0YTBmMDEyNjdjYzVhZjRhMmU2MTcwNmMiLCJfYXV0aF91c2VyX2JhY2tlbmQiOiJkamFuZ28uY29udHJpYi5hdXRoLmJhY2tlbmRzLk1vZGVsQmFja2VuZCIsIl9hdXRoX3VzZXJfaWQiOiIxIn0=', '2018-05-31 03:59:24.396753'),
('guadthafmo6w4p0p2cki4oqk8a1yuirn', 'MTcyNzAxYWViYzg0MTUwM2JjOGZjZDRmZjYwMjAxMzkxZjhiOGNlYTp7Il9hdXRoX3VzZXJfaGFzaCI6Ijc2MjEwNWQwMGFlZDgyYzY0YTBmMDEyNjdjYzVhZjRhMmU2MTcwNmMiLCJfYXV0aF91c2VyX2JhY2tlbmQiOiJkamFuZ28uY29udHJpYi5hdXRoLmJhY2tlbmRzLk1vZGVsQmFja2VuZCIsIl9hdXRoX3VzZXJfaWQiOiIxIn0=', '2018-05-31 05:48:19.467928'),
('gvpyq4f7uloywkjxyl9ul9dpgbgvax8t', 'MTcyNzAxYWViYzg0MTUwM2JjOGZjZDRmZjYwMjAxMzkxZjhiOGNlYTp7Il9hdXRoX3VzZXJfaGFzaCI6Ijc2MjEwNWQwMGFlZDgyYzY0YTBmMDEyNjdjYzVhZjRhMmU2MTcwNmMiLCJfYXV0aF91c2VyX2JhY2tlbmQiOiJkamFuZ28uY29udHJpYi5hdXRoLmJhY2tlbmRzLk1vZGVsQmFja2VuZCIsIl9hdXRoX3VzZXJfaWQiOiIxIn0=', '2018-05-31 17:45:12.514349'),
('gwyr8qqzszdj1qaxkasf29sxarfbavvt', 'MTcyNzAxYWViYzg0MTUwM2JjOGZjZDRmZjYwMjAxMzkxZjhiOGNlYTp7Il9hdXRoX3VzZXJfaGFzaCI6Ijc2MjEwNWQwMGFlZDgyYzY0YTBmMDEyNjdjYzVhZjRhMmU2MTcwNmMiLCJfYXV0aF91c2VyX2JhY2tlbmQiOiJkamFuZ28uY29udHJpYi5hdXRoLmJhY2tlbmRzLk1vZGVsQmFja2VuZCIsIl9hdXRoX3VzZXJfaWQiOiIxIn0=', '2018-04-30 20:41:14.752579'),
('gzgam90djg0j11swckhclpi949tm7qgq', 'MTcyNzAxYWViYzg0MTUwM2JjOGZjZDRmZjYwMjAxMzkxZjhiOGNlYTp7Il9hdXRoX3VzZXJfaGFzaCI6Ijc2MjEwNWQwMGFlZDgyYzY0YTBmMDEyNjdjYzVhZjRhMmU2MTcwNmMiLCJfYXV0aF91c2VyX2JhY2tlbmQiOiJkamFuZ28uY29udHJpYi5hdXRoLmJhY2tlbmRzLk1vZGVsQmFja2VuZCIsIl9hdXRoX3VzZXJfaWQiOiIxIn0=', '2018-04-30 21:12:57.963049'),
('h0eglailxw4qqezny3h4e6nem493ql4h', 'MTcyNzAxYWViYzg0MTUwM2JjOGZjZDRmZjYwMjAxMzkxZjhiOGNlYTp7Il9hdXRoX3VzZXJfaGFzaCI6Ijc2MjEwNWQwMGFlZDgyYzY0YTBmMDEyNjdjYzVhZjRhMmU2MTcwNmMiLCJfYXV0aF91c2VyX2JhY2tlbmQiOiJkamFuZ28uY29udHJpYi5hdXRoLmJhY2tlbmRzLk1vZGVsQmFja2VuZCIsIl9hdXRoX3VzZXJfaWQiOiIxIn0=', '2018-05-31 17:42:09.526031'),
('h1r0fp468elqr6ph3sqzfe1t4b4mi3rj', 'MTcyNzAxYWViYzg0MTUwM2JjOGZjZDRmZjYwMjAxMzkxZjhiOGNlYTp7Il9hdXRoX3VzZXJfaGFzaCI6Ijc2MjEwNWQwMGFlZDgyYzY0YTBmMDEyNjdjYzVhZjRhMmU2MTcwNmMiLCJfYXV0aF91c2VyX2JhY2tlbmQiOiJkamFuZ28uY29udHJpYi5hdXRoLmJhY2tlbmRzLk1vZGVsQmFja2VuZCIsIl9hdXRoX3VzZXJfaWQiOiIxIn0=', '2018-05-18 17:12:09.488040'),
('h1x5cuvgbbtd3an1dicma5uyu77yrix0', 'MTcyNzAxYWViYzg0MTUwM2JjOGZjZDRmZjYwMjAxMzkxZjhiOGNlYTp7Il9hdXRoX3VzZXJfaGFzaCI6Ijc2MjEwNWQwMGFlZDgyYzY0YTBmMDEyNjdjYzVhZjRhMmU2MTcwNmMiLCJfYXV0aF91c2VyX2JhY2tlbmQiOiJkamFuZ28uY29udHJpYi5hdXRoLmJhY2tlbmRzLk1vZGVsQmFja2VuZCIsIl9hdXRoX3VzZXJfaWQiOiIxIn0=', '2018-05-31 18:39:34.527489'),
('h2g5zm84xzw7wari5pqsjki38fu1gvxc', 'MTcyNzAxYWViYzg0MTUwM2JjOGZjZDRmZjYwMjAxMzkxZjhiOGNlYTp7Il9hdXRoX3VzZXJfaGFzaCI6Ijc2MjEwNWQwMGFlZDgyYzY0YTBmMDEyNjdjYzVhZjRhMmU2MTcwNmMiLCJfYXV0aF91c2VyX2JhY2tlbmQiOiJkamFuZ28uY29udHJpYi5hdXRoLmJhY2tlbmRzLk1vZGVsQmFja2VuZCIsIl9hdXRoX3VzZXJfaWQiOiIxIn0=', '2018-04-04 18:07:48.587795'),
('h2w3m8zvh5pb6s3yunmkwuqcieloo7uw', 'MTcyNzAxYWViYzg0MTUwM2JjOGZjZDRmZjYwMjAxMzkxZjhiOGNlYTp7Il9hdXRoX3VzZXJfaGFzaCI6Ijc2MjEwNWQwMGFlZDgyYzY0YTBmMDEyNjdjYzVhZjRhMmU2MTcwNmMiLCJfYXV0aF91c2VyX2JhY2tlbmQiOiJkamFuZ28uY29udHJpYi5hdXRoLmJhY2tlbmRzLk1vZGVsQmFja2VuZCIsIl9hdXRoX3VzZXJfaWQiOiIxIn0=', '2018-04-04 04:25:52.222454'),
('h2wciktc1vcd74fhk0fk1od4iw83p5mm', 'MTcyNzAxYWViYzg0MTUwM2JjOGZjZDRmZjYwMjAxMzkxZjhiOGNlYTp7Il9hdXRoX3VzZXJfaGFzaCI6Ijc2MjEwNWQwMGFlZDgyYzY0YTBmMDEyNjdjYzVhZjRhMmU2MTcwNmMiLCJfYXV0aF91c2VyX2JhY2tlbmQiOiJkamFuZ28uY29udHJpYi5hdXRoLmJhY2tlbmRzLk1vZGVsQmFja2VuZCIsIl9hdXRoX3VzZXJfaWQiOiIxIn0=', '2018-05-01 03:45:47.617614'),
('h2y8nuk4448u4oczwlwi729pcmdbi4ns', 'MTcyNzAxYWViYzg0MTUwM2JjOGZjZDRmZjYwMjAxMzkxZjhiOGNlYTp7Il9hdXRoX3VzZXJfaGFzaCI6Ijc2MjEwNWQwMGFlZDgyYzY0YTBmMDEyNjdjYzVhZjRhMmU2MTcwNmMiLCJfYXV0aF91c2VyX2JhY2tlbmQiOiJkamFuZ28uY29udHJpYi5hdXRoLmJhY2tlbmRzLk1vZGVsQmFja2VuZCIsIl9hdXRoX3VzZXJfaWQiOiIxIn0=', '2018-05-31 17:15:25.327840'),
('h38869xql9eyr8yln0g8q35ab3ov3r8z', 'MTcyNzAxYWViYzg0MTUwM2JjOGZjZDRmZjYwMjAxMzkxZjhiOGNlYTp7Il9hdXRoX3VzZXJfaGFzaCI6Ijc2MjEwNWQwMGFlZDgyYzY0YTBmMDEyNjdjYzVhZjRhMmU2MTcwNmMiLCJfYXV0aF91c2VyX2JhY2tlbmQiOiJkamFuZ28uY29udHJpYi5hdXRoLmJhY2tlbmRzLk1vZGVsQmFja2VuZCIsIl9hdXRoX3VzZXJfaWQiOiIxIn0=', '2018-04-04 04:22:06.434407'),
('h3yivf3godvlgqu6a5s6lqdnyossyc6n', 'MTcyNzAxYWViYzg0MTUwM2JjOGZjZDRmZjYwMjAxMzkxZjhiOGNlYTp7Il9hdXRoX3VzZXJfaGFzaCI6Ijc2MjEwNWQwMGFlZDgyYzY0YTBmMDEyNjdjYzVhZjRhMmU2MTcwNmMiLCJfYXV0aF91c2VyX2JhY2tlbmQiOiJkamFuZ28uY29udHJpYi5hdXRoLmJhY2tlbmRzLk1vZGVsQmFja2VuZCIsIl9hdXRoX3VzZXJfaWQiOiIxIn0=', '2018-05-01 03:33:02.643111'),
('h58subou8zcvgxxf7hiyq3v6nbyrukbq', 'MTcyNzAxYWViYzg0MTUwM2JjOGZjZDRmZjYwMjAxMzkxZjhiOGNlYTp7Il9hdXRoX3VzZXJfaGFzaCI6Ijc2MjEwNWQwMGFlZDgyYzY0YTBmMDEyNjdjYzVhZjRhMmU2MTcwNmMiLCJfYXV0aF91c2VyX2JhY2tlbmQiOiJkamFuZ28uY29udHJpYi5hdXRoLmJhY2tlbmRzLk1vZGVsQmFja2VuZCIsIl9hdXRoX3VzZXJfaWQiOiIxIn0=', '2018-04-04 18:13:39.070350'),
('h64lx7rc6ccixmqp6xln92h8f2xu775w', 'MTcyNzAxYWViYzg0MTUwM2JjOGZjZDRmZjYwMjAxMzkxZjhiOGNlYTp7Il9hdXRoX3VzZXJfaGFzaCI6Ijc2MjEwNWQwMGFlZDgyYzY0YTBmMDEyNjdjYzVhZjRhMmU2MTcwNmMiLCJfYXV0aF91c2VyX2JhY2tlbmQiOiJkamFuZ28uY29udHJpYi5hdXRoLmJhY2tlbmRzLk1vZGVsQmFja2VuZCIsIl9hdXRoX3VzZXJfaWQiOiIxIn0=', '2018-05-31 17:09:08.747518'),
('h6tkx82o5xgd6ri89ek6vtcrnaj37lhk', 'MTcyNzAxYWViYzg0MTUwM2JjOGZjZDRmZjYwMjAxMzkxZjhiOGNlYTp7Il9hdXRoX3VzZXJfaGFzaCI6Ijc2MjEwNWQwMGFlZDgyYzY0YTBmMDEyNjdjYzVhZjRhMmU2MTcwNmMiLCJfYXV0aF91c2VyX2JhY2tlbmQiOiJkamFuZ28uY29udHJpYi5hdXRoLmJhY2tlbmRzLk1vZGVsQmFja2VuZCIsIl9hdXRoX3VzZXJfaWQiOiIxIn0=', '2018-04-04 18:14:00.569687'),
('h8bsd0v9d03bkjmpkaqxh3mibflgsxd6', 'MTcyNzAxYWViYzg0MTUwM2JjOGZjZDRmZjYwMjAxMzkxZjhiOGNlYTp7Il9hdXRoX3VzZXJfaGFzaCI6Ijc2MjEwNWQwMGFlZDgyYzY0YTBmMDEyNjdjYzVhZjRhMmU2MTcwNmMiLCJfYXV0aF91c2VyX2JhY2tlbmQiOiJkamFuZ28uY29udHJpYi5hdXRoLmJhY2tlbmRzLk1vZGVsQmFja2VuZCIsIl9hdXRoX3VzZXJfaWQiOiIxIn0=', '2018-05-18 17:29:31.163010'),
('h9lu7ywkdzvzbtwssdxhsx8nh8lv6phx', 'MTcyNzAxYWViYzg0MTUwM2JjOGZjZDRmZjYwMjAxMzkxZjhiOGNlYTp7Il9hdXRoX3VzZXJfaGFzaCI6Ijc2MjEwNWQwMGFlZDgyYzY0YTBmMDEyNjdjYzVhZjRhMmU2MTcwNmMiLCJfYXV0aF91c2VyX2JhY2tlbmQiOiJkamFuZ28uY29udHJpYi5hdXRoLmJhY2tlbmRzLk1vZGVsQmFja2VuZCIsIl9hdXRoX3VzZXJfaWQiOiIxIn0=', '2018-04-05 20:53:32.601192'),
('hbis9gdn97rfz64i82ic1oajowh2zqdp', 'MTcyNzAxYWViYzg0MTUwM2JjOGZjZDRmZjYwMjAxMzkxZjhiOGNlYTp7Il9hdXRoX3VzZXJfaGFzaCI6Ijc2MjEwNWQwMGFlZDgyYzY0YTBmMDEyNjdjYzVhZjRhMmU2MTcwNmMiLCJfYXV0aF91c2VyX2JhY2tlbmQiOiJkamFuZ28uY29udHJpYi5hdXRoLmJhY2tlbmRzLk1vZGVsQmFja2VuZCIsIl9hdXRoX3VzZXJfaWQiOiIxIn0=', '2018-04-23 07:17:42.633676'),
('hdkduke73u2wk57up2mspror4aiatksu', 'MTcyNzAxYWViYzg0MTUwM2JjOGZjZDRmZjYwMjAxMzkxZjhiOGNlYTp7Il9hdXRoX3VzZXJfaGFzaCI6Ijc2MjEwNWQwMGFlZDgyYzY0YTBmMDEyNjdjYzVhZjRhMmU2MTcwNmMiLCJfYXV0aF91c2VyX2JhY2tlbmQiOiJkamFuZ28uY29udHJpYi5hdXRoLmJhY2tlbmRzLk1vZGVsQmFja2VuZCIsIl9hdXRoX3VzZXJfaWQiOiIxIn0=', '2018-05-01 03:27:41.861360'),
('herfglwupnhumbo5evu8s56ms21cs16n', 'MTcyNzAxYWViYzg0MTUwM2JjOGZjZDRmZjYwMjAxMzkxZjhiOGNlYTp7Il9hdXRoX3VzZXJfaGFzaCI6Ijc2MjEwNWQwMGFlZDgyYzY0YTBmMDEyNjdjYzVhZjRhMmU2MTcwNmMiLCJfYXV0aF91c2VyX2JhY2tlbmQiOiJkamFuZ28uY29udHJpYi5hdXRoLmJhY2tlbmRzLk1vZGVsQmFja2VuZCIsIl9hdXRoX3VzZXJfaWQiOiIxIn0=', '2018-04-30 20:36:06.317486'),
('hfdirzk8g2j9jufy7d9na7cpwqiu7kaw', 'MTcyNzAxYWViYzg0MTUwM2JjOGZjZDRmZjYwMjAxMzkxZjhiOGNlYTp7Il9hdXRoX3VzZXJfaGFzaCI6Ijc2MjEwNWQwMGFlZDgyYzY0YTBmMDEyNjdjYzVhZjRhMmU2MTcwNmMiLCJfYXV0aF91c2VyX2JhY2tlbmQiOiJkamFuZ28uY29udHJpYi5hdXRoLmJhY2tlbmRzLk1vZGVsQmFja2VuZCIsIl9hdXRoX3VzZXJfaWQiOiIxIn0=', '2018-04-30 22:10:01.365274'),
('hfizv11clk6psnkn0gvk4fia6jae9djv', 'MTcyNzAxYWViYzg0MTUwM2JjOGZjZDRmZjYwMjAxMzkxZjhiOGNlYTp7Il9hdXRoX3VzZXJfaGFzaCI6Ijc2MjEwNWQwMGFlZDgyYzY0YTBmMDEyNjdjYzVhZjRhMmU2MTcwNmMiLCJfYXV0aF91c2VyX2JhY2tlbmQiOiJkamFuZ28uY29udHJpYi5hdXRoLmJhY2tlbmRzLk1vZGVsQmFja2VuZCIsIl9hdXRoX3VzZXJfaWQiOiIxIn0=', '2018-05-31 05:37:09.700881'),
('hfllxlzdfc63y2bf7iaa5jr51f1ff9s9', 'MTcyNzAxYWViYzg0MTUwM2JjOGZjZDRmZjYwMjAxMzkxZjhiOGNlYTp7Il9hdXRoX3VzZXJfaGFzaCI6Ijc2MjEwNWQwMGFlZDgyYzY0YTBmMDEyNjdjYzVhZjRhMmU2MTcwNmMiLCJfYXV0aF91c2VyX2JhY2tlbmQiOiJkamFuZ28uY29udHJpYi5hdXRoLmJhY2tlbmRzLk1vZGVsQmFja2VuZCIsIl9hdXRoX3VzZXJfaWQiOiIxIn0=', '2018-05-31 05:14:05.583393'),
('hgyyqjglxxwonnx4q7xluw4xodu3z0pd', 'MTcyNzAxYWViYzg0MTUwM2JjOGZjZDRmZjYwMjAxMzkxZjhiOGNlYTp7Il9hdXRoX3VzZXJfaGFzaCI6Ijc2MjEwNWQwMGFlZDgyYzY0YTBmMDEyNjdjYzVhZjRhMmU2MTcwNmMiLCJfYXV0aF91c2VyX2JhY2tlbmQiOiJkamFuZ28uY29udHJpYi5hdXRoLmJhY2tlbmRzLk1vZGVsQmFja2VuZCIsIl9hdXRoX3VzZXJfaWQiOiIxIn0=', '2018-05-31 18:04:43.573626'),
('hhcilul5ho077b3o2ybgfk5yd2ob7qhg', 'MTcyNzAxYWViYzg0MTUwM2JjOGZjZDRmZjYwMjAxMzkxZjhiOGNlYTp7Il9hdXRoX3VzZXJfaGFzaCI6Ijc2MjEwNWQwMGFlZDgyYzY0YTBmMDEyNjdjYzVhZjRhMmU2MTcwNmMiLCJfYXV0aF91c2VyX2JhY2tlbmQiOiJkamFuZ28uY29udHJpYi5hdXRoLmJhY2tlbmRzLk1vZGVsQmFja2VuZCIsIl9hdXRoX3VzZXJfaWQiOiIxIn0=', '2018-05-31 05:06:13.091266'),
('hi1q4x2pzmjr20tjsqr4dhfpuyhwt47x', 'MTcyNzAxYWViYzg0MTUwM2JjOGZjZDRmZjYwMjAxMzkxZjhiOGNlYTp7Il9hdXRoX3VzZXJfaGFzaCI6Ijc2MjEwNWQwMGFlZDgyYzY0YTBmMDEyNjdjYzVhZjRhMmU2MTcwNmMiLCJfYXV0aF91c2VyX2JhY2tlbmQiOiJkamFuZ28uY29udHJpYi5hdXRoLmJhY2tlbmRzLk1vZGVsQmFja2VuZCIsIl9hdXRoX3VzZXJfaWQiOiIxIn0=', '2018-05-01 03:31:19.747871'),
('hiuwhsx3bzshw759o7z1jfwsodl1gebd', 'MTcyNzAxYWViYzg0MTUwM2JjOGZjZDRmZjYwMjAxMzkxZjhiOGNlYTp7Il9hdXRoX3VzZXJfaGFzaCI6Ijc2MjEwNWQwMGFlZDgyYzY0YTBmMDEyNjdjYzVhZjRhMmU2MTcwNmMiLCJfYXV0aF91c2VyX2JhY2tlbmQiOiJkamFuZ28uY29udHJpYi5hdXRoLmJhY2tlbmRzLk1vZGVsQmFja2VuZCIsIl9hdXRoX3VzZXJfaWQiOiIxIn0=', '2018-05-01 03:49:07.640173'),
('hknvv3rghl50krerpvhjj0edyy1zll40', 'MTcyNzAxYWViYzg0MTUwM2JjOGZjZDRmZjYwMjAxMzkxZjhiOGNlYTp7Il9hdXRoX3VzZXJfaGFzaCI6Ijc2MjEwNWQwMGFlZDgyYzY0YTBmMDEyNjdjYzVhZjRhMmU2MTcwNmMiLCJfYXV0aF91c2VyX2JhY2tlbmQiOiJkamFuZ28uY29udHJpYi5hdXRoLmJhY2tlbmRzLk1vZGVsQmFja2VuZCIsIl9hdXRoX3VzZXJfaWQiOiIxIn0=', '2018-04-04 03:44:21.555972'),
('hl6apt67kn4r99wxyswwytoopjpg53zb', 'MTcyNzAxYWViYzg0MTUwM2JjOGZjZDRmZjYwMjAxMzkxZjhiOGNlYTp7Il9hdXRoX3VzZXJfaGFzaCI6Ijc2MjEwNWQwMGFlZDgyYzY0YTBmMDEyNjdjYzVhZjRhMmU2MTcwNmMiLCJfYXV0aF91c2VyX2JhY2tlbmQiOiJkamFuZ28uY29udHJpYi5hdXRoLmJhY2tlbmRzLk1vZGVsQmFja2VuZCIsIl9hdXRoX3VzZXJfaWQiOiIxIn0=', '2018-04-03 16:01:53.103998'),
('hlb0mw12rbhaserikn8wibmbue39lwx6', 'MTcyNzAxYWViYzg0MTUwM2JjOGZjZDRmZjYwMjAxMzkxZjhiOGNlYTp7Il9hdXRoX3VzZXJfaGFzaCI6Ijc2MjEwNWQwMGFlZDgyYzY0YTBmMDEyNjdjYzVhZjRhMmU2MTcwNmMiLCJfYXV0aF91c2VyX2JhY2tlbmQiOiJkamFuZ28uY29udHJpYi5hdXRoLmJhY2tlbmRzLk1vZGVsQmFja2VuZCIsIl9hdXRoX3VzZXJfaWQiOiIxIn0=', '2018-05-31 04:27:57.440433'),
('hlhs5m2sa7kpr2pw1ft6i7ozs8nkqovg', 'MTcyNzAxYWViYzg0MTUwM2JjOGZjZDRmZjYwMjAxMzkxZjhiOGNlYTp7Il9hdXRoX3VzZXJfaGFzaCI6Ijc2MjEwNWQwMGFlZDgyYzY0YTBmMDEyNjdjYzVhZjRhMmU2MTcwNmMiLCJfYXV0aF91c2VyX2JhY2tlbmQiOiJkamFuZ28uY29udHJpYi5hdXRoLmJhY2tlbmRzLk1vZGVsQmFja2VuZCIsIl9hdXRoX3VzZXJfaWQiOiIxIn0=', '2018-05-31 05:27:43.729309'),
('hmh9d1fai05tqri6dz4udeyua5moq11u', 'MTcyNzAxYWViYzg0MTUwM2JjOGZjZDRmZjYwMjAxMzkxZjhiOGNlYTp7Il9hdXRoX3VzZXJfaGFzaCI6Ijc2MjEwNWQwMGFlZDgyYzY0YTBmMDEyNjdjYzVhZjRhMmU2MTcwNmMiLCJfYXV0aF91c2VyX2JhY2tlbmQiOiJkamFuZ28uY29udHJpYi5hdXRoLmJhY2tlbmRzLk1vZGVsQmFja2VuZCIsIl9hdXRoX3VzZXJfaWQiOiIxIn0=', '2018-05-31 04:21:38.750185'),
('hoyld1jykemjhtlzsu48cxv3fniun7lj', 'MTcyNzAxYWViYzg0MTUwM2JjOGZjZDRmZjYwMjAxMzkxZjhiOGNlYTp7Il9hdXRoX3VzZXJfaGFzaCI6Ijc2MjEwNWQwMGFlZDgyYzY0YTBmMDEyNjdjYzVhZjRhMmU2MTcwNmMiLCJfYXV0aF91c2VyX2JhY2tlbmQiOiJkamFuZ28uY29udHJpYi5hdXRoLmJhY2tlbmRzLk1vZGVsQmFja2VuZCIsIl9hdXRoX3VzZXJfaWQiOiIxIn0=', '2018-04-04 18:02:34.910283'),
('hpegu11baddfy8if78biki68c2bnfjj6', 'MTcyNzAxYWViYzg0MTUwM2JjOGZjZDRmZjYwMjAxMzkxZjhiOGNlYTp7Il9hdXRoX3VzZXJfaGFzaCI6Ijc2MjEwNWQwMGFlZDgyYzY0YTBmMDEyNjdjYzVhZjRhMmU2MTcwNmMiLCJfYXV0aF91c2VyX2JhY2tlbmQiOiJkamFuZ28uY29udHJpYi5hdXRoLmJhY2tlbmRzLk1vZGVsQmFja2VuZCIsIl9hdXRoX3VzZXJfaWQiOiIxIn0=', '2018-05-31 04:50:40.780352'),
('hpj9l38fx0c4hn7pj8jq5utn31dow9y0', 'MTcyNzAxYWViYzg0MTUwM2JjOGZjZDRmZjYwMjAxMzkxZjhiOGNlYTp7Il9hdXRoX3VzZXJfaGFzaCI6Ijc2MjEwNWQwMGFlZDgyYzY0YTBmMDEyNjdjYzVhZjRhMmU2MTcwNmMiLCJfYXV0aF91c2VyX2JhY2tlbmQiOiJkamFuZ28uY29udHJpYi5hdXRoLmJhY2tlbmRzLk1vZGVsQmFja2VuZCIsIl9hdXRoX3VzZXJfaWQiOiIxIn0=', '2018-05-01 03:31:00.244464'),
('hqiz53og8tvm36dste2gu2un8bt7gni0', 'MTcyNzAxYWViYzg0MTUwM2JjOGZjZDRmZjYwMjAxMzkxZjhiOGNlYTp7Il9hdXRoX3VzZXJfaGFzaCI6Ijc2MjEwNWQwMGFlZDgyYzY0YTBmMDEyNjdjYzVhZjRhMmU2MTcwNmMiLCJfYXV0aF91c2VyX2JhY2tlbmQiOiJkamFuZ28uY29udHJpYi5hdXRoLmJhY2tlbmRzLk1vZGVsQmFja2VuZCIsIl9hdXRoX3VzZXJfaWQiOiIxIn0=', '2018-05-31 05:12:00.971059'),
('hrlvprhgn1uj4xpxoombuilnmzidsfmj', 'MTcyNzAxYWViYzg0MTUwM2JjOGZjZDRmZjYwMjAxMzkxZjhiOGNlYTp7Il9hdXRoX3VzZXJfaGFzaCI6Ijc2MjEwNWQwMGFlZDgyYzY0YTBmMDEyNjdjYzVhZjRhMmU2MTcwNmMiLCJfYXV0aF91c2VyX2JhY2tlbmQiOiJkamFuZ28uY29udHJpYi5hdXRoLmJhY2tlbmRzLk1vZGVsQmFja2VuZCIsIl9hdXRoX3VzZXJfaWQiOiIxIn0=', '2018-05-31 05:10:09.662820'),
('hrspas00emewkukbewf0v347pm4a0vls', 'MTcyNzAxYWViYzg0MTUwM2JjOGZjZDRmZjYwMjAxMzkxZjhiOGNlYTp7Il9hdXRoX3VzZXJfaGFzaCI6Ijc2MjEwNWQwMGFlZDgyYzY0YTBmMDEyNjdjYzVhZjRhMmU2MTcwNmMiLCJfYXV0aF91c2VyX2JhY2tlbmQiOiJkamFuZ28uY29udHJpYi5hdXRoLmJhY2tlbmRzLk1vZGVsQmFja2VuZCIsIl9hdXRoX3VzZXJfaWQiOiIxIn0=', '2018-05-31 17:31:23.773748'),
('hs8zfw23a3zf9blv1iw1p0pflj20nlme', 'MTcyNzAxYWViYzg0MTUwM2JjOGZjZDRmZjYwMjAxMzkxZjhiOGNlYTp7Il9hdXRoX3VzZXJfaGFzaCI6Ijc2MjEwNWQwMGFlZDgyYzY0YTBmMDEyNjdjYzVhZjRhMmU2MTcwNmMiLCJfYXV0aF91c2VyX2JhY2tlbmQiOiJkamFuZ28uY29udHJpYi5hdXRoLmJhY2tlbmRzLk1vZGVsQmFja2VuZCIsIl9hdXRoX3VzZXJfaWQiOiIxIn0=', '2018-05-31 04:51:41.826607'),
('ht9icywjc8g3ipvjuhmj0dpw0czjfnz4', 'MTcyNzAxYWViYzg0MTUwM2JjOGZjZDRmZjYwMjAxMzkxZjhiOGNlYTp7Il9hdXRoX3VzZXJfaGFzaCI6Ijc2MjEwNWQwMGFlZDgyYzY0YTBmMDEyNjdjYzVhZjRhMmU2MTcwNmMiLCJfYXV0aF91c2VyX2JhY2tlbmQiOiJkamFuZ28uY29udHJpYi5hdXRoLmJhY2tlbmRzLk1vZGVsQmFja2VuZCIsIl9hdXRoX3VzZXJfaWQiOiIxIn0=', '2018-04-30 21:07:25.324672'),
('hx5xauphexzydmat830e3cx9bp34ef2o', 'MTcyNzAxYWViYzg0MTUwM2JjOGZjZDRmZjYwMjAxMzkxZjhiOGNlYTp7Il9hdXRoX3VzZXJfaGFzaCI6Ijc2MjEwNWQwMGFlZDgyYzY0YTBmMDEyNjdjYzVhZjRhMmU2MTcwNmMiLCJfYXV0aF91c2VyX2JhY2tlbmQiOiJkamFuZ28uY29udHJpYi5hdXRoLmJhY2tlbmRzLk1vZGVsQmFja2VuZCIsIl9hdXRoX3VzZXJfaWQiOiIxIn0=', '2018-05-31 18:18:40.020178'),
('hxbgs1q4438loytpz8n06lbevhl6rvpf', 'MTcyNzAxYWViYzg0MTUwM2JjOGZjZDRmZjYwMjAxMzkxZjhiOGNlYTp7Il9hdXRoX3VzZXJfaGFzaCI6Ijc2MjEwNWQwMGFlZDgyYzY0YTBmMDEyNjdjYzVhZjRhMmU2MTcwNmMiLCJfYXV0aF91c2VyX2JhY2tlbmQiOiJkamFuZ28uY29udHJpYi5hdXRoLmJhY2tlbmRzLk1vZGVsQmFja2VuZCIsIl9hdXRoX3VzZXJfaWQiOiIxIn0=', '2018-04-30 20:55:20.490841');
INSERT INTO `django_session` (`session_key`, `session_data`, `expire_date`) VALUES
('hxeq7s1zmndbvvl85edhet0iww9kgc5v', 'MTcyNzAxYWViYzg0MTUwM2JjOGZjZDRmZjYwMjAxMzkxZjhiOGNlYTp7Il9hdXRoX3VzZXJfaGFzaCI6Ijc2MjEwNWQwMGFlZDgyYzY0YTBmMDEyNjdjYzVhZjRhMmU2MTcwNmMiLCJfYXV0aF91c2VyX2JhY2tlbmQiOiJkamFuZ28uY29udHJpYi5hdXRoLmJhY2tlbmRzLk1vZGVsQmFja2VuZCIsIl9hdXRoX3VzZXJfaWQiOiIxIn0=', '2018-05-31 04:34:14.438113'),
('hy6b6n7mt4mmfaybww5yca75r4655ltc', 'MTcyNzAxYWViYzg0MTUwM2JjOGZjZDRmZjYwMjAxMzkxZjhiOGNlYTp7Il9hdXRoX3VzZXJfaGFzaCI6Ijc2MjEwNWQwMGFlZDgyYzY0YTBmMDEyNjdjYzVhZjRhMmU2MTcwNmMiLCJfYXV0aF91c2VyX2JhY2tlbmQiOiJkamFuZ28uY29udHJpYi5hdXRoLmJhY2tlbmRzLk1vZGVsQmFja2VuZCIsIl9hdXRoX3VzZXJfaWQiOiIxIn0=', '2018-05-31 04:45:03.003080'),
('hzvha2m5g9vqsrpz2alnlyzu9abwm0w7', 'MTcyNzAxYWViYzg0MTUwM2JjOGZjZDRmZjYwMjAxMzkxZjhiOGNlYTp7Il9hdXRoX3VzZXJfaGFzaCI6Ijc2MjEwNWQwMGFlZDgyYzY0YTBmMDEyNjdjYzVhZjRhMmU2MTcwNmMiLCJfYXV0aF91c2VyX2JhY2tlbmQiOiJkamFuZ28uY29udHJpYi5hdXRoLmJhY2tlbmRzLk1vZGVsQmFja2VuZCIsIl9hdXRoX3VzZXJfaWQiOiIxIn0=', '2018-05-31 04:27:46.784661'),
('i0h8xr47y8jaofngmpakpizd1avcr32q', 'MTcyNzAxYWViYzg0MTUwM2JjOGZjZDRmZjYwMjAxMzkxZjhiOGNlYTp7Il9hdXRoX3VzZXJfaGFzaCI6Ijc2MjEwNWQwMGFlZDgyYzY0YTBmMDEyNjdjYzVhZjRhMmU2MTcwNmMiLCJfYXV0aF91c2VyX2JhY2tlbmQiOiJkamFuZ28uY29udHJpYi5hdXRoLmJhY2tlbmRzLk1vZGVsQmFja2VuZCIsIl9hdXRoX3VzZXJfaWQiOiIxIn0=', '2018-04-30 22:09:31.811005'),
('i1ho7hbuhrtg3c4hatac18r3x2f31kh6', 'MTcyNzAxYWViYzg0MTUwM2JjOGZjZDRmZjYwMjAxMzkxZjhiOGNlYTp7Il9hdXRoX3VzZXJfaGFzaCI6Ijc2MjEwNWQwMGFlZDgyYzY0YTBmMDEyNjdjYzVhZjRhMmU2MTcwNmMiLCJfYXV0aF91c2VyX2JhY2tlbmQiOiJkamFuZ28uY29udHJpYi5hdXRoLmJhY2tlbmRzLk1vZGVsQmFja2VuZCIsIl9hdXRoX3VzZXJfaWQiOiIxIn0=', '2018-04-30 21:16:45.446946'),
('i1i8tuwnf3jhb8qh1r324nspmmh35d5t', 'MTcyNzAxYWViYzg0MTUwM2JjOGZjZDRmZjYwMjAxMzkxZjhiOGNlYTp7Il9hdXRoX3VzZXJfaGFzaCI6Ijc2MjEwNWQwMGFlZDgyYzY0YTBmMDEyNjdjYzVhZjRhMmU2MTcwNmMiLCJfYXV0aF91c2VyX2JhY2tlbmQiOiJkamFuZ28uY29udHJpYi5hdXRoLmJhY2tlbmRzLk1vZGVsQmFja2VuZCIsIl9hdXRoX3VzZXJfaWQiOiIxIn0=', '2018-05-01 03:26:53.414624'),
('i36nzpnet7j2yeneegwhydg37h9jmonn', 'MTcyNzAxYWViYzg0MTUwM2JjOGZjZDRmZjYwMjAxMzkxZjhiOGNlYTp7Il9hdXRoX3VzZXJfaGFzaCI6Ijc2MjEwNWQwMGFlZDgyYzY0YTBmMDEyNjdjYzVhZjRhMmU2MTcwNmMiLCJfYXV0aF91c2VyX2JhY2tlbmQiOiJkamFuZ28uY29udHJpYi5hdXRoLmJhY2tlbmRzLk1vZGVsQmFja2VuZCIsIl9hdXRoX3VzZXJfaWQiOiIxIn0=', '2018-04-04 18:54:49.065348'),
('i467c9yaace52sax63ml4iy96oxok4tu', 'MTcyNzAxYWViYzg0MTUwM2JjOGZjZDRmZjYwMjAxMzkxZjhiOGNlYTp7Il9hdXRoX3VzZXJfaGFzaCI6Ijc2MjEwNWQwMGFlZDgyYzY0YTBmMDEyNjdjYzVhZjRhMmU2MTcwNmMiLCJfYXV0aF91c2VyX2JhY2tlbmQiOiJkamFuZ28uY29udHJpYi5hdXRoLmJhY2tlbmRzLk1vZGVsQmFja2VuZCIsIl9hdXRoX3VzZXJfaWQiOiIxIn0=', '2018-05-30 21:32:53.125023'),
('i4epff0helgqr2v0qwkc2uvi36es2mqj', 'MTcyNzAxYWViYzg0MTUwM2JjOGZjZDRmZjYwMjAxMzkxZjhiOGNlYTp7Il9hdXRoX3VzZXJfaGFzaCI6Ijc2MjEwNWQwMGFlZDgyYzY0YTBmMDEyNjdjYzVhZjRhMmU2MTcwNmMiLCJfYXV0aF91c2VyX2JhY2tlbmQiOiJkamFuZ28uY29udHJpYi5hdXRoLmJhY2tlbmRzLk1vZGVsQmFja2VuZCIsIl9hdXRoX3VzZXJfaWQiOiIxIn0=', '2018-05-18 17:18:38.503157'),
('i4fza4fo4u6pylj1w3ly2iqq9bznbqru', 'NDQ5ZmVjMWFiNzNiNmU0N2E5ZWE2ZGYxMTJkOGE1YTZkZTM0OWJlMzp7fQ==', '2018-05-11 20:10:27.247812'),
('i4vmd44gjhsatitrv1agxj1gekcsprps', 'MTcyNzAxYWViYzg0MTUwM2JjOGZjZDRmZjYwMjAxMzkxZjhiOGNlYTp7Il9hdXRoX3VzZXJfaGFzaCI6Ijc2MjEwNWQwMGFlZDgyYzY0YTBmMDEyNjdjYzVhZjRhMmU2MTcwNmMiLCJfYXV0aF91c2VyX2JhY2tlbmQiOiJkamFuZ28uY29udHJpYi5hdXRoLmJhY2tlbmRzLk1vZGVsQmFja2VuZCIsIl9hdXRoX3VzZXJfaWQiOiIxIn0=', '2018-04-04 04:25:57.292772'),
('i56bizl232a1zsqhsj83m25lgqdeb6if', 'MTcyNzAxYWViYzg0MTUwM2JjOGZjZDRmZjYwMjAxMzkxZjhiOGNlYTp7Il9hdXRoX3VzZXJfaGFzaCI6Ijc2MjEwNWQwMGFlZDgyYzY0YTBmMDEyNjdjYzVhZjRhMmU2MTcwNmMiLCJfYXV0aF91c2VyX2JhY2tlbmQiOiJkamFuZ28uY29udHJpYi5hdXRoLmJhY2tlbmRzLk1vZGVsQmFja2VuZCIsIl9hdXRoX3VzZXJfaWQiOiIxIn0=', '2018-05-31 16:29:18.797294'),
('i5cnsssllxx07tfygzfum8lux23qdgya', 'MTcyNzAxYWViYzg0MTUwM2JjOGZjZDRmZjYwMjAxMzkxZjhiOGNlYTp7Il9hdXRoX3VzZXJfaGFzaCI6Ijc2MjEwNWQwMGFlZDgyYzY0YTBmMDEyNjdjYzVhZjRhMmU2MTcwNmMiLCJfYXV0aF91c2VyX2JhY2tlbmQiOiJkamFuZ28uY29udHJpYi5hdXRoLmJhY2tlbmRzLk1vZGVsQmFja2VuZCIsIl9hdXRoX3VzZXJfaWQiOiIxIn0=', '2018-05-31 03:39:52.202722'),
('i6cia8b3wi88xcpdav1rq4jf6c8p0r7e', 'MTcyNzAxYWViYzg0MTUwM2JjOGZjZDRmZjYwMjAxMzkxZjhiOGNlYTp7Il9hdXRoX3VzZXJfaGFzaCI6Ijc2MjEwNWQwMGFlZDgyYzY0YTBmMDEyNjdjYzVhZjRhMmU2MTcwNmMiLCJfYXV0aF91c2VyX2JhY2tlbmQiOiJkamFuZ28uY29udHJpYi5hdXRoLmJhY2tlbmRzLk1vZGVsQmFja2VuZCIsIl9hdXRoX3VzZXJfaWQiOiIxIn0=', '2018-04-30 20:41:05.106698'),
('i78dlvpoeuldmc65d1vnqqbuu0vvzqzc', 'MTcyNzAxYWViYzg0MTUwM2JjOGZjZDRmZjYwMjAxMzkxZjhiOGNlYTp7Il9hdXRoX3VzZXJfaGFzaCI6Ijc2MjEwNWQwMGFlZDgyYzY0YTBmMDEyNjdjYzVhZjRhMmU2MTcwNmMiLCJfYXV0aF91c2VyX2JhY2tlbmQiOiJkamFuZ28uY29udHJpYi5hdXRoLmJhY2tlbmRzLk1vZGVsQmFja2VuZCIsIl9hdXRoX3VzZXJfaWQiOiIxIn0=', '2018-04-04 18:52:13.688450'),
('i7lkvdx5ukyuwbspvnc0kgxyzgiyrovu', 'MTcyNzAxYWViYzg0MTUwM2JjOGZjZDRmZjYwMjAxMzkxZjhiOGNlYTp7Il9hdXRoX3VzZXJfaGFzaCI6Ijc2MjEwNWQwMGFlZDgyYzY0YTBmMDEyNjdjYzVhZjRhMmU2MTcwNmMiLCJfYXV0aF91c2VyX2JhY2tlbmQiOiJkamFuZ28uY29udHJpYi5hdXRoLmJhY2tlbmRzLk1vZGVsQmFja2VuZCIsIl9hdXRoX3VzZXJfaWQiOiIxIn0=', '2018-05-31 17:29:36.954346'),
('i8ck5p9l86teuo9cj9dyrzcpvzaw41m3', 'MTcyNzAxYWViYzg0MTUwM2JjOGZjZDRmZjYwMjAxMzkxZjhiOGNlYTp7Il9hdXRoX3VzZXJfaGFzaCI6Ijc2MjEwNWQwMGFlZDgyYzY0YTBmMDEyNjdjYzVhZjRhMmU2MTcwNmMiLCJfYXV0aF91c2VyX2JhY2tlbmQiOiJkamFuZ28uY29udHJpYi5hdXRoLmJhY2tlbmRzLk1vZGVsQmFja2VuZCIsIl9hdXRoX3VzZXJfaWQiOiIxIn0=', '2018-05-01 03:21:43.843118'),
('i8ndhlkl1l90xu36ucqgoljm3ss3ohzj', 'MTcyNzAxYWViYzg0MTUwM2JjOGZjZDRmZjYwMjAxMzkxZjhiOGNlYTp7Il9hdXRoX3VzZXJfaGFzaCI6Ijc2MjEwNWQwMGFlZDgyYzY0YTBmMDEyNjdjYzVhZjRhMmU2MTcwNmMiLCJfYXV0aF91c2VyX2JhY2tlbmQiOiJkamFuZ28uY29udHJpYi5hdXRoLmJhY2tlbmRzLk1vZGVsQmFja2VuZCIsIl9hdXRoX3VzZXJfaWQiOiIxIn0=', '2018-04-30 20:31:57.732633'),
('i8x62mn6ot8f1qaql5qjtfkw6apcn8xq', 'MTcyNzAxYWViYzg0MTUwM2JjOGZjZDRmZjYwMjAxMzkxZjhiOGNlYTp7Il9hdXRoX3VzZXJfaGFzaCI6Ijc2MjEwNWQwMGFlZDgyYzY0YTBmMDEyNjdjYzVhZjRhMmU2MTcwNmMiLCJfYXV0aF91c2VyX2JhY2tlbmQiOiJkamFuZ28uY29udHJpYi5hdXRoLmJhY2tlbmRzLk1vZGVsQmFja2VuZCIsIl9hdXRoX3VzZXJfaWQiOiIxIn0=', '2018-04-30 21:41:38.202392'),
('i9obfgw1xj2py8bnudcs9yponygi18n6', 'MTcyNzAxYWViYzg0MTUwM2JjOGZjZDRmZjYwMjAxMzkxZjhiOGNlYTp7Il9hdXRoX3VzZXJfaGFzaCI6Ijc2MjEwNWQwMGFlZDgyYzY0YTBmMDEyNjdjYzVhZjRhMmU2MTcwNmMiLCJfYXV0aF91c2VyX2JhY2tlbmQiOiJkamFuZ28uY29udHJpYi5hdXRoLmJhY2tlbmRzLk1vZGVsQmFja2VuZCIsIl9hdXRoX3VzZXJfaWQiOiIxIn0=', '2018-04-30 22:09:41.111061'),
('icduardsa995natupv0icxlf4hqwpkvx', 'MTcyNzAxYWViYzg0MTUwM2JjOGZjZDRmZjYwMjAxMzkxZjhiOGNlYTp7Il9hdXRoX3VzZXJfaGFzaCI6Ijc2MjEwNWQwMGFlZDgyYzY0YTBmMDEyNjdjYzVhZjRhMmU2MTcwNmMiLCJfYXV0aF91c2VyX2JhY2tlbmQiOiJkamFuZ28uY29udHJpYi5hdXRoLmJhY2tlbmRzLk1vZGVsQmFja2VuZCIsIl9hdXRoX3VzZXJfaWQiOiIxIn0=', '2018-05-31 05:22:35.200578'),
('id1jwt9lfxudy8509dmay8nk271bvf3c', 'MTcyNzAxYWViYzg0MTUwM2JjOGZjZDRmZjYwMjAxMzkxZjhiOGNlYTp7Il9hdXRoX3VzZXJfaGFzaCI6Ijc2MjEwNWQwMGFlZDgyYzY0YTBmMDEyNjdjYzVhZjRhMmU2MTcwNmMiLCJfYXV0aF91c2VyX2JhY2tlbmQiOiJkamFuZ28uY29udHJpYi5hdXRoLmJhY2tlbmRzLk1vZGVsQmFja2VuZCIsIl9hdXRoX3VzZXJfaWQiOiIxIn0=', '2018-04-05 20:52:17.072115'),
('ief1snyk9v4jfw384ja3s4zq0yavxz05', 'MTcyNzAxYWViYzg0MTUwM2JjOGZjZDRmZjYwMjAxMzkxZjhiOGNlYTp7Il9hdXRoX3VzZXJfaGFzaCI6Ijc2MjEwNWQwMGFlZDgyYzY0YTBmMDEyNjdjYzVhZjRhMmU2MTcwNmMiLCJfYXV0aF91c2VyX2JhY2tlbmQiOiJkamFuZ28uY29udHJpYi5hdXRoLmJhY2tlbmRzLk1vZGVsQmFja2VuZCIsIl9hdXRoX3VzZXJfaWQiOiIxIn0=', '2018-05-30 21:33:05.578835'),
('iem7t4jw7d6v35ggp8uj2bigqd6aebql', 'MTcyNzAxYWViYzg0MTUwM2JjOGZjZDRmZjYwMjAxMzkxZjhiOGNlYTp7Il9hdXRoX3VzZXJfaGFzaCI6Ijc2MjEwNWQwMGFlZDgyYzY0YTBmMDEyNjdjYzVhZjRhMmU2MTcwNmMiLCJfYXV0aF91c2VyX2JhY2tlbmQiOiJkamFuZ28uY29udHJpYi5hdXRoLmJhY2tlbmRzLk1vZGVsQmFja2VuZCIsIl9hdXRoX3VzZXJfaWQiOiIxIn0=', '2018-04-04 05:31:56.502586'),
('ifdtig7y6ej2w9hd55d7w322vqw6jvrt', 'MTcyNzAxYWViYzg0MTUwM2JjOGZjZDRmZjYwMjAxMzkxZjhiOGNlYTp7Il9hdXRoX3VzZXJfaGFzaCI6Ijc2MjEwNWQwMGFlZDgyYzY0YTBmMDEyNjdjYzVhZjRhMmU2MTcwNmMiLCJfYXV0aF91c2VyX2JhY2tlbmQiOiJkamFuZ28uY29udHJpYi5hdXRoLmJhY2tlbmRzLk1vZGVsQmFja2VuZCIsIl9hdXRoX3VzZXJfaWQiOiIxIn0=', '2018-05-31 18:02:50.198574'),
('ify0mq1iuebznrj5r1qy3q0a9fpk23qb', 'MTcyNzAxYWViYzg0MTUwM2JjOGZjZDRmZjYwMjAxMzkxZjhiOGNlYTp7Il9hdXRoX3VzZXJfaGFzaCI6Ijc2MjEwNWQwMGFlZDgyYzY0YTBmMDEyNjdjYzVhZjRhMmU2MTcwNmMiLCJfYXV0aF91c2VyX2JhY2tlbmQiOiJkamFuZ28uY29udHJpYi5hdXRoLmJhY2tlbmRzLk1vZGVsQmFja2VuZCIsIl9hdXRoX3VzZXJfaWQiOiIxIn0=', '2018-04-04 18:54:45.441733'),
('ihbna0yrjuugdpg6lvfifuf14m1wgwp3', 'MTcyNzAxYWViYzg0MTUwM2JjOGZjZDRmZjYwMjAxMzkxZjhiOGNlYTp7Il9hdXRoX3VzZXJfaGFzaCI6Ijc2MjEwNWQwMGFlZDgyYzY0YTBmMDEyNjdjYzVhZjRhMmU2MTcwNmMiLCJfYXV0aF91c2VyX2JhY2tlbmQiOiJkamFuZ28uY29udHJpYi5hdXRoLmJhY2tlbmRzLk1vZGVsQmFja2VuZCIsIl9hdXRoX3VzZXJfaWQiOiIxIn0=', '2018-05-31 05:01:04.886932'),
('ii9xyu63ldc2df0c7uea6akqshqr1dva', 'MTcyNzAxYWViYzg0MTUwM2JjOGZjZDRmZjYwMjAxMzkxZjhiOGNlYTp7Il9hdXRoX3VzZXJfaGFzaCI6Ijc2MjEwNWQwMGFlZDgyYzY0YTBmMDEyNjdjYzVhZjRhMmU2MTcwNmMiLCJfYXV0aF91c2VyX2JhY2tlbmQiOiJkamFuZ28uY29udHJpYi5hdXRoLmJhY2tlbmRzLk1vZGVsQmFja2VuZCIsIl9hdXRoX3VzZXJfaWQiOiIxIn0=', '2018-05-31 18:19:51.768490'),
('ijzh63r4gz42vz2x25t9tyn6ge1jftpi', 'MTcyNzAxYWViYzg0MTUwM2JjOGZjZDRmZjYwMjAxMzkxZjhiOGNlYTp7Il9hdXRoX3VzZXJfaGFzaCI6Ijc2MjEwNWQwMGFlZDgyYzY0YTBmMDEyNjdjYzVhZjRhMmU2MTcwNmMiLCJfYXV0aF91c2VyX2JhY2tlbmQiOiJkamFuZ28uY29udHJpYi5hdXRoLmJhY2tlbmRzLk1vZGVsQmFja2VuZCIsIl9hdXRoX3VzZXJfaWQiOiIxIn0=', '2018-04-30 21:55:12.114645'),
('ikfyljooozaug86ddrr5bqmss5ofbzhb', 'MTcyNzAxYWViYzg0MTUwM2JjOGZjZDRmZjYwMjAxMzkxZjhiOGNlYTp7Il9hdXRoX3VzZXJfaGFzaCI6Ijc2MjEwNWQwMGFlZDgyYzY0YTBmMDEyNjdjYzVhZjRhMmU2MTcwNmMiLCJfYXV0aF91c2VyX2JhY2tlbmQiOiJkamFuZ28uY29udHJpYi5hdXRoLmJhY2tlbmRzLk1vZGVsQmFja2VuZCIsIl9hdXRoX3VzZXJfaWQiOiIxIn0=', '2018-05-31 17:30:26.524871'),
('ilx51yb4hmbyavwez4w8agh5c0uo1sbf', 'MTcyNzAxYWViYzg0MTUwM2JjOGZjZDRmZjYwMjAxMzkxZjhiOGNlYTp7Il9hdXRoX3VzZXJfaGFzaCI6Ijc2MjEwNWQwMGFlZDgyYzY0YTBmMDEyNjdjYzVhZjRhMmU2MTcwNmMiLCJfYXV0aF91c2VyX2JhY2tlbmQiOiJkamFuZ28uY29udHJpYi5hdXRoLmJhY2tlbmRzLk1vZGVsQmFja2VuZCIsIl9hdXRoX3VzZXJfaWQiOiIxIn0=', '2018-04-30 20:25:46.792987'),
('imqo9vi3onprkvuml4tnu1gw44hw26pk', 'MTcyNzAxYWViYzg0MTUwM2JjOGZjZDRmZjYwMjAxMzkxZjhiOGNlYTp7Il9hdXRoX3VzZXJfaGFzaCI6Ijc2MjEwNWQwMGFlZDgyYzY0YTBmMDEyNjdjYzVhZjRhMmU2MTcwNmMiLCJfYXV0aF91c2VyX2JhY2tlbmQiOiJkamFuZ28uY29udHJpYi5hdXRoLmJhY2tlbmRzLk1vZGVsQmFja2VuZCIsIl9hdXRoX3VzZXJfaWQiOiIxIn0=', '2018-05-31 04:53:04.629003'),
('imw5wigxh8seqbvlsoll1jq7s3toqcgr', 'MTcyNzAxYWViYzg0MTUwM2JjOGZjZDRmZjYwMjAxMzkxZjhiOGNlYTp7Il9hdXRoX3VzZXJfaGFzaCI6Ijc2MjEwNWQwMGFlZDgyYzY0YTBmMDEyNjdjYzVhZjRhMmU2MTcwNmMiLCJfYXV0aF91c2VyX2JhY2tlbmQiOiJkamFuZ28uY29udHJpYi5hdXRoLmJhY2tlbmRzLk1vZGVsQmFja2VuZCIsIl9hdXRoX3VzZXJfaWQiOiIxIn0=', '2018-05-31 17:54:17.495561'),
('ink5sex9sj4i3s9qeajy64rulzjwto41', 'MTcyNzAxYWViYzg0MTUwM2JjOGZjZDRmZjYwMjAxMzkxZjhiOGNlYTp7Il9hdXRoX3VzZXJfaGFzaCI6Ijc2MjEwNWQwMGFlZDgyYzY0YTBmMDEyNjdjYzVhZjRhMmU2MTcwNmMiLCJfYXV0aF91c2VyX2JhY2tlbmQiOiJkamFuZ28uY29udHJpYi5hdXRoLmJhY2tlbmRzLk1vZGVsQmFja2VuZCIsIl9hdXRoX3VzZXJfaWQiOiIxIn0=', '2018-04-04 18:14:04.522715'),
('iofre6zmj0kddyjy7rmdapj7a5nyzrax', 'MTcyNzAxYWViYzg0MTUwM2JjOGZjZDRmZjYwMjAxMzkxZjhiOGNlYTp7Il9hdXRoX3VzZXJfaGFzaCI6Ijc2MjEwNWQwMGFlZDgyYzY0YTBmMDEyNjdjYzVhZjRhMmU2MTcwNmMiLCJfYXV0aF91c2VyX2JhY2tlbmQiOiJkamFuZ28uY29udHJpYi5hdXRoLmJhY2tlbmRzLk1vZGVsQmFja2VuZCIsIl9hdXRoX3VzZXJfaWQiOiIxIn0=', '2018-05-18 17:48:28.071297'),
('iok04pzy6dioclzkdbcd6a9kuc37fl4y', 'MTcyNzAxYWViYzg0MTUwM2JjOGZjZDRmZjYwMjAxMzkxZjhiOGNlYTp7Il9hdXRoX3VzZXJfaGFzaCI6Ijc2MjEwNWQwMGFlZDgyYzY0YTBmMDEyNjdjYzVhZjRhMmU2MTcwNmMiLCJfYXV0aF91c2VyX2JhY2tlbmQiOiJkamFuZ28uY29udHJpYi5hdXRoLmJhY2tlbmRzLk1vZGVsQmFja2VuZCIsIl9hdXRoX3VzZXJfaWQiOiIxIn0=', '2018-05-18 17:49:14.575466'),
('ip31fo5a8010w7lfchwuenmyxrtchci5', 'MTcyNzAxYWViYzg0MTUwM2JjOGZjZDRmZjYwMjAxMzkxZjhiOGNlYTp7Il9hdXRoX3VzZXJfaGFzaCI6Ijc2MjEwNWQwMGFlZDgyYzY0YTBmMDEyNjdjYzVhZjRhMmU2MTcwNmMiLCJfYXV0aF91c2VyX2JhY2tlbmQiOiJkamFuZ28uY29udHJpYi5hdXRoLmJhY2tlbmRzLk1vZGVsQmFja2VuZCIsIl9hdXRoX3VzZXJfaWQiOiIxIn0=', '2018-04-30 22:10:30.986520'),
('ipj7wj2chw0g7a81tes3lzz5533h65s6', 'MTcyNzAxYWViYzg0MTUwM2JjOGZjZDRmZjYwMjAxMzkxZjhiOGNlYTp7Il9hdXRoX3VzZXJfaGFzaCI6Ijc2MjEwNWQwMGFlZDgyYzY0YTBmMDEyNjdjYzVhZjRhMmU2MTcwNmMiLCJfYXV0aF91c2VyX2JhY2tlbmQiOiJkamFuZ28uY29udHJpYi5hdXRoLmJhY2tlbmRzLk1vZGVsQmFja2VuZCIsIl9hdXRoX3VzZXJfaWQiOiIxIn0=', '2018-04-04 05:56:11.518242'),
('ipz742lsoezel8pkx1tkdflogwv9u5ty', 'MTcyNzAxYWViYzg0MTUwM2JjOGZjZDRmZjYwMjAxMzkxZjhiOGNlYTp7Il9hdXRoX3VzZXJfaGFzaCI6Ijc2MjEwNWQwMGFlZDgyYzY0YTBmMDEyNjdjYzVhZjRhMmU2MTcwNmMiLCJfYXV0aF91c2VyX2JhY2tlbmQiOiJkamFuZ28uY29udHJpYi5hdXRoLmJhY2tlbmRzLk1vZGVsQmFja2VuZCIsIl9hdXRoX3VzZXJfaWQiOiIxIn0=', '2018-04-04 18:04:59.745998'),
('iqelwfiiyrns0dfpevzz596xpgqfetb9', 'MTcyNzAxYWViYzg0MTUwM2JjOGZjZDRmZjYwMjAxMzkxZjhiOGNlYTp7Il9hdXRoX3VzZXJfaGFzaCI6Ijc2MjEwNWQwMGFlZDgyYzY0YTBmMDEyNjdjYzVhZjRhMmU2MTcwNmMiLCJfYXV0aF91c2VyX2JhY2tlbmQiOiJkamFuZ28uY29udHJpYi5hdXRoLmJhY2tlbmRzLk1vZGVsQmFja2VuZCIsIl9hdXRoX3VzZXJfaWQiOiIxIn0=', '2018-05-31 17:53:22.554526'),
('iqv8g4irsmti4kvzpkgse8bh5ndaqz31', 'MTcyNzAxYWViYzg0MTUwM2JjOGZjZDRmZjYwMjAxMzkxZjhiOGNlYTp7Il9hdXRoX3VzZXJfaGFzaCI6Ijc2MjEwNWQwMGFlZDgyYzY0YTBmMDEyNjdjYzVhZjRhMmU2MTcwNmMiLCJfYXV0aF91c2VyX2JhY2tlbmQiOiJkamFuZ28uY29udHJpYi5hdXRoLmJhY2tlbmRzLk1vZGVsQmFja2VuZCIsIl9hdXRoX3VzZXJfaWQiOiIxIn0=', '2018-04-04 04:21:58.480061'),
('irag039k82pbnnlmn3tf893ygoi1uue1', 'MTcyNzAxYWViYzg0MTUwM2JjOGZjZDRmZjYwMjAxMzkxZjhiOGNlYTp7Il9hdXRoX3VzZXJfaGFzaCI6Ijc2MjEwNWQwMGFlZDgyYzY0YTBmMDEyNjdjYzVhZjRhMmU2MTcwNmMiLCJfYXV0aF91c2VyX2JhY2tlbmQiOiJkamFuZ28uY29udHJpYi5hdXRoLmJhY2tlbmRzLk1vZGVsQmFja2VuZCIsIl9hdXRoX3VzZXJfaWQiOiIxIn0=', '2018-04-23 07:02:46.082192'),
('irq4ewelrcncpn0leg1ic4iwvr4uyhd0', 'MTcyNzAxYWViYzg0MTUwM2JjOGZjZDRmZjYwMjAxMzkxZjhiOGNlYTp7Il9hdXRoX3VzZXJfaGFzaCI6Ijc2MjEwNWQwMGFlZDgyYzY0YTBmMDEyNjdjYzVhZjRhMmU2MTcwNmMiLCJfYXV0aF91c2VyX2JhY2tlbmQiOiJkamFuZ28uY29udHJpYi5hdXRoLmJhY2tlbmRzLk1vZGVsQmFja2VuZCIsIl9hdXRoX3VzZXJfaWQiOiIxIn0=', '2018-05-18 19:25:06.898085'),
('iru7pg3z9k53z2etpe3rer080ut5d8u7', 'MTcyNzAxYWViYzg0MTUwM2JjOGZjZDRmZjYwMjAxMzkxZjhiOGNlYTp7Il9hdXRoX3VzZXJfaGFzaCI6Ijc2MjEwNWQwMGFlZDgyYzY0YTBmMDEyNjdjYzVhZjRhMmU2MTcwNmMiLCJfYXV0aF91c2VyX2JhY2tlbmQiOiJkamFuZ28uY29udHJpYi5hdXRoLmJhY2tlbmRzLk1vZGVsQmFja2VuZCIsIl9hdXRoX3VzZXJfaWQiOiIxIn0=', '2018-04-04 18:54:37.968088'),
('irvw51t5iv5vqgrhmwcdosxdnf9r8tx8', 'MTcyNzAxYWViYzg0MTUwM2JjOGZjZDRmZjYwMjAxMzkxZjhiOGNlYTp7Il9hdXRoX3VzZXJfaGFzaCI6Ijc2MjEwNWQwMGFlZDgyYzY0YTBmMDEyNjdjYzVhZjRhMmU2MTcwNmMiLCJfYXV0aF91c2VyX2JhY2tlbmQiOiJkamFuZ28uY29udHJpYi5hdXRoLmJhY2tlbmRzLk1vZGVsQmFja2VuZCIsIl9hdXRoX3VzZXJfaWQiOiIxIn0=', '2018-05-31 18:38:01.186840'),
('isuv18m2ir4rhaw5vjf5efli2i1nad66', 'MTcyNzAxYWViYzg0MTUwM2JjOGZjZDRmZjYwMjAxMzkxZjhiOGNlYTp7Il9hdXRoX3VzZXJfaGFzaCI6Ijc2MjEwNWQwMGFlZDgyYzY0YTBmMDEyNjdjYzVhZjRhMmU2MTcwNmMiLCJfYXV0aF91c2VyX2JhY2tlbmQiOiJkamFuZ28uY29udHJpYi5hdXRoLmJhY2tlbmRzLk1vZGVsQmFja2VuZCIsIl9hdXRoX3VzZXJfaWQiOiIxIn0=', '2018-05-31 05:48:55.033477'),
('iswxe0l6s1379iduzjhww3vdyewns2xi', 'MTcyNzAxYWViYzg0MTUwM2JjOGZjZDRmZjYwMjAxMzkxZjhiOGNlYTp7Il9hdXRoX3VzZXJfaGFzaCI6Ijc2MjEwNWQwMGFlZDgyYzY0YTBmMDEyNjdjYzVhZjRhMmU2MTcwNmMiLCJfYXV0aF91c2VyX2JhY2tlbmQiOiJkamFuZ28uY29udHJpYi5hdXRoLmJhY2tlbmRzLk1vZGVsQmFja2VuZCIsIl9hdXRoX3VzZXJfaWQiOiIxIn0=', '2018-05-18 19:24:41.541057'),
('it3bf2x5l9galobex9vcjuofkyskrd9u', 'MTcyNzAxYWViYzg0MTUwM2JjOGZjZDRmZjYwMjAxMzkxZjhiOGNlYTp7Il9hdXRoX3VzZXJfaGFzaCI6Ijc2MjEwNWQwMGFlZDgyYzY0YTBmMDEyNjdjYzVhZjRhMmU2MTcwNmMiLCJfYXV0aF91c2VyX2JhY2tlbmQiOiJkamFuZ28uY29udHJpYi5hdXRoLmJhY2tlbmRzLk1vZGVsQmFja2VuZCIsIl9hdXRoX3VzZXJfaWQiOiIxIn0=', '2018-04-30 20:55:32.794654'),
('itmq08ikn2wbsg9f2ls4gmt89dsgm69y', 'MTcyNzAxYWViYzg0MTUwM2JjOGZjZDRmZjYwMjAxMzkxZjhiOGNlYTp7Il9hdXRoX3VzZXJfaGFzaCI6Ijc2MjEwNWQwMGFlZDgyYzY0YTBmMDEyNjdjYzVhZjRhMmU2MTcwNmMiLCJfYXV0aF91c2VyX2JhY2tlbmQiOiJkamFuZ28uY29udHJpYi5hdXRoLmJhY2tlbmRzLk1vZGVsQmFja2VuZCIsIl9hdXRoX3VzZXJfaWQiOiIxIn0=', '2018-05-18 17:23:07.019902'),
('iu1qiapet9rmllhom5ikuqinxcpyf1d4', 'MTcyNzAxYWViYzg0MTUwM2JjOGZjZDRmZjYwMjAxMzkxZjhiOGNlYTp7Il9hdXRoX3VzZXJfaGFzaCI6Ijc2MjEwNWQwMGFlZDgyYzY0YTBmMDEyNjdjYzVhZjRhMmU2MTcwNmMiLCJfYXV0aF91c2VyX2JhY2tlbmQiOiJkamFuZ28uY29udHJpYi5hdXRoLmJhY2tlbmRzLk1vZGVsQmFja2VuZCIsIl9hdXRoX3VzZXJfaWQiOiIxIn0=', '2018-04-30 21:50:54.453659'),
('iw2kop8909fsz0enx95exbgg6o7g6tps', 'MTcyNzAxYWViYzg0MTUwM2JjOGZjZDRmZjYwMjAxMzkxZjhiOGNlYTp7Il9hdXRoX3VzZXJfaGFzaCI6Ijc2MjEwNWQwMGFlZDgyYzY0YTBmMDEyNjdjYzVhZjRhMmU2MTcwNmMiLCJfYXV0aF91c2VyX2JhY2tlbmQiOiJkamFuZ28uY29udHJpYi5hdXRoLmJhY2tlbmRzLk1vZGVsQmFja2VuZCIsIl9hdXRoX3VzZXJfaWQiOiIxIn0=', '2018-04-03 06:11:08.744695'),
('ix5c6bfdr9lwewqg4c9ft5hwvgznshgd', 'MTcyNzAxYWViYzg0MTUwM2JjOGZjZDRmZjYwMjAxMzkxZjhiOGNlYTp7Il9hdXRoX3VzZXJfaGFzaCI6Ijc2MjEwNWQwMGFlZDgyYzY0YTBmMDEyNjdjYzVhZjRhMmU2MTcwNmMiLCJfYXV0aF91c2VyX2JhY2tlbmQiOiJkamFuZ28uY29udHJpYi5hdXRoLmJhY2tlbmRzLk1vZGVsQmFja2VuZCIsIl9hdXRoX3VzZXJfaWQiOiIxIn0=', '2018-04-04 18:05:33.646060'),
('ixsp7v0i92o1bh35xu5697avsty85v8a', 'MTcyNzAxYWViYzg0MTUwM2JjOGZjZDRmZjYwMjAxMzkxZjhiOGNlYTp7Il9hdXRoX3VzZXJfaGFzaCI6Ijc2MjEwNWQwMGFlZDgyYzY0YTBmMDEyNjdjYzVhZjRhMmU2MTcwNmMiLCJfYXV0aF91c2VyX2JhY2tlbmQiOiJkamFuZ28uY29udHJpYi5hdXRoLmJhY2tlbmRzLk1vZGVsQmFja2VuZCIsIl9hdXRoX3VzZXJfaWQiOiIxIn0=', '2018-04-30 20:44:28.612141'),
('ixv0400naytlxbwzswsr7ig8de76v3vc', 'MTcyNzAxYWViYzg0MTUwM2JjOGZjZDRmZjYwMjAxMzkxZjhiOGNlYTp7Il9hdXRoX3VzZXJfaGFzaCI6Ijc2MjEwNWQwMGFlZDgyYzY0YTBmMDEyNjdjYzVhZjRhMmU2MTcwNmMiLCJfYXV0aF91c2VyX2JhY2tlbmQiOiJkamFuZ28uY29udHJpYi5hdXRoLmJhY2tlbmRzLk1vZGVsQmFja2VuZCIsIl9hdXRoX3VzZXJfaWQiOiIxIn0=', '2018-04-30 22:07:41.961592'),
('ixz5aaa7abpz9xnzvmoue7i52zl1loct', 'MTcyNzAxYWViYzg0MTUwM2JjOGZjZDRmZjYwMjAxMzkxZjhiOGNlYTp7Il9hdXRoX3VzZXJfaGFzaCI6Ijc2MjEwNWQwMGFlZDgyYzY0YTBmMDEyNjdjYzVhZjRhMmU2MTcwNmMiLCJfYXV0aF91c2VyX2JhY2tlbmQiOiJkamFuZ28uY29udHJpYi5hdXRoLmJhY2tlbmRzLk1vZGVsQmFja2VuZCIsIl9hdXRoX3VzZXJfaWQiOiIxIn0=', '2018-05-31 04:32:48.335212'),
('iycorebxpt5a0mbrfump8692xttx10u1', 'MTcyNzAxYWViYzg0MTUwM2JjOGZjZDRmZjYwMjAxMzkxZjhiOGNlYTp7Il9hdXRoX3VzZXJfaGFzaCI6Ijc2MjEwNWQwMGFlZDgyYzY0YTBmMDEyNjdjYzVhZjRhMmU2MTcwNmMiLCJfYXV0aF91c2VyX2JhY2tlbmQiOiJkamFuZ28uY29udHJpYi5hdXRoLmJhY2tlbmRzLk1vZGVsQmFja2VuZCIsIl9hdXRoX3VzZXJfaWQiOiIxIn0=', '2018-05-18 17:32:44.964091'),
('izb0k7k1usic29u61mlusbakxaze4rkt', 'MTcyNzAxYWViYzg0MTUwM2JjOGZjZDRmZjYwMjAxMzkxZjhiOGNlYTp7Il9hdXRoX3VzZXJfaGFzaCI6Ijc2MjEwNWQwMGFlZDgyYzY0YTBmMDEyNjdjYzVhZjRhMmU2MTcwNmMiLCJfYXV0aF91c2VyX2JhY2tlbmQiOiJkamFuZ28uY29udHJpYi5hdXRoLmJhY2tlbmRzLk1vZGVsQmFja2VuZCIsIl9hdXRoX3VzZXJfaWQiOiIxIn0=', '2018-05-18 17:30:22.028608'),
('j1734utopshpvsiq9uul4zhtejcc9bkk', 'MTcyNzAxYWViYzg0MTUwM2JjOGZjZDRmZjYwMjAxMzkxZjhiOGNlYTp7Il9hdXRoX3VzZXJfaGFzaCI6Ijc2MjEwNWQwMGFlZDgyYzY0YTBmMDEyNjdjYzVhZjRhMmU2MTcwNmMiLCJfYXV0aF91c2VyX2JhY2tlbmQiOiJkamFuZ28uY29udHJpYi5hdXRoLmJhY2tlbmRzLk1vZGVsQmFja2VuZCIsIl9hdXRoX3VzZXJfaWQiOiIxIn0=', '2018-04-30 21:59:28.034325'),
('j1qgvkf66l5j6h8uwtc31vfd88xf6vtg', 'MTcyNzAxYWViYzg0MTUwM2JjOGZjZDRmZjYwMjAxMzkxZjhiOGNlYTp7Il9hdXRoX3VzZXJfaGFzaCI6Ijc2MjEwNWQwMGFlZDgyYzY0YTBmMDEyNjdjYzVhZjRhMmU2MTcwNmMiLCJfYXV0aF91c2VyX2JhY2tlbmQiOiJkamFuZ28uY29udHJpYi5hdXRoLmJhY2tlbmRzLk1vZGVsQmFja2VuZCIsIl9hdXRoX3VzZXJfaWQiOiIxIn0=', '2018-04-05 20:52:13.629400'),
('j2msrwtynilzjowm4hp9okmxoatr4991', 'MTcyNzAxYWViYzg0MTUwM2JjOGZjZDRmZjYwMjAxMzkxZjhiOGNlYTp7Il9hdXRoX3VzZXJfaGFzaCI6Ijc2MjEwNWQwMGFlZDgyYzY0YTBmMDEyNjdjYzVhZjRhMmU2MTcwNmMiLCJfYXV0aF91c2VyX2JhY2tlbmQiOiJkamFuZ28uY29udHJpYi5hdXRoLmJhY2tlbmRzLk1vZGVsQmFja2VuZCIsIl9hdXRoX3VzZXJfaWQiOiIxIn0=', '2018-05-31 05:27:38.207212'),
('j3t96z2zaodtibxulvk3dpxk67d837g9', 'MTcyNzAxYWViYzg0MTUwM2JjOGZjZDRmZjYwMjAxMzkxZjhiOGNlYTp7Il9hdXRoX3VzZXJfaGFzaCI6Ijc2MjEwNWQwMGFlZDgyYzY0YTBmMDEyNjdjYzVhZjRhMmU2MTcwNmMiLCJfYXV0aF91c2VyX2JhY2tlbmQiOiJkamFuZ28uY29udHJpYi5hdXRoLmJhY2tlbmRzLk1vZGVsQmFja2VuZCIsIl9hdXRoX3VzZXJfaWQiOiIxIn0=', '2018-04-04 18:54:21.585894'),
('j4ak8lv3vbadiw9fxnr59fbkx2r6sjp7', 'MTcyNzAxYWViYzg0MTUwM2JjOGZjZDRmZjYwMjAxMzkxZjhiOGNlYTp7Il9hdXRoX3VzZXJfaGFzaCI6Ijc2MjEwNWQwMGFlZDgyYzY0YTBmMDEyNjdjYzVhZjRhMmU2MTcwNmMiLCJfYXV0aF91c2VyX2JhY2tlbmQiOiJkamFuZ28uY29udHJpYi5hdXRoLmJhY2tlbmRzLk1vZGVsQmFja2VuZCIsIl9hdXRoX3VzZXJfaWQiOiIxIn0=', '2018-04-04 18:10:48.622601'),
('j4f1wva3pohrv2vyf16iuls3q52ulpc6', 'MTcyNzAxYWViYzg0MTUwM2JjOGZjZDRmZjYwMjAxMzkxZjhiOGNlYTp7Il9hdXRoX3VzZXJfaGFzaCI6Ijc2MjEwNWQwMGFlZDgyYzY0YTBmMDEyNjdjYzVhZjRhMmU2MTcwNmMiLCJfYXV0aF91c2VyX2JhY2tlbmQiOiJkamFuZ28uY29udHJpYi5hdXRoLmJhY2tlbmRzLk1vZGVsQmFja2VuZCIsIl9hdXRoX3VzZXJfaWQiOiIxIn0=', '2018-04-04 05:34:24.456479'),
('j7m8c6xs41o22amgloowu155sszfm7ov', 'MTcyNzAxYWViYzg0MTUwM2JjOGZjZDRmZjYwMjAxMzkxZjhiOGNlYTp7Il9hdXRoX3VzZXJfaGFzaCI6Ijc2MjEwNWQwMGFlZDgyYzY0YTBmMDEyNjdjYzVhZjRhMmU2MTcwNmMiLCJfYXV0aF91c2VyX2JhY2tlbmQiOiJkamFuZ28uY29udHJpYi5hdXRoLmJhY2tlbmRzLk1vZGVsQmFja2VuZCIsIl9hdXRoX3VzZXJfaWQiOiIxIn0=', '2018-05-31 18:31:11.814402'),
('j7zawtw28i7255rg7wqppz5vih2h8zd7', 'MTcyNzAxYWViYzg0MTUwM2JjOGZjZDRmZjYwMjAxMzkxZjhiOGNlYTp7Il9hdXRoX3VzZXJfaGFzaCI6Ijc2MjEwNWQwMGFlZDgyYzY0YTBmMDEyNjdjYzVhZjRhMmU2MTcwNmMiLCJfYXV0aF91c2VyX2JhY2tlbmQiOiJkamFuZ28uY29udHJpYi5hdXRoLmJhY2tlbmRzLk1vZGVsQmFja2VuZCIsIl9hdXRoX3VzZXJfaWQiOiIxIn0=', '2018-05-01 03:56:32.003439'),
('j8du9qgl37xzefjvkdt0fdewv7zcrvmm', 'MTcyNzAxYWViYzg0MTUwM2JjOGZjZDRmZjYwMjAxMzkxZjhiOGNlYTp7Il9hdXRoX3VzZXJfaGFzaCI6Ijc2MjEwNWQwMGFlZDgyYzY0YTBmMDEyNjdjYzVhZjRhMmU2MTcwNmMiLCJfYXV0aF91c2VyX2JhY2tlbmQiOiJkamFuZ28uY29udHJpYi5hdXRoLmJhY2tlbmRzLk1vZGVsQmFja2VuZCIsIl9hdXRoX3VzZXJfaWQiOiIxIn0=', '2018-05-31 05:47:24.679981'),
('j8edz5h4bdlolc0s9gpy0peatkintf5v', 'MTcyNzAxYWViYzg0MTUwM2JjOGZjZDRmZjYwMjAxMzkxZjhiOGNlYTp7Il9hdXRoX3VzZXJfaGFzaCI6Ijc2MjEwNWQwMGFlZDgyYzY0YTBmMDEyNjdjYzVhZjRhMmU2MTcwNmMiLCJfYXV0aF91c2VyX2JhY2tlbmQiOiJkamFuZ28uY29udHJpYi5hdXRoLmJhY2tlbmRzLk1vZGVsQmFja2VuZCIsIl9hdXRoX3VzZXJfaWQiOiIxIn0=', '2018-05-31 17:44:09.076316'),
('j8pbyeg0kccsz7s0uyvk6ioj6p2tn1xr', 'MTcyNzAxYWViYzg0MTUwM2JjOGZjZDRmZjYwMjAxMzkxZjhiOGNlYTp7Il9hdXRoX3VzZXJfaGFzaCI6Ijc2MjEwNWQwMGFlZDgyYzY0YTBmMDEyNjdjYzVhZjRhMmU2MTcwNmMiLCJfYXV0aF91c2VyX2JhY2tlbmQiOiJkamFuZ28uY29udHJpYi5hdXRoLmJhY2tlbmRzLk1vZGVsQmFja2VuZCIsIl9hdXRoX3VzZXJfaWQiOiIxIn0=', '2018-04-30 20:04:53.500953'),
('j91i9yhx1kejq5iplwwx3o4b8yquewms', 'MTcyNzAxYWViYzg0MTUwM2JjOGZjZDRmZjYwMjAxMzkxZjhiOGNlYTp7Il9hdXRoX3VzZXJfaGFzaCI6Ijc2MjEwNWQwMGFlZDgyYzY0YTBmMDEyNjdjYzVhZjRhMmU2MTcwNmMiLCJfYXV0aF91c2VyX2JhY2tlbmQiOiJkamFuZ28uY29udHJpYi5hdXRoLmJhY2tlbmRzLk1vZGVsQmFja2VuZCIsIl9hdXRoX3VzZXJfaWQiOiIxIn0=', '2018-05-31 04:47:08.455087'),
('j94e2ad6klb1y23ysczj8bw53bkopetm', 'MTcyNzAxYWViYzg0MTUwM2JjOGZjZDRmZjYwMjAxMzkxZjhiOGNlYTp7Il9hdXRoX3VzZXJfaGFzaCI6Ijc2MjEwNWQwMGFlZDgyYzY0YTBmMDEyNjdjYzVhZjRhMmU2MTcwNmMiLCJfYXV0aF91c2VyX2JhY2tlbmQiOiJkamFuZ28uY29udHJpYi5hdXRoLmJhY2tlbmRzLk1vZGVsQmFja2VuZCIsIl9hdXRoX3VzZXJfaWQiOiIxIn0=', '2018-05-18 17:34:20.811231'),
('j9kqgtpc28mq9k2gvxacm2mx79d56n4x', 'MTcyNzAxYWViYzg0MTUwM2JjOGZjZDRmZjYwMjAxMzkxZjhiOGNlYTp7Il9hdXRoX3VzZXJfaGFzaCI6Ijc2MjEwNWQwMGFlZDgyYzY0YTBmMDEyNjdjYzVhZjRhMmU2MTcwNmMiLCJfYXV0aF91c2VyX2JhY2tlbmQiOiJkamFuZ28uY29udHJpYi5hdXRoLmJhY2tlbmRzLk1vZGVsQmFja2VuZCIsIl9hdXRoX3VzZXJfaWQiOiIxIn0=', '2018-05-31 04:27:53.063190'),
('jabpu7rrvquuiaqqrzge779gtuwyiax6', 'MTcyNzAxYWViYzg0MTUwM2JjOGZjZDRmZjYwMjAxMzkxZjhiOGNlYTp7Il9hdXRoX3VzZXJfaGFzaCI6Ijc2MjEwNWQwMGFlZDgyYzY0YTBmMDEyNjdjYzVhZjRhMmU2MTcwNmMiLCJfYXV0aF91c2VyX2JhY2tlbmQiOiJkamFuZ28uY29udHJpYi5hdXRoLmJhY2tlbmRzLk1vZGVsQmFja2VuZCIsIl9hdXRoX3VzZXJfaWQiOiIxIn0=', '2018-04-30 19:57:28.974003'),
('jb8tjh3ey5i4crtz99fowhc0f0rjs976', 'MTcyNzAxYWViYzg0MTUwM2JjOGZjZDRmZjYwMjAxMzkxZjhiOGNlYTp7Il9hdXRoX3VzZXJfaGFzaCI6Ijc2MjEwNWQwMGFlZDgyYzY0YTBmMDEyNjdjYzVhZjRhMmU2MTcwNmMiLCJfYXV0aF91c2VyX2JhY2tlbmQiOiJkamFuZ28uY29udHJpYi5hdXRoLmJhY2tlbmRzLk1vZGVsQmFja2VuZCIsIl9hdXRoX3VzZXJfaWQiOiIxIn0=', '2018-04-30 20:44:17.213238'),
('jbokjtxn7gwf4p77kcehjxszki14ziqq', 'MTcyNzAxYWViYzg0MTUwM2JjOGZjZDRmZjYwMjAxMzkxZjhiOGNlYTp7Il9hdXRoX3VzZXJfaGFzaCI6Ijc2MjEwNWQwMGFlZDgyYzY0YTBmMDEyNjdjYzVhZjRhMmU2MTcwNmMiLCJfYXV0aF91c2VyX2JhY2tlbmQiOiJkamFuZ28uY29udHJpYi5hdXRoLmJhY2tlbmRzLk1vZGVsQmFja2VuZCIsIl9hdXRoX3VzZXJfaWQiOiIxIn0=', '2018-05-31 05:35:19.745235'),
('jbx5qqipg9ujobcr6tkmy5td3q2r1so2', 'MTcyNzAxYWViYzg0MTUwM2JjOGZjZDRmZjYwMjAxMzkxZjhiOGNlYTp7Il9hdXRoX3VzZXJfaGFzaCI6Ijc2MjEwNWQwMGFlZDgyYzY0YTBmMDEyNjdjYzVhZjRhMmU2MTcwNmMiLCJfYXV0aF91c2VyX2JhY2tlbmQiOiJkamFuZ28uY29udHJpYi5hdXRoLmJhY2tlbmRzLk1vZGVsQmFja2VuZCIsIl9hdXRoX3VzZXJfaWQiOiIxIn0=', '2018-05-31 18:43:25.398754'),
('jc36gbijmqjlwctj8eio56rgrusqqstc', 'MTcyNzAxYWViYzg0MTUwM2JjOGZjZDRmZjYwMjAxMzkxZjhiOGNlYTp7Il9hdXRoX3VzZXJfaGFzaCI6Ijc2MjEwNWQwMGFlZDgyYzY0YTBmMDEyNjdjYzVhZjRhMmU2MTcwNmMiLCJfYXV0aF91c2VyX2JhY2tlbmQiOiJkamFuZ28uY29udHJpYi5hdXRoLmJhY2tlbmRzLk1vZGVsQmFja2VuZCIsIl9hdXRoX3VzZXJfaWQiOiIxIn0=', '2018-04-30 21:07:30.747154'),
('jc9rizgdmnshkgs1ozlq367cnrjs8y85', 'MTcyNzAxYWViYzg0MTUwM2JjOGZjZDRmZjYwMjAxMzkxZjhiOGNlYTp7Il9hdXRoX3VzZXJfaGFzaCI6Ijc2MjEwNWQwMGFlZDgyYzY0YTBmMDEyNjdjYzVhZjRhMmU2MTcwNmMiLCJfYXV0aF91c2VyX2JhY2tlbmQiOiJkamFuZ28uY29udHJpYi5hdXRoLmJhY2tlbmRzLk1vZGVsQmFja2VuZCIsIl9hdXRoX3VzZXJfaWQiOiIxIn0=', '2018-05-31 04:36:53.324240'),
('jczxps6y7r1ibibjae1dwm8bccguj7rv', 'MTcyNzAxYWViYzg0MTUwM2JjOGZjZDRmZjYwMjAxMzkxZjhiOGNlYTp7Il9hdXRoX3VzZXJfaGFzaCI6Ijc2MjEwNWQwMGFlZDgyYzY0YTBmMDEyNjdjYzVhZjRhMmU2MTcwNmMiLCJfYXV0aF91c2VyX2JhY2tlbmQiOiJkamFuZ28uY29udHJpYi5hdXRoLmJhY2tlbmRzLk1vZGVsQmFja2VuZCIsIl9hdXRoX3VzZXJfaWQiOiIxIn0=', '2018-05-31 04:31:16.741975'),
('jduf8s2a6l2p1k3djevgmcuaarpihh1r', 'MTcyNzAxYWViYzg0MTUwM2JjOGZjZDRmZjYwMjAxMzkxZjhiOGNlYTp7Il9hdXRoX3VzZXJfaGFzaCI6Ijc2MjEwNWQwMGFlZDgyYzY0YTBmMDEyNjdjYzVhZjRhMmU2MTcwNmMiLCJfYXV0aF91c2VyX2JhY2tlbmQiOiJkamFuZ28uY29udHJpYi5hdXRoLmJhY2tlbmRzLk1vZGVsQmFja2VuZCIsIl9hdXRoX3VzZXJfaWQiOiIxIn0=', '2018-04-30 21:55:17.727317'),
('jf14raupt9epzcacg9sa18e4fk98n97u', 'MTcyNzAxYWViYzg0MTUwM2JjOGZjZDRmZjYwMjAxMzkxZjhiOGNlYTp7Il9hdXRoX3VzZXJfaGFzaCI6Ijc2MjEwNWQwMGFlZDgyYzY0YTBmMDEyNjdjYzVhZjRhMmU2MTcwNmMiLCJfYXV0aF91c2VyX2JhY2tlbmQiOiJkamFuZ28uY29udHJpYi5hdXRoLmJhY2tlbmRzLk1vZGVsQmFja2VuZCIsIl9hdXRoX3VzZXJfaWQiOiIxIn0=', '2018-05-30 21:08:01.324999'),
('jfd85nc1dftrkesxlnbyk81c6hic996v', 'MTcyNzAxYWViYzg0MTUwM2JjOGZjZDRmZjYwMjAxMzkxZjhiOGNlYTp7Il9hdXRoX3VzZXJfaGFzaCI6Ijc2MjEwNWQwMGFlZDgyYzY0YTBmMDEyNjdjYzVhZjRhMmU2MTcwNmMiLCJfYXV0aF91c2VyX2JhY2tlbmQiOiJkamFuZ28uY29udHJpYi5hdXRoLmJhY2tlbmRzLk1vZGVsQmFja2VuZCIsIl9hdXRoX3VzZXJfaWQiOiIxIn0=', '2018-05-31 18:04:56.557004'),
('jgag95ss8qhfbukrx5ejlxcnsw4cv9yz', 'MTcyNzAxYWViYzg0MTUwM2JjOGZjZDRmZjYwMjAxMzkxZjhiOGNlYTp7Il9hdXRoX3VzZXJfaGFzaCI6Ijc2MjEwNWQwMGFlZDgyYzY0YTBmMDEyNjdjYzVhZjRhMmU2MTcwNmMiLCJfYXV0aF91c2VyX2JhY2tlbmQiOiJkamFuZ28uY29udHJpYi5hdXRoLmJhY2tlbmRzLk1vZGVsQmFja2VuZCIsIl9hdXRoX3VzZXJfaWQiOiIxIn0=', '2018-05-31 17:01:34.159742'),
('jh6mqyznle2mat00n2l6mkm9zrabcj5i', 'MTcyNzAxYWViYzg0MTUwM2JjOGZjZDRmZjYwMjAxMzkxZjhiOGNlYTp7Il9hdXRoX3VzZXJfaGFzaCI6Ijc2MjEwNWQwMGFlZDgyYzY0YTBmMDEyNjdjYzVhZjRhMmU2MTcwNmMiLCJfYXV0aF91c2VyX2JhY2tlbmQiOiJkamFuZ28uY29udHJpYi5hdXRoLmJhY2tlbmRzLk1vZGVsQmFja2VuZCIsIl9hdXRoX3VzZXJfaWQiOiIxIn0=', '2018-05-31 18:39:52.325410'),
('jhjh0wrtt6qt4s1g5wwqg8itn9xsp7c0', 'MTcyNzAxYWViYzg0MTUwM2JjOGZjZDRmZjYwMjAxMzkxZjhiOGNlYTp7Il9hdXRoX3VzZXJfaGFzaCI6Ijc2MjEwNWQwMGFlZDgyYzY0YTBmMDEyNjdjYzVhZjRhMmU2MTcwNmMiLCJfYXV0aF91c2VyX2JhY2tlbmQiOiJkamFuZ28uY29udHJpYi5hdXRoLmJhY2tlbmRzLk1vZGVsQmFja2VuZCIsIl9hdXRoX3VzZXJfaWQiOiIxIn0=', '2018-05-01 03:18:24.475587'),
('jhou3ohg4jdelmt37tr73yevfcilonl5', 'MTcyNzAxYWViYzg0MTUwM2JjOGZjZDRmZjYwMjAxMzkxZjhiOGNlYTp7Il9hdXRoX3VzZXJfaGFzaCI6Ijc2MjEwNWQwMGFlZDgyYzY0YTBmMDEyNjdjYzVhZjRhMmU2MTcwNmMiLCJfYXV0aF91c2VyX2JhY2tlbmQiOiJkamFuZ28uY29udHJpYi5hdXRoLmJhY2tlbmRzLk1vZGVsQmFja2VuZCIsIl9hdXRoX3VzZXJfaWQiOiIxIn0=', '2018-05-18 17:54:07.132309'),
('jile7xgfwza445qe34644dhmzm53x568', 'MTcyNzAxYWViYzg0MTUwM2JjOGZjZDRmZjYwMjAxMzkxZjhiOGNlYTp7Il9hdXRoX3VzZXJfaGFzaCI6Ijc2MjEwNWQwMGFlZDgyYzY0YTBmMDEyNjdjYzVhZjRhMmU2MTcwNmMiLCJfYXV0aF91c2VyX2JhY2tlbmQiOiJkamFuZ28uY29udHJpYi5hdXRoLmJhY2tlbmRzLk1vZGVsQmFja2VuZCIsIl9hdXRoX3VzZXJfaWQiOiIxIn0=', '2018-04-04 04:26:05.111045'),
('jino8ft9v3cnnbd2f573dzqdmq8aahfr', 'MTcyNzAxYWViYzg0MTUwM2JjOGZjZDRmZjYwMjAxMzkxZjhiOGNlYTp7Il9hdXRoX3VzZXJfaGFzaCI6Ijc2MjEwNWQwMGFlZDgyYzY0YTBmMDEyNjdjYzVhZjRhMmU2MTcwNmMiLCJfYXV0aF91c2VyX2JhY2tlbmQiOiJkamFuZ28uY29udHJpYi5hdXRoLmJhY2tlbmRzLk1vZGVsQmFja2VuZCIsIl9hdXRoX3VzZXJfaWQiOiIxIn0=', '2018-04-04 05:30:43.247478'),
('jitkggil8tfxa1ldmu5ynjhc29i81mss', 'MTcyNzAxYWViYzg0MTUwM2JjOGZjZDRmZjYwMjAxMzkxZjhiOGNlYTp7Il9hdXRoX3VzZXJfaGFzaCI6Ijc2MjEwNWQwMGFlZDgyYzY0YTBmMDEyNjdjYzVhZjRhMmU2MTcwNmMiLCJfYXV0aF91c2VyX2JhY2tlbmQiOiJkamFuZ28uY29udHJpYi5hdXRoLmJhY2tlbmRzLk1vZGVsQmFja2VuZCIsIl9hdXRoX3VzZXJfaWQiOiIxIn0=', '2018-04-23 07:03:03.591987'),
('jjworu9lsovpbod6qjgrrueslzkrvt2a', 'MTcyNzAxYWViYzg0MTUwM2JjOGZjZDRmZjYwMjAxMzkxZjhiOGNlYTp7Il9hdXRoX3VzZXJfaGFzaCI6Ijc2MjEwNWQwMGFlZDgyYzY0YTBmMDEyNjdjYzVhZjRhMmU2MTcwNmMiLCJfYXV0aF91c2VyX2JhY2tlbmQiOiJkamFuZ28uY29udHJpYi5hdXRoLmJhY2tlbmRzLk1vZGVsQmFja2VuZCIsIl9hdXRoX3VzZXJfaWQiOiIxIn0=', '2018-05-30 21:06:21.652533'),
('jk94hjnl9gycutfatbhbgyjw1y8bu4a0', 'MTcyNzAxYWViYzg0MTUwM2JjOGZjZDRmZjYwMjAxMzkxZjhiOGNlYTp7Il9hdXRoX3VzZXJfaGFzaCI6Ijc2MjEwNWQwMGFlZDgyYzY0YTBmMDEyNjdjYzVhZjRhMmU2MTcwNmMiLCJfYXV0aF91c2VyX2JhY2tlbmQiOiJkamFuZ28uY29udHJpYi5hdXRoLmJhY2tlbmRzLk1vZGVsQmFja2VuZCIsIl9hdXRoX3VzZXJfaWQiOiIxIn0=', '2018-05-18 17:54:28.640036'),
('jke26z3czjymvgbak089ed6wyrl93t57', 'MTcyNzAxYWViYzg0MTUwM2JjOGZjZDRmZjYwMjAxMzkxZjhiOGNlYTp7Il9hdXRoX3VzZXJfaGFzaCI6Ijc2MjEwNWQwMGFlZDgyYzY0YTBmMDEyNjdjYzVhZjRhMmU2MTcwNmMiLCJfYXV0aF91c2VyX2JhY2tlbmQiOiJkamFuZ28uY29udHJpYi5hdXRoLmJhY2tlbmRzLk1vZGVsQmFja2VuZCIsIl9hdXRoX3VzZXJfaWQiOiIxIn0=', '2018-04-03 16:02:16.699632'),
('jm6idfglvh4ih0jes40r2pgq06lsj3x8', 'MTcyNzAxYWViYzg0MTUwM2JjOGZjZDRmZjYwMjAxMzkxZjhiOGNlYTp7Il9hdXRoX3VzZXJfaGFzaCI6Ijc2MjEwNWQwMGFlZDgyYzY0YTBmMDEyNjdjYzVhZjRhMmU2MTcwNmMiLCJfYXV0aF91c2VyX2JhY2tlbmQiOiJkamFuZ28uY29udHJpYi5hdXRoLmJhY2tlbmRzLk1vZGVsQmFja2VuZCIsIl9hdXRoX3VzZXJfaWQiOiIxIn0=', '2018-04-30 20:09:15.697510'),
('jm7impcm10ua0e2o8rgc0azavhq79wue', 'MTcyNzAxYWViYzg0MTUwM2JjOGZjZDRmZjYwMjAxMzkxZjhiOGNlYTp7Il9hdXRoX3VzZXJfaGFzaCI6Ijc2MjEwNWQwMGFlZDgyYzY0YTBmMDEyNjdjYzVhZjRhMmU2MTcwNmMiLCJfYXV0aF91c2VyX2JhY2tlbmQiOiJkamFuZ28uY29udHJpYi5hdXRoLmJhY2tlbmRzLk1vZGVsQmFja2VuZCIsIl9hdXRoX3VzZXJfaWQiOiIxIn0=', '2018-05-31 04:24:39.392116'),
('jmwmm52524w2h9vc6nirfcimycr519sd', 'MTcyNzAxYWViYzg0MTUwM2JjOGZjZDRmZjYwMjAxMzkxZjhiOGNlYTp7Il9hdXRoX3VzZXJfaGFzaCI6Ijc2MjEwNWQwMGFlZDgyYzY0YTBmMDEyNjdjYzVhZjRhMmU2MTcwNmMiLCJfYXV0aF91c2VyX2JhY2tlbmQiOiJkamFuZ28uY29udHJpYi5hdXRoLmJhY2tlbmRzLk1vZGVsQmFja2VuZCIsIl9hdXRoX3VzZXJfaWQiOiIxIn0=', '2018-05-31 05:22:16.764174'),
('jn8mxo6i3ib5wnybbil14rk3ruffyn8f', 'MTcyNzAxYWViYzg0MTUwM2JjOGZjZDRmZjYwMjAxMzkxZjhiOGNlYTp7Il9hdXRoX3VzZXJfaGFzaCI6Ijc2MjEwNWQwMGFlZDgyYzY0YTBmMDEyNjdjYzVhZjRhMmU2MTcwNmMiLCJfYXV0aF91c2VyX2JhY2tlbmQiOiJkamFuZ28uY29udHJpYi5hdXRoLmJhY2tlbmRzLk1vZGVsQmFja2VuZCIsIl9hdXRoX3VzZXJfaWQiOiIxIn0=', '2018-04-04 03:46:10.956821'),
('jn8nvm8w7meyyp0x92237id6uc7u89tj', 'MTcyNzAxYWViYzg0MTUwM2JjOGZjZDRmZjYwMjAxMzkxZjhiOGNlYTp7Il9hdXRoX3VzZXJfaGFzaCI6Ijc2MjEwNWQwMGFlZDgyYzY0YTBmMDEyNjdjYzVhZjRhMmU2MTcwNmMiLCJfYXV0aF91c2VyX2JhY2tlbmQiOiJkamFuZ28uY29udHJpYi5hdXRoLmJhY2tlbmRzLk1vZGVsQmFja2VuZCIsIl9hdXRoX3VzZXJfaWQiOiIxIn0=', '2018-05-31 17:16:59.412722'),
('jngtckcc8lgi4wwlm61gnuylsnfnug5p', 'MTcyNzAxYWViYzg0MTUwM2JjOGZjZDRmZjYwMjAxMzkxZjhiOGNlYTp7Il9hdXRoX3VzZXJfaGFzaCI6Ijc2MjEwNWQwMGFlZDgyYzY0YTBmMDEyNjdjYzVhZjRhMmU2MTcwNmMiLCJfYXV0aF91c2VyX2JhY2tlbmQiOiJkamFuZ28uY29udHJpYi5hdXRoLmJhY2tlbmRzLk1vZGVsQmFja2VuZCIsIl9hdXRoX3VzZXJfaWQiOiIxIn0=', '2018-05-31 05:28:07.473094'),
('jo2j2jm0urn4ob4gf1mh1yqfkcc5koxg', 'MTcyNzAxYWViYzg0MTUwM2JjOGZjZDRmZjYwMjAxMzkxZjhiOGNlYTp7Il9hdXRoX3VzZXJfaGFzaCI6Ijc2MjEwNWQwMGFlZDgyYzY0YTBmMDEyNjdjYzVhZjRhMmU2MTcwNmMiLCJfYXV0aF91c2VyX2JhY2tlbmQiOiJkamFuZ28uY29udHJpYi5hdXRoLmJhY2tlbmRzLk1vZGVsQmFja2VuZCIsIl9hdXRoX3VzZXJfaWQiOiIxIn0=', '2018-05-31 18:03:04.696279'),
('jpkk925v61yzwqfjsjfucjalkaoas0zn', 'MTcyNzAxYWViYzg0MTUwM2JjOGZjZDRmZjYwMjAxMzkxZjhiOGNlYTp7Il9hdXRoX3VzZXJfaGFzaCI6Ijc2MjEwNWQwMGFlZDgyYzY0YTBmMDEyNjdjYzVhZjRhMmU2MTcwNmMiLCJfYXV0aF91c2VyX2JhY2tlbmQiOiJkamFuZ28uY29udHJpYi5hdXRoLmJhY2tlbmRzLk1vZGVsQmFja2VuZCIsIl9hdXRoX3VzZXJfaWQiOiIxIn0=', '2018-05-01 03:39:25.114025'),
('jpqrhmpkfu712pq7ldr18ikf34wggfh4', 'MTcyNzAxYWViYzg0MTUwM2JjOGZjZDRmZjYwMjAxMzkxZjhiOGNlYTp7Il9hdXRoX3VzZXJfaGFzaCI6Ijc2MjEwNWQwMGFlZDgyYzY0YTBmMDEyNjdjYzVhZjRhMmU2MTcwNmMiLCJfYXV0aF91c2VyX2JhY2tlbmQiOiJkamFuZ28uY29udHJpYi5hdXRoLmJhY2tlbmRzLk1vZGVsQmFja2VuZCIsIl9hdXRoX3VzZXJfaWQiOiIxIn0=', '2018-05-31 17:10:49.996987'),
('jpu197n2rfpzwlnnx9kd2182yrh65nlt', 'MTcyNzAxYWViYzg0MTUwM2JjOGZjZDRmZjYwMjAxMzkxZjhiOGNlYTp7Il9hdXRoX3VzZXJfaGFzaCI6Ijc2MjEwNWQwMGFlZDgyYzY0YTBmMDEyNjdjYzVhZjRhMmU2MTcwNmMiLCJfYXV0aF91c2VyX2JhY2tlbmQiOiJkamFuZ28uY29udHJpYi5hdXRoLmJhY2tlbmRzLk1vZGVsQmFja2VuZCIsIl9hdXRoX3VzZXJfaWQiOiIxIn0=', '2018-05-31 18:18:33.019188'),
('jquxspdty2thaqawgzybtzgd32a93aur', 'MTcyNzAxYWViYzg0MTUwM2JjOGZjZDRmZjYwMjAxMzkxZjhiOGNlYTp7Il9hdXRoX3VzZXJfaGFzaCI6Ijc2MjEwNWQwMGFlZDgyYzY0YTBmMDEyNjdjYzVhZjRhMmU2MTcwNmMiLCJfYXV0aF91c2VyX2JhY2tlbmQiOiJkamFuZ28uY29udHJpYi5hdXRoLmJhY2tlbmRzLk1vZGVsQmFja2VuZCIsIl9hdXRoX3VzZXJfaWQiOiIxIn0=', '2018-04-30 21:07:44.058296'),
('jr4kqgwcsrru6owd820gki220e1kznpr', 'MTcyNzAxYWViYzg0MTUwM2JjOGZjZDRmZjYwMjAxMzkxZjhiOGNlYTp7Il9hdXRoX3VzZXJfaGFzaCI6Ijc2MjEwNWQwMGFlZDgyYzY0YTBmMDEyNjdjYzVhZjRhMmU2MTcwNmMiLCJfYXV0aF91c2VyX2JhY2tlbmQiOiJkamFuZ28uY29udHJpYi5hdXRoLmJhY2tlbmRzLk1vZGVsQmFja2VuZCIsIl9hdXRoX3VzZXJfaWQiOiIxIn0=', '2018-05-01 03:22:48.646605'),
('jrl2tzxys4f894jpw9775yvv87dkl6y9', 'MTcyNzAxYWViYzg0MTUwM2JjOGZjZDRmZjYwMjAxMzkxZjhiOGNlYTp7Il9hdXRoX3VzZXJfaGFzaCI6Ijc2MjEwNWQwMGFlZDgyYzY0YTBmMDEyNjdjYzVhZjRhMmU2MTcwNmMiLCJfYXV0aF91c2VyX2JhY2tlbmQiOiJkamFuZ28uY29udHJpYi5hdXRoLmJhY2tlbmRzLk1vZGVsQmFja2VuZCIsIl9hdXRoX3VzZXJfaWQiOiIxIn0=', '2018-05-31 05:35:25.668872'),
('jrzyr47h1xgjj0j6bes6nqzrl9m86xrb', 'MTcyNzAxYWViYzg0MTUwM2JjOGZjZDRmZjYwMjAxMzkxZjhiOGNlYTp7Il9hdXRoX3VzZXJfaGFzaCI6Ijc2MjEwNWQwMGFlZDgyYzY0YTBmMDEyNjdjYzVhZjRhMmU2MTcwNmMiLCJfYXV0aF91c2VyX2JhY2tlbmQiOiJkamFuZ28uY29udHJpYi5hdXRoLmJhY2tlbmRzLk1vZGVsQmFja2VuZCIsIl9hdXRoX3VzZXJfaWQiOiIxIn0=', '2018-04-30 21:47:59.088507'),
('js2xg3lzanw7gpxiv2yjx6tv4lqrqrr5', 'MTcyNzAxYWViYzg0MTUwM2JjOGZjZDRmZjYwMjAxMzkxZjhiOGNlYTp7Il9hdXRoX3VzZXJfaGFzaCI6Ijc2MjEwNWQwMGFlZDgyYzY0YTBmMDEyNjdjYzVhZjRhMmU2MTcwNmMiLCJfYXV0aF91c2VyX2JhY2tlbmQiOiJkamFuZ28uY29udHJpYi5hdXRoLmJhY2tlbmRzLk1vZGVsQmFja2VuZCIsIl9hdXRoX3VzZXJfaWQiOiIxIn0=', '2018-04-30 20:04:23.467772'),
('jsa6edgtxiq6pqjnlfm06mxw7dtu25zj', 'MTcyNzAxYWViYzg0MTUwM2JjOGZjZDRmZjYwMjAxMzkxZjhiOGNlYTp7Il9hdXRoX3VzZXJfaGFzaCI6Ijc2MjEwNWQwMGFlZDgyYzY0YTBmMDEyNjdjYzVhZjRhMmU2MTcwNmMiLCJfYXV0aF91c2VyX2JhY2tlbmQiOiJkamFuZ28uY29udHJpYi5hdXRoLmJhY2tlbmRzLk1vZGVsQmFja2VuZCIsIl9hdXRoX3VzZXJfaWQiOiIxIn0=', '2018-05-01 03:41:02.807379'),
('jt7sall8faazwkfh5lrokxkurip2izgf', 'MTcyNzAxYWViYzg0MTUwM2JjOGZjZDRmZjYwMjAxMzkxZjhiOGNlYTp7Il9hdXRoX3VzZXJfaGFzaCI6Ijc2MjEwNWQwMGFlZDgyYzY0YTBmMDEyNjdjYzVhZjRhMmU2MTcwNmMiLCJfYXV0aF91c2VyX2JhY2tlbmQiOiJkamFuZ28uY29udHJpYi5hdXRoLmJhY2tlbmRzLk1vZGVsQmFja2VuZCIsIl9hdXRoX3VzZXJfaWQiOiIxIn0=', '2018-05-01 03:38:52.381491'),
('jteh8u6k6mboegd2j23bvfdvntl8cabk', 'MTcyNzAxYWViYzg0MTUwM2JjOGZjZDRmZjYwMjAxMzkxZjhiOGNlYTp7Il9hdXRoX3VzZXJfaGFzaCI6Ijc2MjEwNWQwMGFlZDgyYzY0YTBmMDEyNjdjYzVhZjRhMmU2MTcwNmMiLCJfYXV0aF91c2VyX2JhY2tlbmQiOiJkamFuZ28uY29udHJpYi5hdXRoLmJhY2tlbmRzLk1vZGVsQmFja2VuZCIsIl9hdXRoX3VzZXJfaWQiOiIxIn0=', '2018-04-30 21:45:22.915704'),
('jtmevkh80xo9ffl4ppo9yb2nyfruiduc', 'MTcyNzAxYWViYzg0MTUwM2JjOGZjZDRmZjYwMjAxMzkxZjhiOGNlYTp7Il9hdXRoX3VzZXJfaGFzaCI6Ijc2MjEwNWQwMGFlZDgyYzY0YTBmMDEyNjdjYzVhZjRhMmU2MTcwNmMiLCJfYXV0aF91c2VyX2JhY2tlbmQiOiJkamFuZ28uY29udHJpYi5hdXRoLmJhY2tlbmRzLk1vZGVsQmFja2VuZCIsIl9hdXRoX3VzZXJfaWQiOiIxIn0=', '2018-05-31 17:06:00.851681'),
('jul53xb351erm4vm1e7wzqcs75w9uir6', 'MTcyNzAxYWViYzg0MTUwM2JjOGZjZDRmZjYwMjAxMzkxZjhiOGNlYTp7Il9hdXRoX3VzZXJfaGFzaCI6Ijc2MjEwNWQwMGFlZDgyYzY0YTBmMDEyNjdjYzVhZjRhMmU2MTcwNmMiLCJfYXV0aF91c2VyX2JhY2tlbmQiOiJkamFuZ28uY29udHJpYi5hdXRoLmJhY2tlbmRzLk1vZGVsQmFja2VuZCIsIl9hdXRoX3VzZXJfaWQiOiIxIn0=', '2018-05-31 05:27:31.769008'),
('jvm2wbva4264286t2d38qn9i8z791dtj', 'MTcyNzAxYWViYzg0MTUwM2JjOGZjZDRmZjYwMjAxMzkxZjhiOGNlYTp7Il9hdXRoX3VzZXJfaGFzaCI6Ijc2MjEwNWQwMGFlZDgyYzY0YTBmMDEyNjdjYzVhZjRhMmU2MTcwNmMiLCJfYXV0aF91c2VyX2JhY2tlbmQiOiJkamFuZ28uY29udHJpYi5hdXRoLmJhY2tlbmRzLk1vZGVsQmFja2VuZCIsIl9hdXRoX3VzZXJfaWQiOiIxIn0=', '2018-05-01 03:56:43.103312'),
('jvo98exo6oqq4dfu1i3mayk8tbepum6w', 'MTcyNzAxYWViYzg0MTUwM2JjOGZjZDRmZjYwMjAxMzkxZjhiOGNlYTp7Il9hdXRoX3VzZXJfaGFzaCI6Ijc2MjEwNWQwMGFlZDgyYzY0YTBmMDEyNjdjYzVhZjRhMmU2MTcwNmMiLCJfYXV0aF91c2VyX2JhY2tlbmQiOiJkamFuZ28uY29udHJpYi5hdXRoLmJhY2tlbmRzLk1vZGVsQmFja2VuZCIsIl9hdXRoX3VzZXJfaWQiOiIxIn0=', '2018-04-30 21:49:59.023406'),
('jy9twvpd51as7exir3cfl3obr9aq5opj', 'MTcyNzAxYWViYzg0MTUwM2JjOGZjZDRmZjYwMjAxMzkxZjhiOGNlYTp7Il9hdXRoX3VzZXJfaGFzaCI6Ijc2MjEwNWQwMGFlZDgyYzY0YTBmMDEyNjdjYzVhZjRhMmU2MTcwNmMiLCJfYXV0aF91c2VyX2JhY2tlbmQiOiJkamFuZ28uY29udHJpYi5hdXRoLmJhY2tlbmRzLk1vZGVsQmFja2VuZCIsIl9hdXRoX3VzZXJfaWQiOiIxIn0=', '2018-05-31 16:29:03.796799'),
('jyfgcqnxvgk129lrb06o439iaz95r72x', 'MTcyNzAxYWViYzg0MTUwM2JjOGZjZDRmZjYwMjAxMzkxZjhiOGNlYTp7Il9hdXRoX3VzZXJfaGFzaCI6Ijc2MjEwNWQwMGFlZDgyYzY0YTBmMDEyNjdjYzVhZjRhMmU2MTcwNmMiLCJfYXV0aF91c2VyX2JhY2tlbmQiOiJkamFuZ28uY29udHJpYi5hdXRoLmJhY2tlbmRzLk1vZGVsQmFja2VuZCIsIl9hdXRoX3VzZXJfaWQiOiIxIn0=', '2018-05-31 17:12:52.557055'),
('k01nsjir25w7dk2ckwktsiacdk4pdfhp', 'MTcyNzAxYWViYzg0MTUwM2JjOGZjZDRmZjYwMjAxMzkxZjhiOGNlYTp7Il9hdXRoX3VzZXJfaGFzaCI6Ijc2MjEwNWQwMGFlZDgyYzY0YTBmMDEyNjdjYzVhZjRhMmU2MTcwNmMiLCJfYXV0aF91c2VyX2JhY2tlbmQiOiJkamFuZ28uY29udHJpYi5hdXRoLmJhY2tlbmRzLk1vZGVsQmFja2VuZCIsIl9hdXRoX3VzZXJfaWQiOiIxIn0=', '2018-04-05 20:51:01.017458'),
('k2b0wuuxri62dhmqdb3pwjmvgluep2lv', 'MTcyNzAxYWViYzg0MTUwM2JjOGZjZDRmZjYwMjAxMzkxZjhiOGNlYTp7Il9hdXRoX3VzZXJfaGFzaCI6Ijc2MjEwNWQwMGFlZDgyYzY0YTBmMDEyNjdjYzVhZjRhMmU2MTcwNmMiLCJfYXV0aF91c2VyX2JhY2tlbmQiOiJkamFuZ28uY29udHJpYi5hdXRoLmJhY2tlbmRzLk1vZGVsQmFja2VuZCIsIl9hdXRoX3VzZXJfaWQiOiIxIn0=', '2018-04-05 20:51:29.171030'),
('k2n15wlp8l61klbepkqvkscticqy7v1y', 'MTcyNzAxYWViYzg0MTUwM2JjOGZjZDRmZjYwMjAxMzkxZjhiOGNlYTp7Il9hdXRoX3VzZXJfaGFzaCI6Ijc2MjEwNWQwMGFlZDgyYzY0YTBmMDEyNjdjYzVhZjRhMmU2MTcwNmMiLCJfYXV0aF91c2VyX2JhY2tlbmQiOiJkamFuZ28uY29udHJpYi5hdXRoLmJhY2tlbmRzLk1vZGVsQmFja2VuZCIsIl9hdXRoX3VzZXJfaWQiOiIxIn0=', '2018-04-04 18:48:57.501653'),
('k2velv35fu846v1eopvoxkdnbutt45l6', 'MTcyNzAxYWViYzg0MTUwM2JjOGZjZDRmZjYwMjAxMzkxZjhiOGNlYTp7Il9hdXRoX3VzZXJfaGFzaCI6Ijc2MjEwNWQwMGFlZDgyYzY0YTBmMDEyNjdjYzVhZjRhMmU2MTcwNmMiLCJfYXV0aF91c2VyX2JhY2tlbmQiOiJkamFuZ28uY29udHJpYi5hdXRoLmJhY2tlbmRzLk1vZGVsQmFja2VuZCIsIl9hdXRoX3VzZXJfaWQiOiIxIn0=', '2018-05-18 17:48:59.750508'),
('k3223au2lve6tfhyyq6wwrc8vcsr2izc', 'MTcyNzAxYWViYzg0MTUwM2JjOGZjZDRmZjYwMjAxMzkxZjhiOGNlYTp7Il9hdXRoX3VzZXJfaGFzaCI6Ijc2MjEwNWQwMGFlZDgyYzY0YTBmMDEyNjdjYzVhZjRhMmU2MTcwNmMiLCJfYXV0aF91c2VyX2JhY2tlbmQiOiJkamFuZ28uY29udHJpYi5hdXRoLmJhY2tlbmRzLk1vZGVsQmFja2VuZCIsIl9hdXRoX3VzZXJfaWQiOiIxIn0=', '2018-04-30 20:31:48.749780'),
('k38yiq2jcp4prbsutlw7wbyh17vrfwax', 'MTcyNzAxYWViYzg0MTUwM2JjOGZjZDRmZjYwMjAxMzkxZjhiOGNlYTp7Il9hdXRoX3VzZXJfaGFzaCI6Ijc2MjEwNWQwMGFlZDgyYzY0YTBmMDEyNjdjYzVhZjRhMmU2MTcwNmMiLCJfYXV0aF91c2VyX2JhY2tlbmQiOiJkamFuZ28uY29udHJpYi5hdXRoLmJhY2tlbmRzLk1vZGVsQmFja2VuZCIsIl9hdXRoX3VzZXJfaWQiOiIxIn0=', '2018-05-31 05:47:30.773190'),
('k42bfo9ycl654u5y9ry1im96hgbnlem5', 'MTcyNzAxYWViYzg0MTUwM2JjOGZjZDRmZjYwMjAxMzkxZjhiOGNlYTp7Il9hdXRoX3VzZXJfaGFzaCI6Ijc2MjEwNWQwMGFlZDgyYzY0YTBmMDEyNjdjYzVhZjRhMmU2MTcwNmMiLCJfYXV0aF91c2VyX2JhY2tlbmQiOiJkamFuZ28uY29udHJpYi5hdXRoLmJhY2tlbmRzLk1vZGVsQmFja2VuZCIsIl9hdXRoX3VzZXJfaWQiOiIxIn0=', '2018-05-31 05:16:05.503713'),
('k4j5jdx2eczfaqi3gwc1rvtuakmd5efg', 'MTcyNzAxYWViYzg0MTUwM2JjOGZjZDRmZjYwMjAxMzkxZjhiOGNlYTp7Il9hdXRoX3VzZXJfaGFzaCI6Ijc2MjEwNWQwMGFlZDgyYzY0YTBmMDEyNjdjYzVhZjRhMmU2MTcwNmMiLCJfYXV0aF91c2VyX2JhY2tlbmQiOiJkamFuZ28uY29udHJpYi5hdXRoLmJhY2tlbmRzLk1vZGVsQmFja2VuZCIsIl9hdXRoX3VzZXJfaWQiOiIxIn0=', '2018-04-04 05:21:29.503932'),
('k4wdoh2pmdkjfebyxm53aarir6mxdgnh', 'MTcyNzAxYWViYzg0MTUwM2JjOGZjZDRmZjYwMjAxMzkxZjhiOGNlYTp7Il9hdXRoX3VzZXJfaGFzaCI6Ijc2MjEwNWQwMGFlZDgyYzY0YTBmMDEyNjdjYzVhZjRhMmU2MTcwNmMiLCJfYXV0aF91c2VyX2JhY2tlbmQiOiJkamFuZ28uY29udHJpYi5hdXRoLmJhY2tlbmRzLk1vZGVsQmFja2VuZCIsIl9hdXRoX3VzZXJfaWQiOiIxIn0=', '2018-05-18 17:17:17.988596'),
('k56orzvdt3k022w3r64dgafb5tnydw43', 'MTcyNzAxYWViYzg0MTUwM2JjOGZjZDRmZjYwMjAxMzkxZjhiOGNlYTp7Il9hdXRoX3VzZXJfaGFzaCI6Ijc2MjEwNWQwMGFlZDgyYzY0YTBmMDEyNjdjYzVhZjRhMmU2MTcwNmMiLCJfYXV0aF91c2VyX2JhY2tlbmQiOiJkamFuZ28uY29udHJpYi5hdXRoLmJhY2tlbmRzLk1vZGVsQmFja2VuZCIsIl9hdXRoX3VzZXJfaWQiOiIxIn0=', '2018-04-05 19:11:37.629489'),
('k5q7dgbf0rfnpa7se51azb9irtmnunvs', 'MTcyNzAxYWViYzg0MTUwM2JjOGZjZDRmZjYwMjAxMzkxZjhiOGNlYTp7Il9hdXRoX3VzZXJfaGFzaCI6Ijc2MjEwNWQwMGFlZDgyYzY0YTBmMDEyNjdjYzVhZjRhMmU2MTcwNmMiLCJfYXV0aF91c2VyX2JhY2tlbmQiOiJkamFuZ28uY29udHJpYi5hdXRoLmJhY2tlbmRzLk1vZGVsQmFja2VuZCIsIl9hdXRoX3VzZXJfaWQiOiIxIn0=', '2018-04-30 20:26:18.739092'),
('k7ndawxwfuyae6ui76zarpvmvqj2wmfk', 'MTcyNzAxYWViYzg0MTUwM2JjOGZjZDRmZjYwMjAxMzkxZjhiOGNlYTp7Il9hdXRoX3VzZXJfaGFzaCI6Ijc2MjEwNWQwMGFlZDgyYzY0YTBmMDEyNjdjYzVhZjRhMmU2MTcwNmMiLCJfYXV0aF91c2VyX2JhY2tlbmQiOiJkamFuZ28uY29udHJpYi5hdXRoLmJhY2tlbmRzLk1vZGVsQmFja2VuZCIsIl9hdXRoX3VzZXJfaWQiOiIxIn0=', '2018-05-31 17:45:05.591074'),
('k8cwhver6pol1du0sx86whiqzdh40xfv', 'MTcyNzAxYWViYzg0MTUwM2JjOGZjZDRmZjYwMjAxMzkxZjhiOGNlYTp7Il9hdXRoX3VzZXJfaGFzaCI6Ijc2MjEwNWQwMGFlZDgyYzY0YTBmMDEyNjdjYzVhZjRhMmU2MTcwNmMiLCJfYXV0aF91c2VyX2JhY2tlbmQiOiJkamFuZ28uY29udHJpYi5hdXRoLmJhY2tlbmRzLk1vZGVsQmFja2VuZCIsIl9hdXRoX3VzZXJfaWQiOiIxIn0=', '2018-05-31 17:16:29.634010'),
('k9ga7tdkmyyba2tqu7n5vk80v94c0vgi', 'MTcyNzAxYWViYzg0MTUwM2JjOGZjZDRmZjYwMjAxMzkxZjhiOGNlYTp7Il9hdXRoX3VzZXJfaGFzaCI6Ijc2MjEwNWQwMGFlZDgyYzY0YTBmMDEyNjdjYzVhZjRhMmU2MTcwNmMiLCJfYXV0aF91c2VyX2JhY2tlbmQiOiJkamFuZ28uY29udHJpYi5hdXRoLmJhY2tlbmRzLk1vZGVsQmFja2VuZCIsIl9hdXRoX3VzZXJfaWQiOiIxIn0=', '2018-04-04 18:50:56.218377'),
('kbjjgbsn14xjrpoi6fkuwlhg23bfnfpv', 'MTcyNzAxYWViYzg0MTUwM2JjOGZjZDRmZjYwMjAxMzkxZjhiOGNlYTp7Il9hdXRoX3VzZXJfaGFzaCI6Ijc2MjEwNWQwMGFlZDgyYzY0YTBmMDEyNjdjYzVhZjRhMmU2MTcwNmMiLCJfYXV0aF91c2VyX2JhY2tlbmQiOiJkamFuZ28uY29udHJpYi5hdXRoLmJhY2tlbmRzLk1vZGVsQmFja2VuZCIsIl9hdXRoX3VzZXJfaWQiOiIxIn0=', '2018-05-18 17:48:02.792059'),
('kcns8bfrgmbw994z3c4unjr1wnbppopf', 'MTcyNzAxYWViYzg0MTUwM2JjOGZjZDRmZjYwMjAxMzkxZjhiOGNlYTp7Il9hdXRoX3VzZXJfaGFzaCI6Ijc2MjEwNWQwMGFlZDgyYzY0YTBmMDEyNjdjYzVhZjRhMmU2MTcwNmMiLCJfYXV0aF91c2VyX2JhY2tlbmQiOiJkamFuZ28uY29udHJpYi5hdXRoLmJhY2tlbmRzLk1vZGVsQmFja2VuZCIsIl9hdXRoX3VzZXJfaWQiOiIxIn0=', '2018-04-30 19:57:09.891204'),
('kda4hyzxvolq2hirdzx470l7otmb28pn', 'MTcyNzAxYWViYzg0MTUwM2JjOGZjZDRmZjYwMjAxMzkxZjhiOGNlYTp7Il9hdXRoX3VzZXJfaGFzaCI6Ijc2MjEwNWQwMGFlZDgyYzY0YTBmMDEyNjdjYzVhZjRhMmU2MTcwNmMiLCJfYXV0aF91c2VyX2JhY2tlbmQiOiJkamFuZ28uY29udHJpYi5hdXRoLmJhY2tlbmRzLk1vZGVsQmFja2VuZCIsIl9hdXRoX3VzZXJfaWQiOiIxIn0=', '2018-04-30 20:09:34.385846'),
('kdektbgg5lma6948eb9wm8wxuh09mems', 'MTcyNzAxYWViYzg0MTUwM2JjOGZjZDRmZjYwMjAxMzkxZjhiOGNlYTp7Il9hdXRoX3VzZXJfaGFzaCI6Ijc2MjEwNWQwMGFlZDgyYzY0YTBmMDEyNjdjYzVhZjRhMmU2MTcwNmMiLCJfYXV0aF91c2VyX2JhY2tlbmQiOiJkamFuZ28uY29udHJpYi5hdXRoLmJhY2tlbmRzLk1vZGVsQmFja2VuZCIsIl9hdXRoX3VzZXJfaWQiOiIxIn0=', '2018-05-31 05:32:52.256254'),
('ke5ffuq0ublzt4am0ga5d9w676gfxagh', 'MTcyNzAxYWViYzg0MTUwM2JjOGZjZDRmZjYwMjAxMzkxZjhiOGNlYTp7Il9hdXRoX3VzZXJfaGFzaCI6Ijc2MjEwNWQwMGFlZDgyYzY0YTBmMDEyNjdjYzVhZjRhMmU2MTcwNmMiLCJfYXV0aF91c2VyX2JhY2tlbmQiOiJkamFuZ28uY29udHJpYi5hdXRoLmJhY2tlbmRzLk1vZGVsQmFja2VuZCIsIl9hdXRoX3VzZXJfaWQiOiIxIn0=', '2018-05-31 04:38:59.095235'),
('kf6190bwzz0umdc18jurp3qr8xez5hmt', 'MTcyNzAxYWViYzg0MTUwM2JjOGZjZDRmZjYwMjAxMzkxZjhiOGNlYTp7Il9hdXRoX3VzZXJfaGFzaCI6Ijc2MjEwNWQwMGFlZDgyYzY0YTBmMDEyNjdjYzVhZjRhMmU2MTcwNmMiLCJfYXV0aF91c2VyX2JhY2tlbmQiOiJkamFuZ28uY29udHJpYi5hdXRoLmJhY2tlbmRzLk1vZGVsQmFja2VuZCIsIl9hdXRoX3VzZXJfaWQiOiIxIn0=', '2018-05-18 17:22:31.342158'),
('kfjh6gfafgiim29gjg4pz4oc7d66bl24', 'MTcyNzAxYWViYzg0MTUwM2JjOGZjZDRmZjYwMjAxMzkxZjhiOGNlYTp7Il9hdXRoX3VzZXJfaGFzaCI6Ijc2MjEwNWQwMGFlZDgyYzY0YTBmMDEyNjdjYzVhZjRhMmU2MTcwNmMiLCJfYXV0aF91c2VyX2JhY2tlbmQiOiJkamFuZ28uY29udHJpYi5hdXRoLmJhY2tlbmRzLk1vZGVsQmFja2VuZCIsIl9hdXRoX3VzZXJfaWQiOiIxIn0=', '2018-04-30 20:26:32.773115'),
('kg6gtjeuyfzsvz8b7256dxggrc8d3vw1', 'MTcyNzAxYWViYzg0MTUwM2JjOGZjZDRmZjYwMjAxMzkxZjhiOGNlYTp7Il9hdXRoX3VzZXJfaGFzaCI6Ijc2MjEwNWQwMGFlZDgyYzY0YTBmMDEyNjdjYzVhZjRhMmU2MTcwNmMiLCJfYXV0aF91c2VyX2JhY2tlbmQiOiJkamFuZ28uY29udHJpYi5hdXRoLmJhY2tlbmRzLk1vZGVsQmFja2VuZCIsIl9hdXRoX3VzZXJfaWQiOiIxIn0=', '2018-04-30 20:56:26.067502'),
('kgk4zf6e4xpma7pmwiup7escn9lkyp54', 'MTcyNzAxYWViYzg0MTUwM2JjOGZjZDRmZjYwMjAxMzkxZjhiOGNlYTp7Il9hdXRoX3VzZXJfaGFzaCI6Ijc2MjEwNWQwMGFlZDgyYzY0YTBmMDEyNjdjYzVhZjRhMmU2MTcwNmMiLCJfYXV0aF91c2VyX2JhY2tlbmQiOiJkamFuZ28uY29udHJpYi5hdXRoLmJhY2tlbmRzLk1vZGVsQmFja2VuZCIsIl9hdXRoX3VzZXJfaWQiOiIxIn0=', '2018-04-06 02:48:34.333561'),
('kh35ylklu99tautriyd2xug3e0yalcch', 'MTcyNzAxYWViYzg0MTUwM2JjOGZjZDRmZjYwMjAxMzkxZjhiOGNlYTp7Il9hdXRoX3VzZXJfaGFzaCI6Ijc2MjEwNWQwMGFlZDgyYzY0YTBmMDEyNjdjYzVhZjRhMmU2MTcwNmMiLCJfYXV0aF91c2VyX2JhY2tlbmQiOiJkamFuZ28uY29udHJpYi5hdXRoLmJhY2tlbmRzLk1vZGVsQmFja2VuZCIsIl9hdXRoX3VzZXJfaWQiOiIxIn0=', '2018-04-04 05:23:00.969757'),
('khay5tkz59o2yrfeh3jwprqxlabkn2b9', 'MTcyNzAxYWViYzg0MTUwM2JjOGZjZDRmZjYwMjAxMzkxZjhiOGNlYTp7Il9hdXRoX3VzZXJfaGFzaCI6Ijc2MjEwNWQwMGFlZDgyYzY0YTBmMDEyNjdjYzVhZjRhMmU2MTcwNmMiLCJfYXV0aF91c2VyX2JhY2tlbmQiOiJkamFuZ28uY29udHJpYi5hdXRoLmJhY2tlbmRzLk1vZGVsQmFja2VuZCIsIl9hdXRoX3VzZXJfaWQiOiIxIn0=', '2018-05-31 18:17:53.596081'),
('kj1dlcsz24tx4sa67w402ly0t8zhwxsu', 'MTcyNzAxYWViYzg0MTUwM2JjOGZjZDRmZjYwMjAxMzkxZjhiOGNlYTp7Il9hdXRoX3VzZXJfaGFzaCI6Ijc2MjEwNWQwMGFlZDgyYzY0YTBmMDEyNjdjYzVhZjRhMmU2MTcwNmMiLCJfYXV0aF91c2VyX2JhY2tlbmQiOiJkamFuZ28uY29udHJpYi5hdXRoLmJhY2tlbmRzLk1vZGVsQmFja2VuZCIsIl9hdXRoX3VzZXJfaWQiOiIxIn0=', '2018-04-30 22:03:14.277058'),
('kl6vuk90jl7wc1jingtx1ucv270gh9zb', 'MTcyNzAxYWViYzg0MTUwM2JjOGZjZDRmZjYwMjAxMzkxZjhiOGNlYTp7Il9hdXRoX3VzZXJfaGFzaCI6Ijc2MjEwNWQwMGFlZDgyYzY0YTBmMDEyNjdjYzVhZjRhMmU2MTcwNmMiLCJfYXV0aF91c2VyX2JhY2tlbmQiOiJkamFuZ28uY29udHJpYi5hdXRoLmJhY2tlbmRzLk1vZGVsQmFja2VuZCIsIl9hdXRoX3VzZXJfaWQiOiIxIn0=', '2018-05-31 05:06:17.747957'),
('klhy59hyb78rpwd6ijetr2ig6yum8ntq', 'MTcyNzAxYWViYzg0MTUwM2JjOGZjZDRmZjYwMjAxMzkxZjhiOGNlYTp7Il9hdXRoX3VzZXJfaGFzaCI6Ijc2MjEwNWQwMGFlZDgyYzY0YTBmMDEyNjdjYzVhZjRhMmU2MTcwNmMiLCJfYXV0aF91c2VyX2JhY2tlbmQiOiJkamFuZ28uY29udHJpYi5hdXRoLmJhY2tlbmRzLk1vZGVsQmFja2VuZCIsIl9hdXRoX3VzZXJfaWQiOiIxIn0=', '2018-05-31 03:40:25.377910'),
('klx8z4k8qh8818bctt5dyiafpzu5npnp', 'MTcyNzAxYWViYzg0MTUwM2JjOGZjZDRmZjYwMjAxMzkxZjhiOGNlYTp7Il9hdXRoX3VzZXJfaGFzaCI6Ijc2MjEwNWQwMGFlZDgyYzY0YTBmMDEyNjdjYzVhZjRhMmU2MTcwNmMiLCJfYXV0aF91c2VyX2JhY2tlbmQiOiJkamFuZ28uY29udHJpYi5hdXRoLmJhY2tlbmRzLk1vZGVsQmFja2VuZCIsIl9hdXRoX3VzZXJfaWQiOiIxIn0=', '2018-05-31 05:48:49.666596'),
('kmdq7jg0h7vkdqachnq3a0bcozoxjnp5', 'MTcyNzAxYWViYzg0MTUwM2JjOGZjZDRmZjYwMjAxMzkxZjhiOGNlYTp7Il9hdXRoX3VzZXJfaGFzaCI6Ijc2MjEwNWQwMGFlZDgyYzY0YTBmMDEyNjdjYzVhZjRhMmU2MTcwNmMiLCJfYXV0aF91c2VyX2JhY2tlbmQiOiJkamFuZ28uY29udHJpYi5hdXRoLmJhY2tlbmRzLk1vZGVsQmFja2VuZCIsIl9hdXRoX3VzZXJfaWQiOiIxIn0=', '2018-05-31 04:43:20.748374'),
('kmr40i2i9m5inmc02m54sjycrhglajfs', 'MTcyNzAxYWViYzg0MTUwM2JjOGZjZDRmZjYwMjAxMzkxZjhiOGNlYTp7Il9hdXRoX3VzZXJfaGFzaCI6Ijc2MjEwNWQwMGFlZDgyYzY0YTBmMDEyNjdjYzVhZjRhMmU2MTcwNmMiLCJfYXV0aF91c2VyX2JhY2tlbmQiOiJkamFuZ28uY29udHJpYi5hdXRoLmJhY2tlbmRzLk1vZGVsQmFja2VuZCIsIl9hdXRoX3VzZXJfaWQiOiIxIn0=', '2018-04-30 20:42:36.102172'),
('ko60j30vs95pym2t0dgksygcntysnb2n', 'MTcyNzAxYWViYzg0MTUwM2JjOGZjZDRmZjYwMjAxMzkxZjhiOGNlYTp7Il9hdXRoX3VzZXJfaGFzaCI6Ijc2MjEwNWQwMGFlZDgyYzY0YTBmMDEyNjdjYzVhZjRhMmU2MTcwNmMiLCJfYXV0aF91c2VyX2JhY2tlbmQiOiJkamFuZ28uY29udHJpYi5hdXRoLmJhY2tlbmRzLk1vZGVsQmFja2VuZCIsIl9hdXRoX3VzZXJfaWQiOiIxIn0=', '2018-05-31 04:31:23.580109'),
('kq3o75n0x34ugpkcwy9k9xgxtedup6by', 'MTcyNzAxYWViYzg0MTUwM2JjOGZjZDRmZjYwMjAxMzkxZjhiOGNlYTp7Il9hdXRoX3VzZXJfaGFzaCI6Ijc2MjEwNWQwMGFlZDgyYzY0YTBmMDEyNjdjYzVhZjRhMmU2MTcwNmMiLCJfYXV0aF91c2VyX2JhY2tlbmQiOiJkamFuZ28uY29udHJpYi5hdXRoLmJhY2tlbmRzLk1vZGVsQmFja2VuZCIsIl9hdXRoX3VzZXJfaWQiOiIxIn0=', '2018-05-31 17:54:33.931790'),
('krqzctof6dmveduf7ev51tzbapr8mis2', 'MTcyNzAxYWViYzg0MTUwM2JjOGZjZDRmZjYwMjAxMzkxZjhiOGNlYTp7Il9hdXRoX3VzZXJfaGFzaCI6Ijc2MjEwNWQwMGFlZDgyYzY0YTBmMDEyNjdjYzVhZjRhMmU2MTcwNmMiLCJfYXV0aF91c2VyX2JhY2tlbmQiOiJkamFuZ28uY29udHJpYi5hdXRoLmJhY2tlbmRzLk1vZGVsQmFja2VuZCIsIl9hdXRoX3VzZXJfaWQiOiIxIn0=', '2018-05-18 17:12:26.431037'),
('ks899ycf4s3vcvrkhywzm6esfdu0p63c', 'MTcyNzAxYWViYzg0MTUwM2JjOGZjZDRmZjYwMjAxMzkxZjhiOGNlYTp7Il9hdXRoX3VzZXJfaGFzaCI6Ijc2MjEwNWQwMGFlZDgyYzY0YTBmMDEyNjdjYzVhZjRhMmU2MTcwNmMiLCJfYXV0aF91c2VyX2JhY2tlbmQiOiJkamFuZ28uY29udHJpYi5hdXRoLmJhY2tlbmRzLk1vZGVsQmFja2VuZCIsIl9hdXRoX3VzZXJfaWQiOiIxIn0=', '2018-05-01 03:18:20.295112'),
('ksq0kt0p3eldys11v7knxkaqe1088k72', 'MTcyNzAxYWViYzg0MTUwM2JjOGZjZDRmZjYwMjAxMzkxZjhiOGNlYTp7Il9hdXRoX3VzZXJfaGFzaCI6Ijc2MjEwNWQwMGFlZDgyYzY0YTBmMDEyNjdjYzVhZjRhMmU2MTcwNmMiLCJfYXV0aF91c2VyX2JhY2tlbmQiOiJkamFuZ28uY29udHJpYi5hdXRoLmJhY2tlbmRzLk1vZGVsQmFja2VuZCIsIl9hdXRoX3VzZXJfaWQiOiIxIn0=', '2018-04-30 21:42:23.419102'),
('ktetabxs08v8l9b92ww79uxq1o0rw2u9', 'MTcyNzAxYWViYzg0MTUwM2JjOGZjZDRmZjYwMjAxMzkxZjhiOGNlYTp7Il9hdXRoX3VzZXJfaGFzaCI6Ijc2MjEwNWQwMGFlZDgyYzY0YTBmMDEyNjdjYzVhZjRhMmU2MTcwNmMiLCJfYXV0aF91c2VyX2JhY2tlbmQiOiJkamFuZ28uY29udHJpYi5hdXRoLmJhY2tlbmRzLk1vZGVsQmFja2VuZCIsIl9hdXRoX3VzZXJfaWQiOiIxIn0=', '2018-04-04 18:07:43.652523'),
('ktp570vr8ae16l2ip218dm4iy24tutv0', 'MTcyNzAxYWViYzg0MTUwM2JjOGZjZDRmZjYwMjAxMzkxZjhiOGNlYTp7Il9hdXRoX3VzZXJfaGFzaCI6Ijc2MjEwNWQwMGFlZDgyYzY0YTBmMDEyNjdjYzVhZjRhMmU2MTcwNmMiLCJfYXV0aF91c2VyX2JhY2tlbmQiOiJkamFuZ28uY29udHJpYi5hdXRoLmJhY2tlbmRzLk1vZGVsQmFja2VuZCIsIl9hdXRoX3VzZXJfaWQiOiIxIn0=', '2018-04-01 19:30:17.577980'),
('ktuxuwn2guic096anogy78b4sewkku37', 'MTcyNzAxYWViYzg0MTUwM2JjOGZjZDRmZjYwMjAxMzkxZjhiOGNlYTp7Il9hdXRoX3VzZXJfaGFzaCI6Ijc2MjEwNWQwMGFlZDgyYzY0YTBmMDEyNjdjYzVhZjRhMmU2MTcwNmMiLCJfYXV0aF91c2VyX2JhY2tlbmQiOiJkamFuZ28uY29udHJpYi5hdXRoLmJhY2tlbmRzLk1vZGVsQmFja2VuZCIsIl9hdXRoX3VzZXJfaWQiOiIxIn0=', '2018-05-31 17:17:05.269269'),
('kurd1ma6cskczaqz4ilvyzwauuz4km4e', 'MTcyNzAxYWViYzg0MTUwM2JjOGZjZDRmZjYwMjAxMzkxZjhiOGNlYTp7Il9hdXRoX3VzZXJfaGFzaCI6Ijc2MjEwNWQwMGFlZDgyYzY0YTBmMDEyNjdjYzVhZjRhMmU2MTcwNmMiLCJfYXV0aF91c2VyX2JhY2tlbmQiOiJkamFuZ28uY29udHJpYi5hdXRoLmJhY2tlbmRzLk1vZGVsQmFja2VuZCIsIl9hdXRoX3VzZXJfaWQiOiIxIn0=', '2018-05-31 04:39:05.758387');
INSERT INTO `django_session` (`session_key`, `session_data`, `expire_date`) VALUES
('kv3xl1beq6jdvc67bgzfjqg89pqr4ccq', 'MTcyNzAxYWViYzg0MTUwM2JjOGZjZDRmZjYwMjAxMzkxZjhiOGNlYTp7Il9hdXRoX3VzZXJfaGFzaCI6Ijc2MjEwNWQwMGFlZDgyYzY0YTBmMDEyNjdjYzVhZjRhMmU2MTcwNmMiLCJfYXV0aF91c2VyX2JhY2tlbmQiOiJkamFuZ28uY29udHJpYi5hdXRoLmJhY2tlbmRzLk1vZGVsQmFja2VuZCIsIl9hdXRoX3VzZXJfaWQiOiIxIn0=', '2018-04-04 18:07:27.986709'),
('kvf45xxqf4zx3a4uczygjq2hbajrjdfb', 'MTcyNzAxYWViYzg0MTUwM2JjOGZjZDRmZjYwMjAxMzkxZjhiOGNlYTp7Il9hdXRoX3VzZXJfaGFzaCI6Ijc2MjEwNWQwMGFlZDgyYzY0YTBmMDEyNjdjYzVhZjRhMmU2MTcwNmMiLCJfYXV0aF91c2VyX2JhY2tlbmQiOiJkamFuZ28uY29udHJpYi5hdXRoLmJhY2tlbmRzLk1vZGVsQmFja2VuZCIsIl9hdXRoX3VzZXJfaWQiOiIxIn0=', '2018-05-18 17:23:38.626016'),
('kvqbkc6a21wys1zkch1634mn43yqwvzi', 'MTcyNzAxYWViYzg0MTUwM2JjOGZjZDRmZjYwMjAxMzkxZjhiOGNlYTp7Il9hdXRoX3VzZXJfaGFzaCI6Ijc2MjEwNWQwMGFlZDgyYzY0YTBmMDEyNjdjYzVhZjRhMmU2MTcwNmMiLCJfYXV0aF91c2VyX2JhY2tlbmQiOiJkamFuZ28uY29udHJpYi5hdXRoLmJhY2tlbmRzLk1vZGVsQmFja2VuZCIsIl9hdXRoX3VzZXJfaWQiOiIxIn0=', '2018-05-31 04:20:52.407407'),
('kws3zgwr3qb1i811nu33qy5bvftus3lm', 'MTcyNzAxYWViYzg0MTUwM2JjOGZjZDRmZjYwMjAxMzkxZjhiOGNlYTp7Il9hdXRoX3VzZXJfaGFzaCI6Ijc2MjEwNWQwMGFlZDgyYzY0YTBmMDEyNjdjYzVhZjRhMmU2MTcwNmMiLCJfYXV0aF91c2VyX2JhY2tlbmQiOiJkamFuZ28uY29udHJpYi5hdXRoLmJhY2tlbmRzLk1vZGVsQmFja2VuZCIsIl9hdXRoX3VzZXJfaWQiOiIxIn0=', '2018-05-31 17:46:07.865386'),
('kx6hq8w37e8tt0kle114sh3sjr3shzs6', 'MTcyNzAxYWViYzg0MTUwM2JjOGZjZDRmZjYwMjAxMzkxZjhiOGNlYTp7Il9hdXRoX3VzZXJfaGFzaCI6Ijc2MjEwNWQwMGFlZDgyYzY0YTBmMDEyNjdjYzVhZjRhMmU2MTcwNmMiLCJfYXV0aF91c2VyX2JhY2tlbmQiOiJkamFuZ28uY29udHJpYi5hdXRoLmJhY2tlbmRzLk1vZGVsQmFja2VuZCIsIl9hdXRoX3VzZXJfaWQiOiIxIn0=', '2018-05-18 19:25:44.890715'),
('ky3ta6uuivd21do0tyhcvtz5vuajnsa9', 'MTcyNzAxYWViYzg0MTUwM2JjOGZjZDRmZjYwMjAxMzkxZjhiOGNlYTp7Il9hdXRoX3VzZXJfaGFzaCI6Ijc2MjEwNWQwMGFlZDgyYzY0YTBmMDEyNjdjYzVhZjRhMmU2MTcwNmMiLCJfYXV0aF91c2VyX2JhY2tlbmQiOiJkamFuZ28uY29udHJpYi5hdXRoLmJhY2tlbmRzLk1vZGVsQmFja2VuZCIsIl9hdXRoX3VzZXJfaWQiOiIxIn0=', '2018-05-31 05:26:10.327652'),
('kyf74x2xb39kduyez3zg74nyistb5hgw', 'MTcyNzAxYWViYzg0MTUwM2JjOGZjZDRmZjYwMjAxMzkxZjhiOGNlYTp7Il9hdXRoX3VzZXJfaGFzaCI6Ijc2MjEwNWQwMGFlZDgyYzY0YTBmMDEyNjdjYzVhZjRhMmU2MTcwNmMiLCJfYXV0aF91c2VyX2JhY2tlbmQiOiJkamFuZ28uY29udHJpYi5hdXRoLmJhY2tlbmRzLk1vZGVsQmFja2VuZCIsIl9hdXRoX3VzZXJfaWQiOiIxIn0=', '2018-04-30 20:55:37.518051'),
('kzdg4ei9bxj5i3iwslacv5oee91pzwmk', 'MTcyNzAxYWViYzg0MTUwM2JjOGZjZDRmZjYwMjAxMzkxZjhiOGNlYTp7Il9hdXRoX3VzZXJfaGFzaCI6Ijc2MjEwNWQwMGFlZDgyYzY0YTBmMDEyNjdjYzVhZjRhMmU2MTcwNmMiLCJfYXV0aF91c2VyX2JhY2tlbmQiOiJkamFuZ28uY29udHJpYi5hdXRoLmJhY2tlbmRzLk1vZGVsQmFja2VuZCIsIl9hdXRoX3VzZXJfaWQiOiIxIn0=', '2018-05-31 05:08:47.382938'),
('kzp09a0ottvsli5v06kcgvky6n7tjajd', 'MTcyNzAxYWViYzg0MTUwM2JjOGZjZDRmZjYwMjAxMzkxZjhiOGNlYTp7Il9hdXRoX3VzZXJfaGFzaCI6Ijc2MjEwNWQwMGFlZDgyYzY0YTBmMDEyNjdjYzVhZjRhMmU2MTcwNmMiLCJfYXV0aF91c2VyX2JhY2tlbmQiOiJkamFuZ28uY29udHJpYi5hdXRoLmJhY2tlbmRzLk1vZGVsQmFja2VuZCIsIl9hdXRoX3VzZXJfaWQiOiIxIn0=', '2018-05-31 17:45:22.450894'),
('kzqt1ueegqdasdkup8gth5mfxpvgnxqh', 'MTcyNzAxYWViYzg0MTUwM2JjOGZjZDRmZjYwMjAxMzkxZjhiOGNlYTp7Il9hdXRoX3VzZXJfaGFzaCI6Ijc2MjEwNWQwMGFlZDgyYzY0YTBmMDEyNjdjYzVhZjRhMmU2MTcwNmMiLCJfYXV0aF91c2VyX2JhY2tlbmQiOiJkamFuZ28uY29udHJpYi5hdXRoLmJhY2tlbmRzLk1vZGVsQmFja2VuZCIsIl9hdXRoX3VzZXJfaWQiOiIxIn0=', '2018-05-18 19:25:20.898320'),
('l0l1ai3pgi94dqhwq4zk9n9rowuy934j', 'MTcyNzAxYWViYzg0MTUwM2JjOGZjZDRmZjYwMjAxMzkxZjhiOGNlYTp7Il9hdXRoX3VzZXJfaGFzaCI6Ijc2MjEwNWQwMGFlZDgyYzY0YTBmMDEyNjdjYzVhZjRhMmU2MTcwNmMiLCJfYXV0aF91c2VyX2JhY2tlbmQiOiJkamFuZ28uY29udHJpYi5hdXRoLmJhY2tlbmRzLk1vZGVsQmFja2VuZCIsIl9hdXRoX3VzZXJfaWQiOiIxIn0=', '2018-04-30 19:57:13.885915'),
('l0w435lcuem073rtavxiln4hmxctdhbp', 'MTcyNzAxYWViYzg0MTUwM2JjOGZjZDRmZjYwMjAxMzkxZjhiOGNlYTp7Il9hdXRoX3VzZXJfaGFzaCI6Ijc2MjEwNWQwMGFlZDgyYzY0YTBmMDEyNjdjYzVhZjRhMmU2MTcwNmMiLCJfYXV0aF91c2VyX2JhY2tlbmQiOiJkamFuZ28uY29udHJpYi5hdXRoLmJhY2tlbmRzLk1vZGVsQmFja2VuZCIsIl9hdXRoX3VzZXJfaWQiOiIxIn0=', '2018-05-31 04:51:47.621731'),
('l1q9l53vv8hp8edv0dd4xhtclmb1su3k', 'MTcyNzAxYWViYzg0MTUwM2JjOGZjZDRmZjYwMjAxMzkxZjhiOGNlYTp7Il9hdXRoX3VzZXJfaGFzaCI6Ijc2MjEwNWQwMGFlZDgyYzY0YTBmMDEyNjdjYzVhZjRhMmU2MTcwNmMiLCJfYXV0aF91c2VyX2JhY2tlbmQiOiJkamFuZ28uY29udHJpYi5hdXRoLmJhY2tlbmRzLk1vZGVsQmFja2VuZCIsIl9hdXRoX3VzZXJfaWQiOiIxIn0=', '2018-05-31 16:28:58.449417'),
('l27p83tw8f0oxf9g1mtkdbuvrppqgwgm', 'MTcyNzAxYWViYzg0MTUwM2JjOGZjZDRmZjYwMjAxMzkxZjhiOGNlYTp7Il9hdXRoX3VzZXJfaGFzaCI6Ijc2MjEwNWQwMGFlZDgyYzY0YTBmMDEyNjdjYzVhZjRhMmU2MTcwNmMiLCJfYXV0aF91c2VyX2JhY2tlbmQiOiJkamFuZ28uY29udHJpYi5hdXRoLmJhY2tlbmRzLk1vZGVsQmFja2VuZCIsIl9hdXRoX3VzZXJfaWQiOiIxIn0=', '2018-04-30 22:07:26.877732'),
('l2e354pohogqrryo4assnj0j4j48hadf', 'MTcyNzAxYWViYzg0MTUwM2JjOGZjZDRmZjYwMjAxMzkxZjhiOGNlYTp7Il9hdXRoX3VzZXJfaGFzaCI6Ijc2MjEwNWQwMGFlZDgyYzY0YTBmMDEyNjdjYzVhZjRhMmU2MTcwNmMiLCJfYXV0aF91c2VyX2JhY2tlbmQiOiJkamFuZ28uY29udHJpYi5hdXRoLmJhY2tlbmRzLk1vZGVsQmFja2VuZCIsIl9hdXRoX3VzZXJfaWQiOiIxIn0=', '2018-05-31 18:19:59.512988'),
('l2pnsary6f8cwibma6km0e1jtzlfnj1j', 'MTcyNzAxYWViYzg0MTUwM2JjOGZjZDRmZjYwMjAxMzkxZjhiOGNlYTp7Il9hdXRoX3VzZXJfaGFzaCI6Ijc2MjEwNWQwMGFlZDgyYzY0YTBmMDEyNjdjYzVhZjRhMmU2MTcwNmMiLCJfYXV0aF91c2VyX2JhY2tlbmQiOiJkamFuZ28uY29udHJpYi5hdXRoLmJhY2tlbmRzLk1vZGVsQmFja2VuZCIsIl9hdXRoX3VzZXJfaWQiOiIxIn0=', '2018-04-04 18:46:05.220972'),
('l393n4nz44ryuv0yh6met4hxctt1o8pc', 'MTcyNzAxYWViYzg0MTUwM2JjOGZjZDRmZjYwMjAxMzkxZjhiOGNlYTp7Il9hdXRoX3VzZXJfaGFzaCI6Ijc2MjEwNWQwMGFlZDgyYzY0YTBmMDEyNjdjYzVhZjRhMmU2MTcwNmMiLCJfYXV0aF91c2VyX2JhY2tlbmQiOiJkamFuZ28uY29udHJpYi5hdXRoLmJhY2tlbmRzLk1vZGVsQmFja2VuZCIsIl9hdXRoX3VzZXJfaWQiOiIxIn0=', '2018-05-30 21:18:02.299248'),
('l3haqjwjw0j01qmlyxo62sqdvw1i1tcu', 'MTcyNzAxYWViYzg0MTUwM2JjOGZjZDRmZjYwMjAxMzkxZjhiOGNlYTp7Il9hdXRoX3VzZXJfaGFzaCI6Ijc2MjEwNWQwMGFlZDgyYzY0YTBmMDEyNjdjYzVhZjRhMmU2MTcwNmMiLCJfYXV0aF91c2VyX2JhY2tlbmQiOiJkamFuZ28uY29udHJpYi5hdXRoLmJhY2tlbmRzLk1vZGVsQmFja2VuZCIsIl9hdXRoX3VzZXJfaWQiOiIxIn0=', '2018-05-30 21:32:16.495693'),
('l3jbusvekt654sbacd5db06yjslnulur', 'MTcyNzAxYWViYzg0MTUwM2JjOGZjZDRmZjYwMjAxMzkxZjhiOGNlYTp7Il9hdXRoX3VzZXJfaGFzaCI6Ijc2MjEwNWQwMGFlZDgyYzY0YTBmMDEyNjdjYzVhZjRhMmU2MTcwNmMiLCJfYXV0aF91c2VyX2JhY2tlbmQiOiJkamFuZ28uY29udHJpYi5hdXRoLmJhY2tlbmRzLk1vZGVsQmFja2VuZCIsIl9hdXRoX3VzZXJfaWQiOiIxIn0=', '2018-05-31 18:41:40.317294'),
('l4a72a1bgeudtxi31s6tgy3fna4cei8n', 'MTcyNzAxYWViYzg0MTUwM2JjOGZjZDRmZjYwMjAxMzkxZjhiOGNlYTp7Il9hdXRoX3VzZXJfaGFzaCI6Ijc2MjEwNWQwMGFlZDgyYzY0YTBmMDEyNjdjYzVhZjRhMmU2MTcwNmMiLCJfYXV0aF91c2VyX2JhY2tlbmQiOiJkamFuZ28uY29udHJpYi5hdXRoLmJhY2tlbmRzLk1vZGVsQmFja2VuZCIsIl9hdXRoX3VzZXJfaWQiOiIxIn0=', '2018-04-23 07:06:09.071832'),
('l4bj7x72icfo7jeajmn2nupqvz2o8bt0', 'MTcyNzAxYWViYzg0MTUwM2JjOGZjZDRmZjYwMjAxMzkxZjhiOGNlYTp7Il9hdXRoX3VzZXJfaGFzaCI6Ijc2MjEwNWQwMGFlZDgyYzY0YTBmMDEyNjdjYzVhZjRhMmU2MTcwNmMiLCJfYXV0aF91c2VyX2JhY2tlbmQiOiJkamFuZ28uY29udHJpYi5hdXRoLmJhY2tlbmRzLk1vZGVsQmFja2VuZCIsIl9hdXRoX3VzZXJfaWQiOiIxIn0=', '2018-05-31 05:01:37.578942'),
('l4l70vmcmhh43a99u4mwd5x1837eljen', 'MTcyNzAxYWViYzg0MTUwM2JjOGZjZDRmZjYwMjAxMzkxZjhiOGNlYTp7Il9hdXRoX3VzZXJfaGFzaCI6Ijc2MjEwNWQwMGFlZDgyYzY0YTBmMDEyNjdjYzVhZjRhMmU2MTcwNmMiLCJfYXV0aF91c2VyX2JhY2tlbmQiOiJkamFuZ28uY29udHJpYi5hdXRoLmJhY2tlbmRzLk1vZGVsQmFja2VuZCIsIl9hdXRoX3VzZXJfaWQiOiIxIn0=', '2018-04-04 18:13:27.921802'),
('l6jsneeilgh0mwwb3h1uxhi1b2gj18g3', 'MTcyNzAxYWViYzg0MTUwM2JjOGZjZDRmZjYwMjAxMzkxZjhiOGNlYTp7Il9hdXRoX3VzZXJfaGFzaCI6Ijc2MjEwNWQwMGFlZDgyYzY0YTBmMDEyNjdjYzVhZjRhMmU2MTcwNmMiLCJfYXV0aF91c2VyX2JhY2tlbmQiOiJkamFuZ28uY29udHJpYi5hdXRoLmJhY2tlbmRzLk1vZGVsQmFja2VuZCIsIl9hdXRoX3VzZXJfaWQiOiIxIn0=', '2018-05-18 17:13:00.654562'),
('l7ek062zogvji5ockmqv39ov0ksmtzlv', 'MTcyNzAxYWViYzg0MTUwM2JjOGZjZDRmZjYwMjAxMzkxZjhiOGNlYTp7Il9hdXRoX3VzZXJfaGFzaCI6Ijc2MjEwNWQwMGFlZDgyYzY0YTBmMDEyNjdjYzVhZjRhMmU2MTcwNmMiLCJfYXV0aF91c2VyX2JhY2tlbmQiOiJkamFuZ28uY29udHJpYi5hdXRoLmJhY2tlbmRzLk1vZGVsQmFja2VuZCIsIl9hdXRoX3VzZXJfaWQiOiIxIn0=', '2018-05-31 03:39:21.554514'),
('l8694x1msyenkrv0xbr3vx2mm38dj83r', 'MTcyNzAxYWViYzg0MTUwM2JjOGZjZDRmZjYwMjAxMzkxZjhiOGNlYTp7Il9hdXRoX3VzZXJfaGFzaCI6Ijc2MjEwNWQwMGFlZDgyYzY0YTBmMDEyNjdjYzVhZjRhMmU2MTcwNmMiLCJfYXV0aF91c2VyX2JhY2tlbmQiOiJkamFuZ28uY29udHJpYi5hdXRoLmJhY2tlbmRzLk1vZGVsQmFja2VuZCIsIl9hdXRoX3VzZXJfaWQiOiIxIn0=', '2018-05-31 05:32:24.853763'),
('l89z3bclect1m7kh1f12d46z0t0kfmdf', 'MTcyNzAxYWViYzg0MTUwM2JjOGZjZDRmZjYwMjAxMzkxZjhiOGNlYTp7Il9hdXRoX3VzZXJfaGFzaCI6Ijc2MjEwNWQwMGFlZDgyYzY0YTBmMDEyNjdjYzVhZjRhMmU2MTcwNmMiLCJfYXV0aF91c2VyX2JhY2tlbmQiOiJkamFuZ28uY29udHJpYi5hdXRoLmJhY2tlbmRzLk1vZGVsQmFja2VuZCIsIl9hdXRoX3VzZXJfaWQiOiIxIn0=', '2018-05-01 03:39:44.014712'),
('la3za1fua9kux7rtvgplft1j7j21pdb7', 'MTcyNzAxYWViYzg0MTUwM2JjOGZjZDRmZjYwMjAxMzkxZjhiOGNlYTp7Il9hdXRoX3VzZXJfaGFzaCI6Ijc2MjEwNWQwMGFlZDgyYzY0YTBmMDEyNjdjYzVhZjRhMmU2MTcwNmMiLCJfYXV0aF91c2VyX2JhY2tlbmQiOiJkamFuZ28uY29udHJpYi5hdXRoLmJhY2tlbmRzLk1vZGVsQmFja2VuZCIsIl9hdXRoX3VzZXJfaWQiOiIxIn0=', '2018-05-31 05:35:14.267268'),
('lbhrpiutxhvw2lnwd677v7e0bj3rje0k', 'MTcyNzAxYWViYzg0MTUwM2JjOGZjZDRmZjYwMjAxMzkxZjhiOGNlYTp7Il9hdXRoX3VzZXJfaGFzaCI6Ijc2MjEwNWQwMGFlZDgyYzY0YTBmMDEyNjdjYzVhZjRhMmU2MTcwNmMiLCJfYXV0aF91c2VyX2JhY2tlbmQiOiJkamFuZ28uY29udHJpYi5hdXRoLmJhY2tlbmRzLk1vZGVsQmFja2VuZCIsIl9hdXRoX3VzZXJfaWQiOiIxIn0=', '2018-04-05 20:53:21.214568'),
('lbpdze4rjjrwirp7jqnjydejuadeqogj', 'MTcyNzAxYWViYzg0MTUwM2JjOGZjZDRmZjYwMjAxMzkxZjhiOGNlYTp7Il9hdXRoX3VzZXJfaGFzaCI6Ijc2MjEwNWQwMGFlZDgyYzY0YTBmMDEyNjdjYzVhZjRhMmU2MTcwNmMiLCJfYXV0aF91c2VyX2JhY2tlbmQiOiJkamFuZ28uY29udHJpYi5hdXRoLmJhY2tlbmRzLk1vZGVsQmFja2VuZCIsIl9hdXRoX3VzZXJfaWQiOiIxIn0=', '2018-05-31 04:47:02.687001'),
('lbx9zgp0gb42gd9x7hb6gx37xry5kq6k', 'MTcyNzAxYWViYzg0MTUwM2JjOGZjZDRmZjYwMjAxMzkxZjhiOGNlYTp7Il9hdXRoX3VzZXJfaGFzaCI6Ijc2MjEwNWQwMGFlZDgyYzY0YTBmMDEyNjdjYzVhZjRhMmU2MTcwNmMiLCJfYXV0aF91c2VyX2JhY2tlbmQiOiJkamFuZ28uY29udHJpYi5hdXRoLmJhY2tlbmRzLk1vZGVsQmFja2VuZCIsIl9hdXRoX3VzZXJfaWQiOiIxIn0=', '2018-05-31 05:00:54.866252'),
('lbzydq1oextbvrkbisonmp7hn5j3k387', 'MTcyNzAxYWViYzg0MTUwM2JjOGZjZDRmZjYwMjAxMzkxZjhiOGNlYTp7Il9hdXRoX3VzZXJfaGFzaCI6Ijc2MjEwNWQwMGFlZDgyYzY0YTBmMDEyNjdjYzVhZjRhMmU2MTcwNmMiLCJfYXV0aF91c2VyX2JhY2tlbmQiOiJkamFuZ28uY29udHJpYi5hdXRoLmJhY2tlbmRzLk1vZGVsQmFja2VuZCIsIl9hdXRoX3VzZXJfaWQiOiIxIn0=', '2018-05-31 18:42:56.074885'),
('ld0sh3l9ocope1asc78end1tsmzdsdxc', 'MTcyNzAxYWViYzg0MTUwM2JjOGZjZDRmZjYwMjAxMzkxZjhiOGNlYTp7Il9hdXRoX3VzZXJfaGFzaCI6Ijc2MjEwNWQwMGFlZDgyYzY0YTBmMDEyNjdjYzVhZjRhMmU2MTcwNmMiLCJfYXV0aF91c2VyX2JhY2tlbmQiOiJkamFuZ28uY29udHJpYi5hdXRoLmJhY2tlbmRzLk1vZGVsQmFja2VuZCIsIl9hdXRoX3VzZXJfaWQiOiIxIn0=', '2018-05-01 03:33:07.896320'),
('ld4qzg1lrdbus48843s8ruyuelhxzrb4', 'MTcyNzAxYWViYzg0MTUwM2JjOGZjZDRmZjYwMjAxMzkxZjhiOGNlYTp7Il9hdXRoX3VzZXJfaGFzaCI6Ijc2MjEwNWQwMGFlZDgyYzY0YTBmMDEyNjdjYzVhZjRhMmU2MTcwNmMiLCJfYXV0aF91c2VyX2JhY2tlbmQiOiJkamFuZ28uY29udHJpYi5hdXRoLmJhY2tlbmRzLk1vZGVsQmFja2VuZCIsIl9hdXRoX3VzZXJfaWQiOiIxIn0=', '2018-05-18 17:33:03.116682'),
('leqlzpse87n5mi6owqajzyxgv2p1g5o4', 'MTcyNzAxYWViYzg0MTUwM2JjOGZjZDRmZjYwMjAxMzkxZjhiOGNlYTp7Il9hdXRoX3VzZXJfaGFzaCI6Ijc2MjEwNWQwMGFlZDgyYzY0YTBmMDEyNjdjYzVhZjRhMmU2MTcwNmMiLCJfYXV0aF91c2VyX2JhY2tlbmQiOiJkamFuZ28uY29udHJpYi5hdXRoLmJhY2tlbmRzLk1vZGVsQmFja2VuZCIsIl9hdXRoX3VzZXJfaWQiOiIxIn0=', '2018-05-31 04:35:37.054961'),
('lex1ovjclqc9lv48y1srj0yiij2izi0n', 'MTcyNzAxYWViYzg0MTUwM2JjOGZjZDRmZjYwMjAxMzkxZjhiOGNlYTp7Il9hdXRoX3VzZXJfaGFzaCI6Ijc2MjEwNWQwMGFlZDgyYzY0YTBmMDEyNjdjYzVhZjRhMmU2MTcwNmMiLCJfYXV0aF91c2VyX2JhY2tlbmQiOiJkamFuZ28uY29udHJpYi5hdXRoLmJhY2tlbmRzLk1vZGVsQmFja2VuZCIsIl9hdXRoX3VzZXJfaWQiOiIxIn0=', '2018-05-31 05:25:47.446153'),
('lff6p9fxqjb7mphafvfmvfsl23ywfcfu', 'MTcyNzAxYWViYzg0MTUwM2JjOGZjZDRmZjYwMjAxMzkxZjhiOGNlYTp7Il9hdXRoX3VzZXJfaGFzaCI6Ijc2MjEwNWQwMGFlZDgyYzY0YTBmMDEyNjdjYzVhZjRhMmU2MTcwNmMiLCJfYXV0aF91c2VyX2JhY2tlbmQiOiJkamFuZ28uY29udHJpYi5hdXRoLmJhY2tlbmRzLk1vZGVsQmFja2VuZCIsIl9hdXRoX3VzZXJfaWQiOiIxIn0=', '2018-05-31 05:14:54.685414'),
('lfhtioect336dq3tvvt1h2agfvzsuoy6', 'MTcyNzAxYWViYzg0MTUwM2JjOGZjZDRmZjYwMjAxMzkxZjhiOGNlYTp7Il9hdXRoX3VzZXJfaGFzaCI6Ijc2MjEwNWQwMGFlZDgyYzY0YTBmMDEyNjdjYzVhZjRhMmU2MTcwNmMiLCJfYXV0aF91c2VyX2JhY2tlbmQiOiJkamFuZ28uY29udHJpYi5hdXRoLmJhY2tlbmRzLk1vZGVsQmFja2VuZCIsIl9hdXRoX3VzZXJfaWQiOiIxIn0=', '2018-04-06 02:48:26.285916'),
('lhqvq9ra1ov44uqmsyyt4snpefvvuhiw', 'MTcyNzAxYWViYzg0MTUwM2JjOGZjZDRmZjYwMjAxMzkxZjhiOGNlYTp7Il9hdXRoX3VzZXJfaGFzaCI6Ijc2MjEwNWQwMGFlZDgyYzY0YTBmMDEyNjdjYzVhZjRhMmU2MTcwNmMiLCJfYXV0aF91c2VyX2JhY2tlbmQiOiJkamFuZ28uY29udHJpYi5hdXRoLmJhY2tlbmRzLk1vZGVsQmFja2VuZCIsIl9hdXRoX3VzZXJfaWQiOiIxIn0=', '2018-05-31 18:42:20.049774'),
('lhr9h8kq39fi4zcrjnsvn8kvhcnh7dlt', 'MTcyNzAxYWViYzg0MTUwM2JjOGZjZDRmZjYwMjAxMzkxZjhiOGNlYTp7Il9hdXRoX3VzZXJfaGFzaCI6Ijc2MjEwNWQwMGFlZDgyYzY0YTBmMDEyNjdjYzVhZjRhMmU2MTcwNmMiLCJfYXV0aF91c2VyX2JhY2tlbmQiOiJkamFuZ28uY29udHJpYi5hdXRoLmJhY2tlbmRzLk1vZGVsQmFja2VuZCIsIl9hdXRoX3VzZXJfaWQiOiIxIn0=', '2018-05-18 17:29:37.567246'),
('lhyf8024xvczq5awrwl3sq6xxwjmbt3j', 'MTcyNzAxYWViYzg0MTUwM2JjOGZjZDRmZjYwMjAxMzkxZjhiOGNlYTp7Il9hdXRoX3VzZXJfaGFzaCI6Ijc2MjEwNWQwMGFlZDgyYzY0YTBmMDEyNjdjYzVhZjRhMmU2MTcwNmMiLCJfYXV0aF91c2VyX2JhY2tlbmQiOiJkamFuZ28uY29udHJpYi5hdXRoLmJhY2tlbmRzLk1vZGVsQmFja2VuZCIsIl9hdXRoX3VzZXJfaWQiOiIxIn0=', '2018-05-30 21:17:28.817049'),
('li0uodjo271hzo9ohzmwsmp6fywq3qjs', 'MTcyNzAxYWViYzg0MTUwM2JjOGZjZDRmZjYwMjAxMzkxZjhiOGNlYTp7Il9hdXRoX3VzZXJfaGFzaCI6Ijc2MjEwNWQwMGFlZDgyYzY0YTBmMDEyNjdjYzVhZjRhMmU2MTcwNmMiLCJfYXV0aF91c2VyX2JhY2tlbmQiOiJkamFuZ28uY29udHJpYi5hdXRoLmJhY2tlbmRzLk1vZGVsQmFja2VuZCIsIl9hdXRoX3VzZXJfaWQiOiIxIn0=', '2018-05-31 05:11:34.914291'),
('lj2k8m1e6lrs37y0masxcvrrqfgtc2ua', 'MTcyNzAxYWViYzg0MTUwM2JjOGZjZDRmZjYwMjAxMzkxZjhiOGNlYTp7Il9hdXRoX3VzZXJfaGFzaCI6Ijc2MjEwNWQwMGFlZDgyYzY0YTBmMDEyNjdjYzVhZjRhMmU2MTcwNmMiLCJfYXV0aF91c2VyX2JhY2tlbmQiOiJkamFuZ28uY29udHJpYi5hdXRoLmJhY2tlbmRzLk1vZGVsQmFja2VuZCIsIl9hdXRoX3VzZXJfaWQiOiIxIn0=', '2018-04-05 20:53:04.193240'),
('lj5x2m154uubf1pzihdz3vxsp92htv2g', 'MTcyNzAxYWViYzg0MTUwM2JjOGZjZDRmZjYwMjAxMzkxZjhiOGNlYTp7Il9hdXRoX3VzZXJfaGFzaCI6Ijc2MjEwNWQwMGFlZDgyYzY0YTBmMDEyNjdjYzVhZjRhMmU2MTcwNmMiLCJfYXV0aF91c2VyX2JhY2tlbmQiOiJkamFuZ28uY29udHJpYi5hdXRoLmJhY2tlbmRzLk1vZGVsQmFja2VuZCIsIl9hdXRoX3VzZXJfaWQiOiIxIn0=', '2018-04-30 22:07:56.768829'),
('lj69kgphy80467e6aqldzaruag7j417e', 'MTcyNzAxYWViYzg0MTUwM2JjOGZjZDRmZjYwMjAxMzkxZjhiOGNlYTp7Il9hdXRoX3VzZXJfaGFzaCI6Ijc2MjEwNWQwMGFlZDgyYzY0YTBmMDEyNjdjYzVhZjRhMmU2MTcwNmMiLCJfYXV0aF91c2VyX2JhY2tlbmQiOiJkamFuZ28uY29udHJpYi5hdXRoLmJhY2tlbmRzLk1vZGVsQmFja2VuZCIsIl9hdXRoX3VzZXJfaWQiOiIxIn0=', '2018-04-30 21:45:09.881371'),
('ljjfb7ub40mbjl2r9zkddjeihornoow6', 'MTcyNzAxYWViYzg0MTUwM2JjOGZjZDRmZjYwMjAxMzkxZjhiOGNlYTp7Il9hdXRoX3VzZXJfaGFzaCI6Ijc2MjEwNWQwMGFlZDgyYzY0YTBmMDEyNjdjYzVhZjRhMmU2MTcwNmMiLCJfYXV0aF91c2VyX2JhY2tlbmQiOiJkamFuZ28uY29udHJpYi5hdXRoLmJhY2tlbmRzLk1vZGVsQmFja2VuZCIsIl9hdXRoX3VzZXJfaWQiOiIxIn0=', '2018-05-31 16:29:42.706061'),
('lke4rsefejqwqhuzlk0ur3y2ug78gvaj', 'MTcyNzAxYWViYzg0MTUwM2JjOGZjZDRmZjYwMjAxMzkxZjhiOGNlYTp7Il9hdXRoX3VzZXJfaGFzaCI6Ijc2MjEwNWQwMGFlZDgyYzY0YTBmMDEyNjdjYzVhZjRhMmU2MTcwNmMiLCJfYXV0aF91c2VyX2JhY2tlbmQiOiJkamFuZ28uY29udHJpYi5hdXRoLmJhY2tlbmRzLk1vZGVsQmFja2VuZCIsIl9hdXRoX3VzZXJfaWQiOiIxIn0=', '2018-05-31 18:19:02.617621'),
('ln58lqzzx110a18w8onxi92mzogpyl9d', 'MTcyNzAxYWViYzg0MTUwM2JjOGZjZDRmZjYwMjAxMzkxZjhiOGNlYTp7Il9hdXRoX3VzZXJfaGFzaCI6Ijc2MjEwNWQwMGFlZDgyYzY0YTBmMDEyNjdjYzVhZjRhMmU2MTcwNmMiLCJfYXV0aF91c2VyX2JhY2tlbmQiOiJkamFuZ28uY29udHJpYi5hdXRoLmJhY2tlbmRzLk1vZGVsQmFja2VuZCIsIl9hdXRoX3VzZXJfaWQiOiIxIn0=', '2018-05-18 17:30:32.649321'),
('lnivmhdfox3wjeaqv2a13nk9wh8ieocx', 'MTcyNzAxYWViYzg0MTUwM2JjOGZjZDRmZjYwMjAxMzkxZjhiOGNlYTp7Il9hdXRoX3VzZXJfaGFzaCI6Ijc2MjEwNWQwMGFlZDgyYzY0YTBmMDEyNjdjYzVhZjRhMmU2MTcwNmMiLCJfYXV0aF91c2VyX2JhY2tlbmQiOiJkamFuZ28uY29udHJpYi5hdXRoLmJhY2tlbmRzLk1vZGVsQmFja2VuZCIsIl9hdXRoX3VzZXJfaWQiOiIxIn0=', '2018-05-31 05:26:14.706387'),
('lp5do4ikenqobeii84bqvqnlpe9o5byd', 'MTcyNzAxYWViYzg0MTUwM2JjOGZjZDRmZjYwMjAxMzkxZjhiOGNlYTp7Il9hdXRoX3VzZXJfaGFzaCI6Ijc2MjEwNWQwMGFlZDgyYzY0YTBmMDEyNjdjYzVhZjRhMmU2MTcwNmMiLCJfYXV0aF91c2VyX2JhY2tlbmQiOiJkamFuZ28uY29udHJpYi5hdXRoLmJhY2tlbmRzLk1vZGVsQmFja2VuZCIsIl9hdXRoX3VzZXJfaWQiOiIxIn0=', '2018-04-04 18:50:34.136742'),
('lp94hyek1ye3ndf8b1fklp34h0d1issr', 'MTcyNzAxYWViYzg0MTUwM2JjOGZjZDRmZjYwMjAxMzkxZjhiOGNlYTp7Il9hdXRoX3VzZXJfaGFzaCI6Ijc2MjEwNWQwMGFlZDgyYzY0YTBmMDEyNjdjYzVhZjRhMmU2MTcwNmMiLCJfYXV0aF91c2VyX2JhY2tlbmQiOiJkamFuZ28uY29udHJpYi5hdXRoLmJhY2tlbmRzLk1vZGVsQmFja2VuZCIsIl9hdXRoX3VzZXJfaWQiOiIxIn0=', '2018-05-01 03:52:34.323228'),
('lph23o428324dfgysq7bwiprbibloysy', 'MTcyNzAxYWViYzg0MTUwM2JjOGZjZDRmZjYwMjAxMzkxZjhiOGNlYTp7Il9hdXRoX3VzZXJfaGFzaCI6Ijc2MjEwNWQwMGFlZDgyYzY0YTBmMDEyNjdjYzVhZjRhMmU2MTcwNmMiLCJfYXV0aF91c2VyX2JhY2tlbmQiOiJkamFuZ28uY29udHJpYi5hdXRoLmJhY2tlbmRzLk1vZGVsQmFja2VuZCIsIl9hdXRoX3VzZXJfaWQiOiIxIn0=', '2018-04-30 21:48:19.114438'),
('lph8osx9qmgl467jp7q9ormwbg7j80ga', 'MTcyNzAxYWViYzg0MTUwM2JjOGZjZDRmZjYwMjAxMzkxZjhiOGNlYTp7Il9hdXRoX3VzZXJfaGFzaCI6Ijc2MjEwNWQwMGFlZDgyYzY0YTBmMDEyNjdjYzVhZjRhMmU2MTcwNmMiLCJfYXV0aF91c2VyX2JhY2tlbmQiOiJkamFuZ28uY29udHJpYi5hdXRoLmJhY2tlbmRzLk1vZGVsQmFja2VuZCIsIl9hdXRoX3VzZXJfaWQiOiIxIn0=', '2018-05-31 17:41:34.937729'),
('lr3dsmy8xhxe6ix76jzl7bsu68c1eyzn', 'MTcyNzAxYWViYzg0MTUwM2JjOGZjZDRmZjYwMjAxMzkxZjhiOGNlYTp7Il9hdXRoX3VzZXJfaGFzaCI6Ijc2MjEwNWQwMGFlZDgyYzY0YTBmMDEyNjdjYzVhZjRhMmU2MTcwNmMiLCJfYXV0aF91c2VyX2JhY2tlbmQiOiJkamFuZ28uY29udHJpYi5hdXRoLmJhY2tlbmRzLk1vZGVsQmFja2VuZCIsIl9hdXRoX3VzZXJfaWQiOiIxIn0=', '2018-04-30 20:31:08.005431'),
('ls4zb4m23gl38pk5qjvlwqnm4hf295px', 'MTcyNzAxYWViYzg0MTUwM2JjOGZjZDRmZjYwMjAxMzkxZjhiOGNlYTp7Il9hdXRoX3VzZXJfaGFzaCI6Ijc2MjEwNWQwMGFlZDgyYzY0YTBmMDEyNjdjYzVhZjRhMmU2MTcwNmMiLCJfYXV0aF91c2VyX2JhY2tlbmQiOiJkamFuZ28uY29udHJpYi5hdXRoLmJhY2tlbmRzLk1vZGVsQmFja2VuZCIsIl9hdXRoX3VzZXJfaWQiOiIxIn0=', '2018-04-04 18:52:43.208943'),
('lscczclp3yt02sn7fwbza1xmdo72vfvm', 'MTcyNzAxYWViYzg0MTUwM2JjOGZjZDRmZjYwMjAxMzkxZjhiOGNlYTp7Il9hdXRoX3VzZXJfaGFzaCI6Ijc2MjEwNWQwMGFlZDgyYzY0YTBmMDEyNjdjYzVhZjRhMmU2MTcwNmMiLCJfYXV0aF91c2VyX2JhY2tlbmQiOiJkamFuZ28uY29udHJpYi5hdXRoLmJhY2tlbmRzLk1vZGVsQmFja2VuZCIsIl9hdXRoX3VzZXJfaWQiOiIxIn0=', '2018-05-01 03:18:54.865800'),
('lsfz1iymjpjg0yl84hdfxcd2iat666el', 'MTcyNzAxYWViYzg0MTUwM2JjOGZjZDRmZjYwMjAxMzkxZjhiOGNlYTp7Il9hdXRoX3VzZXJfaGFzaCI6Ijc2MjEwNWQwMGFlZDgyYzY0YTBmMDEyNjdjYzVhZjRhMmU2MTcwNmMiLCJfYXV0aF91c2VyX2JhY2tlbmQiOiJkamFuZ28uY29udHJpYi5hdXRoLmJhY2tlbmRzLk1vZGVsQmFja2VuZCIsIl9hdXRoX3VzZXJfaWQiOiIxIn0=', '2018-04-30 20:31:29.121556'),
('lsw2ljq6pvgk8ll1iu427f2qprz62bts', 'MTcyNzAxYWViYzg0MTUwM2JjOGZjZDRmZjYwMjAxMzkxZjhiOGNlYTp7Il9hdXRoX3VzZXJfaGFzaCI6Ijc2MjEwNWQwMGFlZDgyYzY0YTBmMDEyNjdjYzVhZjRhMmU2MTcwNmMiLCJfYXV0aF91c2VyX2JhY2tlbmQiOiJkamFuZ28uY29udHJpYi5hdXRoLmJhY2tlbmRzLk1vZGVsQmFja2VuZCIsIl9hdXRoX3VzZXJfaWQiOiIxIn0=', '2018-05-31 17:06:06.734742'),
('lti32gpb9xxm2npkk4qmvb8s5u87wifg', 'MTcyNzAxYWViYzg0MTUwM2JjOGZjZDRmZjYwMjAxMzkxZjhiOGNlYTp7Il9hdXRoX3VzZXJfaGFzaCI6Ijc2MjEwNWQwMGFlZDgyYzY0YTBmMDEyNjdjYzVhZjRhMmU2MTcwNmMiLCJfYXV0aF91c2VyX2JhY2tlbmQiOiJkamFuZ28uY29udHJpYi5hdXRoLmJhY2tlbmRzLk1vZGVsQmFja2VuZCIsIl9hdXRoX3VzZXJfaWQiOiIxIn0=', '2018-04-03 16:01:45.186535'),
('ltoziulqn6li07kifz02i4blxfsaaged', 'MTcyNzAxYWViYzg0MTUwM2JjOGZjZDRmZjYwMjAxMzkxZjhiOGNlYTp7Il9hdXRoX3VzZXJfaGFzaCI6Ijc2MjEwNWQwMGFlZDgyYzY0YTBmMDEyNjdjYzVhZjRhMmU2MTcwNmMiLCJfYXV0aF91c2VyX2JhY2tlbmQiOiJkamFuZ28uY29udHJpYi5hdXRoLmJhY2tlbmRzLk1vZGVsQmFja2VuZCIsIl9hdXRoX3VzZXJfaWQiOiIxIn0=', '2018-05-01 03:49:14.364007'),
('lv0g1ef5ag7tesgwa09u4ygjjjwp9cmq', 'MTcyNzAxYWViYzg0MTUwM2JjOGZjZDRmZjYwMjAxMzkxZjhiOGNlYTp7Il9hdXRoX3VzZXJfaGFzaCI6Ijc2MjEwNWQwMGFlZDgyYzY0YTBmMDEyNjdjYzVhZjRhMmU2MTcwNmMiLCJfYXV0aF91c2VyX2JhY2tlbmQiOiJkamFuZ28uY29udHJpYi5hdXRoLmJhY2tlbmRzLk1vZGVsQmFja2VuZCIsIl9hdXRoX3VzZXJfaWQiOiIxIn0=', '2018-04-30 20:58:59.469711'),
('lv2b4sjeo04ysza28m5sc550n54j6jg5', 'MTcyNzAxYWViYzg0MTUwM2JjOGZjZDRmZjYwMjAxMzkxZjhiOGNlYTp7Il9hdXRoX3VzZXJfaGFzaCI6Ijc2MjEwNWQwMGFlZDgyYzY0YTBmMDEyNjdjYzVhZjRhMmU2MTcwNmMiLCJfYXV0aF91c2VyX2JhY2tlbmQiOiJkamFuZ28uY29udHJpYi5hdXRoLmJhY2tlbmRzLk1vZGVsQmFja2VuZCIsIl9hdXRoX3VzZXJfaWQiOiIxIn0=', '2018-04-30 20:25:41.721738'),
('lvm4611m5z0os58s764vrad994xu4eb4', 'MTcyNzAxYWViYzg0MTUwM2JjOGZjZDRmZjYwMjAxMzkxZjhiOGNlYTp7Il9hdXRoX3VzZXJfaGFzaCI6Ijc2MjEwNWQwMGFlZDgyYzY0YTBmMDEyNjdjYzVhZjRhMmU2MTcwNmMiLCJfYXV0aF91c2VyX2JhY2tlbmQiOiJkamFuZ28uY29udHJpYi5hdXRoLmJhY2tlbmRzLk1vZGVsQmFja2VuZCIsIl9hdXRoX3VzZXJfaWQiOiIxIn0=', '2018-04-30 20:04:28.122020'),
('lw0s1j4p7ra1mmhdadue2docglx9a3x5', 'MTcyNzAxYWViYzg0MTUwM2JjOGZjZDRmZjYwMjAxMzkxZjhiOGNlYTp7Il9hdXRoX3VzZXJfaGFzaCI6Ijc2MjEwNWQwMGFlZDgyYzY0YTBmMDEyNjdjYzVhZjRhMmU2MTcwNmMiLCJfYXV0aF91c2VyX2JhY2tlbmQiOiJkamFuZ28uY29udHJpYi5hdXRoLmJhY2tlbmRzLk1vZGVsQmFja2VuZCIsIl9hdXRoX3VzZXJfaWQiOiIxIn0=', '2018-05-01 03:31:29.195693'),
('lw32eczzgcpf96u5dgxo2vy1j9yuyt2f', 'MTcyNzAxYWViYzg0MTUwM2JjOGZjZDRmZjYwMjAxMzkxZjhiOGNlYTp7Il9hdXRoX3VzZXJfaGFzaCI6Ijc2MjEwNWQwMGFlZDgyYzY0YTBmMDEyNjdjYzVhZjRhMmU2MTcwNmMiLCJfYXV0aF91c2VyX2JhY2tlbmQiOiJkamFuZ28uY29udHJpYi5hdXRoLmJhY2tlbmRzLk1vZGVsQmFja2VuZCIsIl9hdXRoX3VzZXJfaWQiOiIxIn0=', '2018-04-30 22:10:16.563500'),
('lx30de1bs1rslpxefaf2fckn1g7m9oxw', 'MTcyNzAxYWViYzg0MTUwM2JjOGZjZDRmZjYwMjAxMzkxZjhiOGNlYTp7Il9hdXRoX3VzZXJfaGFzaCI6Ijc2MjEwNWQwMGFlZDgyYzY0YTBmMDEyNjdjYzVhZjRhMmU2MTcwNmMiLCJfYXV0aF91c2VyX2JhY2tlbmQiOiJkamFuZ28uY29udHJpYi5hdXRoLmJhY2tlbmRzLk1vZGVsQmFja2VuZCIsIl9hdXRoX3VzZXJfaWQiOiIxIn0=', '2018-05-31 04:51:34.981420'),
('lyb8cooxhia5wyov99wqg4duzmjhncft', 'MTcyNzAxYWViYzg0MTUwM2JjOGZjZDRmZjYwMjAxMzkxZjhiOGNlYTp7Il9hdXRoX3VzZXJfaGFzaCI6Ijc2MjEwNWQwMGFlZDgyYzY0YTBmMDEyNjdjYzVhZjRhMmU2MTcwNmMiLCJfYXV0aF91c2VyX2JhY2tlbmQiOiJkamFuZ28uY29udHJpYi5hdXRoLmJhY2tlbmRzLk1vZGVsQmFja2VuZCIsIl9hdXRoX3VzZXJfaWQiOiIxIn0=', '2018-04-04 05:56:35.892701'),
('lzo0j6my8pu0oein4to22nttl64we5cf', 'MTcyNzAxYWViYzg0MTUwM2JjOGZjZDRmZjYwMjAxMzkxZjhiOGNlYTp7Il9hdXRoX3VzZXJfaGFzaCI6Ijc2MjEwNWQwMGFlZDgyYzY0YTBmMDEyNjdjYzVhZjRhMmU2MTcwNmMiLCJfYXV0aF91c2VyX2JhY2tlbmQiOiJkamFuZ28uY29udHJpYi5hdXRoLmJhY2tlbmRzLk1vZGVsQmFja2VuZCIsIl9hdXRoX3VzZXJfaWQiOiIxIn0=', '2018-04-05 19:11:21.451850'),
('m06f47w3gtf9m808vou3iq1essvoyu9y', 'MTcyNzAxYWViYzg0MTUwM2JjOGZjZDRmZjYwMjAxMzkxZjhiOGNlYTp7Il9hdXRoX3VzZXJfaGFzaCI6Ijc2MjEwNWQwMGFlZDgyYzY0YTBmMDEyNjdjYzVhZjRhMmU2MTcwNmMiLCJfYXV0aF91c2VyX2JhY2tlbmQiOiJkamFuZ28uY29udHJpYi5hdXRoLmJhY2tlbmRzLk1vZGVsQmFja2VuZCIsIl9hdXRoX3VzZXJfaWQiOiIxIn0=', '2018-05-01 03:39:39.660937'),
('m08u7p8xy4rkls41m9fc88mm31kzli45', 'MTcyNzAxYWViYzg0MTUwM2JjOGZjZDRmZjYwMjAxMzkxZjhiOGNlYTp7Il9hdXRoX3VzZXJfaGFzaCI6Ijc2MjEwNWQwMGFlZDgyYzY0YTBmMDEyNjdjYzVhZjRhMmU2MTcwNmMiLCJfYXV0aF91c2VyX2JhY2tlbmQiOiJkamFuZ28uY29udHJpYi5hdXRoLmJhY2tlbmRzLk1vZGVsQmFja2VuZCIsIl9hdXRoX3VzZXJfaWQiOiIxIn0=', '2018-04-30 21:08:01.833299'),
('m0ohtsrjocdm8f5twyjq7wrgczq2abya', 'MTcyNzAxYWViYzg0MTUwM2JjOGZjZDRmZjYwMjAxMzkxZjhiOGNlYTp7Il9hdXRoX3VzZXJfaGFzaCI6Ijc2MjEwNWQwMGFlZDgyYzY0YTBmMDEyNjdjYzVhZjRhMmU2MTcwNmMiLCJfYXV0aF91c2VyX2JhY2tlbmQiOiJkamFuZ28uY29udHJpYi5hdXRoLmJhY2tlbmRzLk1vZGVsQmFja2VuZCIsIl9hdXRoX3VzZXJfaWQiOiIxIn0=', '2018-04-30 20:05:17.024013'),
('m392mcnwkjlacvitlhzrb35kbcg61e6r', 'MTcyNzAxYWViYzg0MTUwM2JjOGZjZDRmZjYwMjAxMzkxZjhiOGNlYTp7Il9hdXRoX3VzZXJfaGFzaCI6Ijc2MjEwNWQwMGFlZDgyYzY0YTBmMDEyNjdjYzVhZjRhMmU2MTcwNmMiLCJfYXV0aF91c2VyX2JhY2tlbmQiOiJkamFuZ28uY29udHJpYi5hdXRoLmJhY2tlbmRzLk1vZGVsQmFja2VuZCIsIl9hdXRoX3VzZXJfaWQiOiIxIn0=', '2018-05-31 05:48:24.844870'),
('m3g9nbf4owkqnntnmjtdxp8zzixv09ij', 'MTcyNzAxYWViYzg0MTUwM2JjOGZjZDRmZjYwMjAxMzkxZjhiOGNlYTp7Il9hdXRoX3VzZXJfaGFzaCI6Ijc2MjEwNWQwMGFlZDgyYzY0YTBmMDEyNjdjYzVhZjRhMmU2MTcwNmMiLCJfYXV0aF91c2VyX2JhY2tlbmQiOiJkamFuZ28uY29udHJpYi5hdXRoLmJhY2tlbmRzLk1vZGVsQmFja2VuZCIsIl9hdXRoX3VzZXJfaWQiOiIxIn0=', '2018-04-30 21:07:52.796926'),
('m3oycho1h7fnicwtdgt0rn3jekt2henc', 'MTcyNzAxYWViYzg0MTUwM2JjOGZjZDRmZjYwMjAxMzkxZjhiOGNlYTp7Il9hdXRoX3VzZXJfaGFzaCI6Ijc2MjEwNWQwMGFlZDgyYzY0YTBmMDEyNjdjYzVhZjRhMmU2MTcwNmMiLCJfYXV0aF91c2VyX2JhY2tlbmQiOiJkamFuZ28uY29udHJpYi5hdXRoLmJhY2tlbmRzLk1vZGVsQmFja2VuZCIsIl9hdXRoX3VzZXJfaWQiOiIxIn0=', '2018-04-04 05:32:04.576296'),
('m3v92wyf9t927yqpabcwnbwl03haob5c', 'MTcyNzAxYWViYzg0MTUwM2JjOGZjZDRmZjYwMjAxMzkxZjhiOGNlYTp7Il9hdXRoX3VzZXJfaGFzaCI6Ijc2MjEwNWQwMGFlZDgyYzY0YTBmMDEyNjdjYzVhZjRhMmU2MTcwNmMiLCJfYXV0aF91c2VyX2JhY2tlbmQiOiJkamFuZ28uY29udHJpYi5hdXRoLmJhY2tlbmRzLk1vZGVsQmFja2VuZCIsIl9hdXRoX3VzZXJfaWQiOiIxIn0=', '2018-05-30 21:33:17.458002'),
('m50yb9o0adjorx5ue34hg6bus8mixgtj', 'MTcyNzAxYWViYzg0MTUwM2JjOGZjZDRmZjYwMjAxMzkxZjhiOGNlYTp7Il9hdXRoX3VzZXJfaGFzaCI6Ijc2MjEwNWQwMGFlZDgyYzY0YTBmMDEyNjdjYzVhZjRhMmU2MTcwNmMiLCJfYXV0aF91c2VyX2JhY2tlbmQiOiJkamFuZ28uY29udHJpYi5hdXRoLmJhY2tlbmRzLk1vZGVsQmFja2VuZCIsIl9hdXRoX3VzZXJfaWQiOiIxIn0=', '2018-04-30 21:58:47.911383'),
('m5nlrmocvwc64unw5135cgfnkwgoyqnc', 'MTcyNzAxYWViYzg0MTUwM2JjOGZjZDRmZjYwMjAxMzkxZjhiOGNlYTp7Il9hdXRoX3VzZXJfaGFzaCI6Ijc2MjEwNWQwMGFlZDgyYzY0YTBmMDEyNjdjYzVhZjRhMmU2MTcwNmMiLCJfYXV0aF91c2VyX2JhY2tlbmQiOiJkamFuZ28uY29udHJpYi5hdXRoLmJhY2tlbmRzLk1vZGVsQmFja2VuZCIsIl9hdXRoX3VzZXJfaWQiOiIxIn0=', '2018-05-31 18:31:28.282284'),
('m6tzw9xurct7k15l46y56tv5j59730el', 'MTcyNzAxYWViYzg0MTUwM2JjOGZjZDRmZjYwMjAxMzkxZjhiOGNlYTp7Il9hdXRoX3VzZXJfaGFzaCI6Ijc2MjEwNWQwMGFlZDgyYzY0YTBmMDEyNjdjYzVhZjRhMmU2MTcwNmMiLCJfYXV0aF91c2VyX2JhY2tlbmQiOiJkamFuZ28uY29udHJpYi5hdXRoLmJhY2tlbmRzLk1vZGVsQmFja2VuZCIsIl9hdXRoX3VzZXJfaWQiOiIxIn0=', '2018-04-30 20:59:28.285246'),
('m8xfrazcuxwwb26zd3osfzf9fpznozl5', 'MTcyNzAxYWViYzg0MTUwM2JjOGZjZDRmZjYwMjAxMzkxZjhiOGNlYTp7Il9hdXRoX3VzZXJfaGFzaCI6Ijc2MjEwNWQwMGFlZDgyYzY0YTBmMDEyNjdjYzVhZjRhMmU2MTcwNmMiLCJfYXV0aF91c2VyX2JhY2tlbmQiOiJkamFuZ28uY29udHJpYi5hdXRoLmJhY2tlbmRzLk1vZGVsQmFja2VuZCIsIl9hdXRoX3VzZXJfaWQiOiIxIn0=', '2018-05-31 05:29:48.802688'),
('ma89uspptn7cou0r4ow7fruzdltops2h', 'MTcyNzAxYWViYzg0MTUwM2JjOGZjZDRmZjYwMjAxMzkxZjhiOGNlYTp7Il9hdXRoX3VzZXJfaGFzaCI6Ijc2MjEwNWQwMGFlZDgyYzY0YTBmMDEyNjdjYzVhZjRhMmU2MTcwNmMiLCJfYXV0aF91c2VyX2JhY2tlbmQiOiJkamFuZ28uY29udHJpYi5hdXRoLmJhY2tlbmRzLk1vZGVsQmFja2VuZCIsIl9hdXRoX3VzZXJfaWQiOiIxIn0=', '2018-05-01 03:40:42.517500'),
('mawtvcwp4zfkr9ck257qf9dthmxw5884', 'MTcyNzAxYWViYzg0MTUwM2JjOGZjZDRmZjYwMjAxMzkxZjhiOGNlYTp7Il9hdXRoX3VzZXJfaGFzaCI6Ijc2MjEwNWQwMGFlZDgyYzY0YTBmMDEyNjdjYzVhZjRhMmU2MTcwNmMiLCJfYXV0aF91c2VyX2JhY2tlbmQiOiJkamFuZ28uY29udHJpYi5hdXRoLmJhY2tlbmRzLk1vZGVsQmFja2VuZCIsIl9hdXRoX3VzZXJfaWQiOiIxIn0=', '2018-04-06 02:48:30.291785'),
('mc9x78iuf06kovns87r197qhp6fx6ijy', 'MTcyNzAxYWViYzg0MTUwM2JjOGZjZDRmZjYwMjAxMzkxZjhiOGNlYTp7Il9hdXRoX3VzZXJfaGFzaCI6Ijc2MjEwNWQwMGFlZDgyYzY0YTBmMDEyNjdjYzVhZjRhMmU2MTcwNmMiLCJfYXV0aF91c2VyX2JhY2tlbmQiOiJkamFuZ28uY29udHJpYi5hdXRoLmJhY2tlbmRzLk1vZGVsQmFja2VuZCIsIl9hdXRoX3VzZXJfaWQiOiIxIn0=', '2018-05-18 17:33:20.070285'),
('mca4fn1bl4us8tykanc6upo6fj3v2icy', 'MTcyNzAxYWViYzg0MTUwM2JjOGZjZDRmZjYwMjAxMzkxZjhiOGNlYTp7Il9hdXRoX3VzZXJfaGFzaCI6Ijc2MjEwNWQwMGFlZDgyYzY0YTBmMDEyNjdjYzVhZjRhMmU2MTcwNmMiLCJfYXV0aF91c2VyX2JhY2tlbmQiOiJkamFuZ28uY29udHJpYi5hdXRoLmJhY2tlbmRzLk1vZGVsQmFja2VuZCIsIl9hdXRoX3VzZXJfaWQiOiIxIn0=', '2018-04-30 20:25:36.268723'),
('mda6wenh18cq9jg3rcm2d4eywrqbfqg3', 'MTcyNzAxYWViYzg0MTUwM2JjOGZjZDRmZjYwMjAxMzkxZjhiOGNlYTp7Il9hdXRoX3VzZXJfaGFzaCI6Ijc2MjEwNWQwMGFlZDgyYzY0YTBmMDEyNjdjYzVhZjRhMmU2MTcwNmMiLCJfYXV0aF91c2VyX2JhY2tlbmQiOiJkamFuZ28uY29udHJpYi5hdXRoLmJhY2tlbmRzLk1vZGVsQmFja2VuZCIsIl9hdXRoX3VzZXJfaWQiOiIxIn0=', '2018-05-18 17:55:00.667812'),
('mdr7je60rjsvr38rbodhsg1r9ahcejk7', 'MTcyNzAxYWViYzg0MTUwM2JjOGZjZDRmZjYwMjAxMzkxZjhiOGNlYTp7Il9hdXRoX3VzZXJfaGFzaCI6Ijc2MjEwNWQwMGFlZDgyYzY0YTBmMDEyNjdjYzVhZjRhMmU2MTcwNmMiLCJfYXV0aF91c2VyX2JhY2tlbmQiOiJkamFuZ28uY29udHJpYi5hdXRoLmJhY2tlbmRzLk1vZGVsQmFja2VuZCIsIl9hdXRoX3VzZXJfaWQiOiIxIn0=', '2018-04-30 20:31:44.300560'),
('me9gxjm9hg176kzrfeqk20nf5l0e9q4j', 'MTcyNzAxYWViYzg0MTUwM2JjOGZjZDRmZjYwMjAxMzkxZjhiOGNlYTp7Il9hdXRoX3VzZXJfaGFzaCI6Ijc2MjEwNWQwMGFlZDgyYzY0YTBmMDEyNjdjYzVhZjRhMmU2MTcwNmMiLCJfYXV0aF91c2VyX2JhY2tlbmQiOiJkamFuZ28uY29udHJpYi5hdXRoLmJhY2tlbmRzLk1vZGVsQmFja2VuZCIsIl9hdXRoX3VzZXJfaWQiOiIxIn0=', '2018-04-04 05:22:46.153633'),
('meqqduk409e8n7vh29hpklaptduq0zqp', 'MTcyNzAxYWViYzg0MTUwM2JjOGZjZDRmZjYwMjAxMzkxZjhiOGNlYTp7Il9hdXRoX3VzZXJfaGFzaCI6Ijc2MjEwNWQwMGFlZDgyYzY0YTBmMDEyNjdjYzVhZjRhMmU2MTcwNmMiLCJfYXV0aF91c2VyX2JhY2tlbmQiOiJkamFuZ28uY29udHJpYi5hdXRoLmJhY2tlbmRzLk1vZGVsQmFja2VuZCIsIl9hdXRoX3VzZXJfaWQiOiIxIn0=', '2018-05-31 18:04:31.282423'),
('mh178uugjv56x5afl43uw43afbt2q3ai', 'MTcyNzAxYWViYzg0MTUwM2JjOGZjZDRmZjYwMjAxMzkxZjhiOGNlYTp7Il9hdXRoX3VzZXJfaGFzaCI6Ijc2MjEwNWQwMGFlZDgyYzY0YTBmMDEyNjdjYzVhZjRhMmU2MTcwNmMiLCJfYXV0aF91c2VyX2JhY2tlbmQiOiJkamFuZ28uY29udHJpYi5hdXRoLmJhY2tlbmRzLk1vZGVsQmFja2VuZCIsIl9hdXRoX3VzZXJfaWQiOiIxIn0=', '2018-05-30 21:06:45.009268'),
('mhk35vjcjscuy7mrkqlvdcv60mlvxdfl', 'MTcyNzAxYWViYzg0MTUwM2JjOGZjZDRmZjYwMjAxMzkxZjhiOGNlYTp7Il9hdXRoX3VzZXJfaGFzaCI6Ijc2MjEwNWQwMGFlZDgyYzY0YTBmMDEyNjdjYzVhZjRhMmU2MTcwNmMiLCJfYXV0aF91c2VyX2JhY2tlbmQiOiJkamFuZ28uY29udHJpYi5hdXRoLmJhY2tlbmRzLk1vZGVsQmFja2VuZCIsIl9hdXRoX3VzZXJfaWQiOiIxIn0=', '2018-04-04 18:52:21.883096'),
('mj17nfy9gun2sbe3hqv0waqna7pe6xvq', 'MTcyNzAxYWViYzg0MTUwM2JjOGZjZDRmZjYwMjAxMzkxZjhiOGNlYTp7Il9hdXRoX3VzZXJfaGFzaCI6Ijc2MjEwNWQwMGFlZDgyYzY0YTBmMDEyNjdjYzVhZjRhMmU2MTcwNmMiLCJfYXV0aF91c2VyX2JhY2tlbmQiOiJkamFuZ28uY29udHJpYi5hdXRoLmJhY2tlbmRzLk1vZGVsQmFja2VuZCIsIl9hdXRoX3VzZXJfaWQiOiIxIn0=', '2018-05-31 17:09:02.751538'),
('mj3yiauk9ag1ss3lercw92j861s4v7ex', 'MTcyNzAxYWViYzg0MTUwM2JjOGZjZDRmZjYwMjAxMzkxZjhiOGNlYTp7Il9hdXRoX3VzZXJfaGFzaCI6Ijc2MjEwNWQwMGFlZDgyYzY0YTBmMDEyNjdjYzVhZjRhMmU2MTcwNmMiLCJfYXV0aF91c2VyX2JhY2tlbmQiOiJkamFuZ28uY29udHJpYi5hdXRoLmJhY2tlbmRzLk1vZGVsQmFja2VuZCIsIl9hdXRoX3VzZXJfaWQiOiIxIn0=', '2018-05-31 04:43:02.225784'),
('mjsp7giw2ibp7muzu6g36arstq260ai0', 'MTcyNzAxYWViYzg0MTUwM2JjOGZjZDRmZjYwMjAxMzkxZjhiOGNlYTp7Il9hdXRoX3VzZXJfaGFzaCI6Ijc2MjEwNWQwMGFlZDgyYzY0YTBmMDEyNjdjYzVhZjRhMmU2MTcwNmMiLCJfYXV0aF91c2VyX2JhY2tlbmQiOiJkamFuZ28uY29udHJpYi5hdXRoLmJhY2tlbmRzLk1vZGVsQmFja2VuZCIsIl9hdXRoX3VzZXJfaWQiOiIxIn0=', '2018-04-05 21:02:38.231771'),
('mk2vnt1suplqvasvetrinx9p3jd79zjh', 'MTcyNzAxYWViYzg0MTUwM2JjOGZjZDRmZjYwMjAxMzkxZjhiOGNlYTp7Il9hdXRoX3VzZXJfaGFzaCI6Ijc2MjEwNWQwMGFlZDgyYzY0YTBmMDEyNjdjYzVhZjRhMmU2MTcwNmMiLCJfYXV0aF91c2VyX2JhY2tlbmQiOiJkamFuZ28uY29udHJpYi5hdXRoLmJhY2tlbmRzLk1vZGVsQmFja2VuZCIsIl9hdXRoX3VzZXJfaWQiOiIxIn0=', '2018-05-18 17:32:53.316291'),
('mk6b5qijdnlpkj80l32cfjnireothi2s', 'MTcyNzAxYWViYzg0MTUwM2JjOGZjZDRmZjYwMjAxMzkxZjhiOGNlYTp7Il9hdXRoX3VzZXJfaGFzaCI6Ijc2MjEwNWQwMGFlZDgyYzY0YTBmMDEyNjdjYzVhZjRhMmU2MTcwNmMiLCJfYXV0aF91c2VyX2JhY2tlbmQiOiJkamFuZ28uY29udHJpYi5hdXRoLmJhY2tlbmRzLk1vZGVsQmFja2VuZCIsIl9hdXRoX3VzZXJfaWQiOiIxIn0=', '2018-05-01 03:46:10.004096'),
('mk7akpvqlr674plopnvreonn27qy98s8', 'MTcyNzAxYWViYzg0MTUwM2JjOGZjZDRmZjYwMjAxMzkxZjhiOGNlYTp7Il9hdXRoX3VzZXJfaGFzaCI6Ijc2MjEwNWQwMGFlZDgyYzY0YTBmMDEyNjdjYzVhZjRhMmU2MTcwNmMiLCJfYXV0aF91c2VyX2JhY2tlbmQiOiJkamFuZ28uY29udHJpYi5hdXRoLmJhY2tlbmRzLk1vZGVsQmFja2VuZCIsIl9hdXRoX3VzZXJfaWQiOiIxIn0=', '2018-05-01 03:19:18.880666'),
('mlr7xw6kjcy3zx173ebo0vql2e5rmmta', 'MTcyNzAxYWViYzg0MTUwM2JjOGZjZDRmZjYwMjAxMzkxZjhiOGNlYTp7Il9hdXRoX3VzZXJfaGFzaCI6Ijc2MjEwNWQwMGFlZDgyYzY0YTBmMDEyNjdjYzVhZjRhMmU2MTcwNmMiLCJfYXV0aF91c2VyX2JhY2tlbmQiOiJkamFuZ28uY29udHJpYi5hdXRoLmJhY2tlbmRzLk1vZGVsQmFja2VuZCIsIl9hdXRoX3VzZXJfaWQiOiIxIn0=', '2018-04-30 21:15:57.089819'),
('mls20z5ybmgrp9vzdvyl6xhhkjwipe7w', 'MTcyNzAxYWViYzg0MTUwM2JjOGZjZDRmZjYwMjAxMzkxZjhiOGNlYTp7Il9hdXRoX3VzZXJfaGFzaCI6Ijc2MjEwNWQwMGFlZDgyYzY0YTBmMDEyNjdjYzVhZjRhMmU2MTcwNmMiLCJfYXV0aF91c2VyX2JhY2tlbmQiOiJkamFuZ28uY29udHJpYi5hdXRoLmJhY2tlbmRzLk1vZGVsQmFja2VuZCIsIl9hdXRoX3VzZXJfaWQiOiIxIn0=', '2018-04-05 20:52:00.422178'),
('mou4sw3zmt4exim5q7cp5aefcviuwtvf', 'MTcyNzAxYWViYzg0MTUwM2JjOGZjZDRmZjYwMjAxMzkxZjhiOGNlYTp7Il9hdXRoX3VzZXJfaGFzaCI6Ijc2MjEwNWQwMGFlZDgyYzY0YTBmMDEyNjdjYzVhZjRhMmU2MTcwNmMiLCJfYXV0aF91c2VyX2JhY2tlbmQiOiJkamFuZ28uY29udHJpYi5hdXRoLmJhY2tlbmRzLk1vZGVsQmFja2VuZCIsIl9hdXRoX3VzZXJfaWQiOiIxIn0=', '2018-05-31 03:40:31.026827'),
('mpya81xmor6jymxnbl6e2tke8mdb37t4', 'MTcyNzAxYWViYzg0MTUwM2JjOGZjZDRmZjYwMjAxMzkxZjhiOGNlYTp7Il9hdXRoX3VzZXJfaGFzaCI6Ijc2MjEwNWQwMGFlZDgyYzY0YTBmMDEyNjdjYzVhZjRhMmU2MTcwNmMiLCJfYXV0aF91c2VyX2JhY2tlbmQiOiJkamFuZ28uY29udHJpYi5hdXRoLmJhY2tlbmRzLk1vZGVsQmFja2VuZCIsIl9hdXRoX3VzZXJfaWQiOiIxIn0=', '2018-05-31 04:58:40.518025'),
('mqe0mvirfyoxza2oad7am3fqlxapm4q4', 'MTcyNzAxYWViYzg0MTUwM2JjOGZjZDRmZjYwMjAxMzkxZjhiOGNlYTp7Il9hdXRoX3VzZXJfaGFzaCI6Ijc2MjEwNWQwMGFlZDgyYzY0YTBmMDEyNjdjYzVhZjRhMmU2MTcwNmMiLCJfYXV0aF91c2VyX2JhY2tlbmQiOiJkamFuZ28uY29udHJpYi5hdXRoLmJhY2tlbmRzLk1vZGVsQmFja2VuZCIsIl9hdXRoX3VzZXJfaWQiOiIxIn0=', '2018-04-04 03:54:46.663663'),
('mqnph669qi18asxaf58360ll71xqsfr1', 'MTcyNzAxYWViYzg0MTUwM2JjOGZjZDRmZjYwMjAxMzkxZjhiOGNlYTp7Il9hdXRoX3VzZXJfaGFzaCI6Ijc2MjEwNWQwMGFlZDgyYzY0YTBmMDEyNjdjYzVhZjRhMmU2MTcwNmMiLCJfYXV0aF91c2VyX2JhY2tlbmQiOiJkamFuZ28uY29udHJpYi5hdXRoLmJhY2tlbmRzLk1vZGVsQmFja2VuZCIsIl9hdXRoX3VzZXJfaWQiOiIxIn0=', '2018-05-31 17:54:10.960365'),
('mrt6rpab5p11th129g35qgn6o90pduqy', 'MTcyNzAxYWViYzg0MTUwM2JjOGZjZDRmZjYwMjAxMzkxZjhiOGNlYTp7Il9hdXRoX3VzZXJfaGFzaCI6Ijc2MjEwNWQwMGFlZDgyYzY0YTBmMDEyNjdjYzVhZjRhMmU2MTcwNmMiLCJfYXV0aF91c2VyX2JhY2tlbmQiOiJkamFuZ28uY29udHJpYi5hdXRoLmJhY2tlbmRzLk1vZGVsQmFja2VuZCIsIl9hdXRoX3VzZXJfaWQiOiIxIn0=', '2018-05-31 18:03:11.676408'),
('mrx9caj25ge8ppka37de0u9yf4uzq3ll', 'MTcyNzAxYWViYzg0MTUwM2JjOGZjZDRmZjYwMjAxMzkxZjhiOGNlYTp7Il9hdXRoX3VzZXJfaGFzaCI6Ijc2MjEwNWQwMGFlZDgyYzY0YTBmMDEyNjdjYzVhZjRhMmU2MTcwNmMiLCJfYXV0aF91c2VyX2JhY2tlbmQiOiJkamFuZ28uY29udHJpYi5hdXRoLmJhY2tlbmRzLk1vZGVsQmFja2VuZCIsIl9hdXRoX3VzZXJfaWQiOiIxIn0=', '2018-05-31 04:32:43.065021'),
('ms63he24xpkkf2l0j7eiozewa73wor7u', 'MTcyNzAxYWViYzg0MTUwM2JjOGZjZDRmZjYwMjAxMzkxZjhiOGNlYTp7Il9hdXRoX3VzZXJfaGFzaCI6Ijc2MjEwNWQwMGFlZDgyYzY0YTBmMDEyNjdjYzVhZjRhMmU2MTcwNmMiLCJfYXV0aF91c2VyX2JhY2tlbmQiOiJkamFuZ28uY29udHJpYi5hdXRoLmJhY2tlbmRzLk1vZGVsQmFja2VuZCIsIl9hdXRoX3VzZXJfaWQiOiIxIn0=', '2018-05-01 03:22:13.700793'),
('msgqle5rtk6ty1aj15c5u2cuj1sg1zvg', 'MTcyNzAxYWViYzg0MTUwM2JjOGZjZDRmZjYwMjAxMzkxZjhiOGNlYTp7Il9hdXRoX3VzZXJfaGFzaCI6Ijc2MjEwNWQwMGFlZDgyYzY0YTBmMDEyNjdjYzVhZjRhMmU2MTcwNmMiLCJfYXV0aF91c2VyX2JhY2tlbmQiOiJkamFuZ28uY29udHJpYi5hdXRoLmJhY2tlbmRzLk1vZGVsQmFja2VuZCIsIl9hdXRoX3VzZXJfaWQiOiIxIn0=', '2018-05-31 04:45:15.480882'),
('mt513jms01ri0k66sz4tfmsvyna7a8cv', 'MTcyNzAxYWViYzg0MTUwM2JjOGZjZDRmZjYwMjAxMzkxZjhiOGNlYTp7Il9hdXRoX3VzZXJfaGFzaCI6Ijc2MjEwNWQwMGFlZDgyYzY0YTBmMDEyNjdjYzVhZjRhMmU2MTcwNmMiLCJfYXV0aF91c2VyX2JhY2tlbmQiOiJkamFuZ28uY29udHJpYi5hdXRoLmJhY2tlbmRzLk1vZGVsQmFja2VuZCIsIl9hdXRoX3VzZXJfaWQiOiIxIn0=', '2018-05-01 03:51:56.682364'),
('mtbtzukaqg4s76tu15ci7skh6mj2dljw', 'MTcyNzAxYWViYzg0MTUwM2JjOGZjZDRmZjYwMjAxMzkxZjhiOGNlYTp7Il9hdXRoX3VzZXJfaGFzaCI6Ijc2MjEwNWQwMGFlZDgyYzY0YTBmMDEyNjdjYzVhZjRhMmU2MTcwNmMiLCJfYXV0aF91c2VyX2JhY2tlbmQiOiJkamFuZ28uY29udHJpYi5hdXRoLmJhY2tlbmRzLk1vZGVsQmFja2VuZCIsIl9hdXRoX3VzZXJfaWQiOiIxIn0=', '2018-05-18 19:24:18.681321'),
('mtdab649z2skyjz85p3zb3fxs5fmk5xp', 'MTcyNzAxYWViYzg0MTUwM2JjOGZjZDRmZjYwMjAxMzkxZjhiOGNlYTp7Il9hdXRoX3VzZXJfaGFzaCI6Ijc2MjEwNWQwMGFlZDgyYzY0YTBmMDEyNjdjYzVhZjRhMmU2MTcwNmMiLCJfYXV0aF91c2VyX2JhY2tlbmQiOiJkamFuZ28uY29udHJpYi5hdXRoLmJhY2tlbmRzLk1vZGVsQmFja2VuZCIsIl9hdXRoX3VzZXJfaWQiOiIxIn0=', '2018-05-30 21:33:11.038289'),
('mty5cscujjp6qali09tvyd5ftxrhiqug', 'MTcyNzAxYWViYzg0MTUwM2JjOGZjZDRmZjYwMjAxMzkxZjhiOGNlYTp7Il9hdXRoX3VzZXJfaGFzaCI6Ijc2MjEwNWQwMGFlZDgyYzY0YTBmMDEyNjdjYzVhZjRhMmU2MTcwNmMiLCJfYXV0aF91c2VyX2JhY2tlbmQiOiJkamFuZ28uY29udHJpYi5hdXRoLmJhY2tlbmRzLk1vZGVsQmFja2VuZCIsIl9hdXRoX3VzZXJfaWQiOiIxIn0=', '2018-04-30 22:07:17.107549'),
('mu9tglheubwbc40r8kp2seq8zcbdax97', 'MTcyNzAxYWViYzg0MTUwM2JjOGZjZDRmZjYwMjAxMzkxZjhiOGNlYTp7Il9hdXRoX3VzZXJfaGFzaCI6Ijc2MjEwNWQwMGFlZDgyYzY0YTBmMDEyNjdjYzVhZjRhMmU2MTcwNmMiLCJfYXV0aF91c2VyX2JhY2tlbmQiOiJkamFuZ28uY29udHJpYi5hdXRoLmJhY2tlbmRzLk1vZGVsQmFja2VuZCIsIl9hdXRoX3VzZXJfaWQiOiIxIn0=', '2018-05-31 05:47:43.316299'),
('muyysq9wleu77h8h3gmt4r2bm371pieh', 'MTcyNzAxYWViYzg0MTUwM2JjOGZjZDRmZjYwMjAxMzkxZjhiOGNlYTp7Il9hdXRoX3VzZXJfaGFzaCI6Ijc2MjEwNWQwMGFlZDgyYzY0YTBmMDEyNjdjYzVhZjRhMmU2MTcwNmMiLCJfYXV0aF91c2VyX2JhY2tlbmQiOiJkamFuZ28uY29udHJpYi5hdXRoLmJhY2tlbmRzLk1vZGVsQmFja2VuZCIsIl9hdXRoX3VzZXJfaWQiOiIxIn0=', '2018-04-30 21:48:09.779455'),
('mvea13vl0gzkd9ogcl0048v8983lj37b', 'MTcyNzAxYWViYzg0MTUwM2JjOGZjZDRmZjYwMjAxMzkxZjhiOGNlYTp7Il9hdXRoX3VzZXJfaGFzaCI6Ijc2MjEwNWQwMGFlZDgyYzY0YTBmMDEyNjdjYzVhZjRhMmU2MTcwNmMiLCJfYXV0aF91c2VyX2JhY2tlbmQiOiJkamFuZ28uY29udHJpYi5hdXRoLmJhY2tlbmRzLk1vZGVsQmFja2VuZCIsIl9hdXRoX3VzZXJfaWQiOiIxIn0=', '2018-05-30 21:07:43.402878'),
('mw0qbc6lmnyr32hyhv1ilb6c1zi57u92', 'MTcyNzAxYWViYzg0MTUwM2JjOGZjZDRmZjYwMjAxMzkxZjhiOGNlYTp7Il9hdXRoX3VzZXJfaGFzaCI6Ijc2MjEwNWQwMGFlZDgyYzY0YTBmMDEyNjdjYzVhZjRhMmU2MTcwNmMiLCJfYXV0aF91c2VyX2JhY2tlbmQiOiJkamFuZ28uY29udHJpYi5hdXRoLmJhY2tlbmRzLk1vZGVsQmFja2VuZCIsIl9hdXRoX3VzZXJfaWQiOiIxIn0=', '2018-05-31 05:14:10.712955'),
('mwepbtjzyulnfs0h5c5h6u1qv2m06w0e', 'MTcyNzAxYWViYzg0MTUwM2JjOGZjZDRmZjYwMjAxMzkxZjhiOGNlYTp7Il9hdXRoX3VzZXJfaGFzaCI6Ijc2MjEwNWQwMGFlZDgyYzY0YTBmMDEyNjdjYzVhZjRhMmU2MTcwNmMiLCJfYXV0aF91c2VyX2JhY2tlbmQiOiJkamFuZ28uY29udHJpYi5hdXRoLmJhY2tlbmRzLk1vZGVsQmFja2VuZCIsIl9hdXRoX3VzZXJfaWQiOiIxIn0=', '2018-04-23 07:07:43.162632'),
('mxzld0pyxv5ekypd054tlfbs31of9g58', 'MGY0MWNhYWYwNjY3ZTM2ZjM2NGEwODgyOWU3MTc2NjI3NDRlZjU2ZTp7Il9hdXRoX3VzZXJfaGFzaCI6IjA2YzEwMWYwYTE5NjM2MzI3ZWQxMzZjYjQyNjNhZjlhYTUxN2Q0ODEiLCJfYXV0aF91c2VyX2JhY2tlbmQiOiJkamFuZ28uY29udHJpYi5hdXRoLmJhY2tlbmRzLk1vZGVsQmFja2VuZCIsIl9hdXRoX3VzZXJfaWQiOiIzIn0=', '2018-05-31 05:40:15.899506'),
('myc6odvxtr6omzynq0fl3xarl5t3ayvu', 'MTcyNzAxYWViYzg0MTUwM2JjOGZjZDRmZjYwMjAxMzkxZjhiOGNlYTp7Il9hdXRoX3VzZXJfaGFzaCI6Ijc2MjEwNWQwMGFlZDgyYzY0YTBmMDEyNjdjYzVhZjRhMmU2MTcwNmMiLCJfYXV0aF91c2VyX2JhY2tlbmQiOiJkamFuZ28uY29udHJpYi5hdXRoLmJhY2tlbmRzLk1vZGVsQmFja2VuZCIsIl9hdXRoX3VzZXJfaWQiOiIxIn0=', '2018-05-31 04:56:05.010521'),
('myharoqy314ytv4y7j7uune0x7zhk0my', 'MTcyNzAxYWViYzg0MTUwM2JjOGZjZDRmZjYwMjAxMzkxZjhiOGNlYTp7Il9hdXRoX3VzZXJfaGFzaCI6Ijc2MjEwNWQwMGFlZDgyYzY0YTBmMDEyNjdjYzVhZjRhMmU2MTcwNmMiLCJfYXV0aF91c2VyX2JhY2tlbmQiOiJkamFuZ28uY29udHJpYi5hdXRoLmJhY2tlbmRzLk1vZGVsQmFja2VuZCIsIl9hdXRoX3VzZXJfaWQiOiIxIn0=', '2018-04-04 03:51:54.166439'),
('mzih8r41n2p4ty92pkpj6y6pkplc7h55', 'MTcyNzAxYWViYzg0MTUwM2JjOGZjZDRmZjYwMjAxMzkxZjhiOGNlYTp7Il9hdXRoX3VzZXJfaGFzaCI6Ijc2MjEwNWQwMGFlZDgyYzY0YTBmMDEyNjdjYzVhZjRhMmU2MTcwNmMiLCJfYXV0aF91c2VyX2JhY2tlbmQiOiJkamFuZ28uY29udHJpYi5hdXRoLmJhY2tlbmRzLk1vZGVsQmFja2VuZCIsIl9hdXRoX3VzZXJfaWQiOiIxIn0=', '2018-05-31 17:53:43.333709'),
('n22876dl9wavz08t727dyvxl74cnyj06', 'MTcyNzAxYWViYzg0MTUwM2JjOGZjZDRmZjYwMjAxMzkxZjhiOGNlYTp7Il9hdXRoX3VzZXJfaGFzaCI6Ijc2MjEwNWQwMGFlZDgyYzY0YTBmMDEyNjdjYzVhZjRhMmU2MTcwNmMiLCJfYXV0aF91c2VyX2JhY2tlbmQiOiJkamFuZ28uY29udHJpYi5hdXRoLmJhY2tlbmRzLk1vZGVsQmFja2VuZCIsIl9hdXRoX3VzZXJfaWQiOiIxIn0=', '2018-04-30 22:02:52.620843'),
('n2wk41wq5pkukjykoxc1hvr0p7sagvbh', 'MTcyNzAxYWViYzg0MTUwM2JjOGZjZDRmZjYwMjAxMzkxZjhiOGNlYTp7Il9hdXRoX3VzZXJfaGFzaCI6Ijc2MjEwNWQwMGFlZDgyYzY0YTBmMDEyNjdjYzVhZjRhMmU2MTcwNmMiLCJfYXV0aF91c2VyX2JhY2tlbmQiOiJkamFuZ28uY29udHJpYi5hdXRoLmJhY2tlbmRzLk1vZGVsQmFja2VuZCIsIl9hdXRoX3VzZXJfaWQiOiIxIn0=', '2018-04-06 02:49:06.191048'),
('n3regs45r9v5hk3wibaiwirvxr0b3hvm', 'MTcyNzAxYWViYzg0MTUwM2JjOGZjZDRmZjYwMjAxMzkxZjhiOGNlYTp7Il9hdXRoX3VzZXJfaGFzaCI6Ijc2MjEwNWQwMGFlZDgyYzY0YTBmMDEyNjdjYzVhZjRhMmU2MTcwNmMiLCJfYXV0aF91c2VyX2JhY2tlbmQiOiJkamFuZ28uY29udHJpYi5hdXRoLmJhY2tlbmRzLk1vZGVsQmFja2VuZCIsIl9hdXRoX3VzZXJfaWQiOiIxIn0=', '2018-05-31 05:05:44.274314'),
('n4u1r9tvh6iqpvwomo9jos568txicddl', 'MTcyNzAxYWViYzg0MTUwM2JjOGZjZDRmZjYwMjAxMzkxZjhiOGNlYTp7Il9hdXRoX3VzZXJfaGFzaCI6Ijc2MjEwNWQwMGFlZDgyYzY0YTBmMDEyNjdjYzVhZjRhMmU2MTcwNmMiLCJfYXV0aF91c2VyX2JhY2tlbmQiOiJkamFuZ28uY29udHJpYi5hdXRoLmJhY2tlbmRzLk1vZGVsQmFja2VuZCIsIl9hdXRoX3VzZXJfaWQiOiIxIn0=', '2018-04-30 21:44:38.860526'),
('n6967ey0jqqhcqkduf1frm4kc15b0rbl', 'MTcyNzAxYWViYzg0MTUwM2JjOGZjZDRmZjYwMjAxMzkxZjhiOGNlYTp7Il9hdXRoX3VzZXJfaGFzaCI6Ijc2MjEwNWQwMGFlZDgyYzY0YTBmMDEyNjdjYzVhZjRhMmU2MTcwNmMiLCJfYXV0aF91c2VyX2JhY2tlbmQiOiJkamFuZ28uY29udHJpYi5hdXRoLmJhY2tlbmRzLk1vZGVsQmFja2VuZCIsIl9hdXRoX3VzZXJfaWQiOiIxIn0=', '2018-05-31 17:53:15.360991'),
('n69cexz1gpnqcea5qyba9rj9a4mu5tdu', 'MTcyNzAxYWViYzg0MTUwM2JjOGZjZDRmZjYwMjAxMzkxZjhiOGNlYTp7Il9hdXRoX3VzZXJfaGFzaCI6Ijc2MjEwNWQwMGFlZDgyYzY0YTBmMDEyNjdjYzVhZjRhMmU2MTcwNmMiLCJfYXV0aF91c2VyX2JhY2tlbmQiOiJkamFuZ28uY29udHJpYi5hdXRoLmJhY2tlbmRzLk1vZGVsQmFja2VuZCIsIl9hdXRoX3VzZXJfaWQiOiIxIn0=', '2018-05-01 03:45:18.312819'),
('n6mr009jx3gawxxt9jx83yo0hisaqrwj', 'MTcyNzAxYWViYzg0MTUwM2JjOGZjZDRmZjYwMjAxMzkxZjhiOGNlYTp7Il9hdXRoX3VzZXJfaGFzaCI6Ijc2MjEwNWQwMGFlZDgyYzY0YTBmMDEyNjdjYzVhZjRhMmU2MTcwNmMiLCJfYXV0aF91c2VyX2JhY2tlbmQiOiJkamFuZ28uY29udHJpYi5hdXRoLmJhY2tlbmRzLk1vZGVsQmFja2VuZCIsIl9hdXRoX3VzZXJfaWQiOiIxIn0=', '2018-04-30 20:42:53.329850'),
('n6nz0tpt2no9tczduwc4kvtpraxatya7', 'MTcyNzAxYWViYzg0MTUwM2JjOGZjZDRmZjYwMjAxMzkxZjhiOGNlYTp7Il9hdXRoX3VzZXJfaGFzaCI6Ijc2MjEwNWQwMGFlZDgyYzY0YTBmMDEyNjdjYzVhZjRhMmU2MTcwNmMiLCJfYXV0aF91c2VyX2JhY2tlbmQiOiJkamFuZ28uY29udHJpYi5hdXRoLmJhY2tlbmRzLk1vZGVsQmFja2VuZCIsIl9hdXRoX3VzZXJfaWQiOiIxIn0=', '2018-05-31 05:04:04.250360'),
('n6ybkvt3jllp8rf6e1clb0zl45j7q5u1', 'MTcyNzAxYWViYzg0MTUwM2JjOGZjZDRmZjYwMjAxMzkxZjhiOGNlYTp7Il9hdXRoX3VzZXJfaGFzaCI6Ijc2MjEwNWQwMGFlZDgyYzY0YTBmMDEyNjdjYzVhZjRhMmU2MTcwNmMiLCJfYXV0aF91c2VyX2JhY2tlbmQiOiJkamFuZ28uY29udHJpYi5hdXRoLmJhY2tlbmRzLk1vZGVsQmFja2VuZCIsIl9hdXRoX3VzZXJfaWQiOiIxIn0=', '2018-05-31 04:44:37.819149'),
('n6yzu1bzdgjn6uj4ie7uxtqvrlop2bbf', 'MTcyNzAxYWViYzg0MTUwM2JjOGZjZDRmZjYwMjAxMzkxZjhiOGNlYTp7Il9hdXRoX3VzZXJfaGFzaCI6Ijc2MjEwNWQwMGFlZDgyYzY0YTBmMDEyNjdjYzVhZjRhMmU2MTcwNmMiLCJfYXV0aF91c2VyX2JhY2tlbmQiOiJkamFuZ28uY29udHJpYi5hdXRoLmJhY2tlbmRzLk1vZGVsQmFja2VuZCIsIl9hdXRoX3VzZXJfaWQiOiIxIn0=', '2018-05-01 03:49:20.890688'),
('n779jz85wl8b1dwlhioqhhi1bwd0yg1q', 'MTcyNzAxYWViYzg0MTUwM2JjOGZjZDRmZjYwMjAxMzkxZjhiOGNlYTp7Il9hdXRoX3VzZXJfaGFzaCI6Ijc2MjEwNWQwMGFlZDgyYzY0YTBmMDEyNjdjYzVhZjRhMmU2MTcwNmMiLCJfYXV0aF91c2VyX2JhY2tlbmQiOiJkamFuZ28uY29udHJpYi5hdXRoLmJhY2tlbmRzLk1vZGVsQmFja2VuZCIsIl9hdXRoX3VzZXJfaWQiOiIxIn0=', '2018-05-01 03:31:24.734841'),
('n7f6ocmwchjmq3kh748ph1ds2odxr6f1', 'MTcyNzAxYWViYzg0MTUwM2JjOGZjZDRmZjYwMjAxMzkxZjhiOGNlYTp7Il9hdXRoX3VzZXJfaGFzaCI6Ijc2MjEwNWQwMGFlZDgyYzY0YTBmMDEyNjdjYzVhZjRhMmU2MTcwNmMiLCJfYXV0aF91c2VyX2JhY2tlbmQiOiJkamFuZ28uY29udHJpYi5hdXRoLmJhY2tlbmRzLk1vZGVsQmFja2VuZCIsIl9hdXRoX3VzZXJfaWQiOiIxIn0=', '2018-05-31 04:52:46.194422'),
('n8mjqlbam51a2pib6olv4ddgum3fja3j', 'MTcyNzAxYWViYzg0MTUwM2JjOGZjZDRmZjYwMjAxMzkxZjhiOGNlYTp7Il9hdXRoX3VzZXJfaGFzaCI6Ijc2MjEwNWQwMGFlZDgyYzY0YTBmMDEyNjdjYzVhZjRhMmU2MTcwNmMiLCJfYXV0aF91c2VyX2JhY2tlbmQiOiJkamFuZ28uY29udHJpYi5hdXRoLmJhY2tlbmRzLk1vZGVsQmFja2VuZCIsIl9hdXRoX3VzZXJfaWQiOiIxIn0=', '2018-04-30 22:09:45.935692'),
('n9t9w5woist02yfpyk2dd24nmzj9c2ic', 'MTcyNzAxYWViYzg0MTUwM2JjOGZjZDRmZjYwMjAxMzkxZjhiOGNlYTp7Il9hdXRoX3VzZXJfaGFzaCI6Ijc2MjEwNWQwMGFlZDgyYzY0YTBmMDEyNjdjYzVhZjRhMmU2MTcwNmMiLCJfYXV0aF91c2VyX2JhY2tlbmQiOiJkamFuZ28uY29udHJpYi5hdXRoLmJhY2tlbmRzLk1vZGVsQmFja2VuZCIsIl9hdXRoX3VzZXJfaWQiOiIxIn0=', '2018-05-30 21:32:03.226094'),
('namos2xo9uhk7ze8jiey3b5e2ea5f57p', 'MTcyNzAxYWViYzg0MTUwM2JjOGZjZDRmZjYwMjAxMzkxZjhiOGNlYTp7Il9hdXRoX3VzZXJfaGFzaCI6Ijc2MjEwNWQwMGFlZDgyYzY0YTBmMDEyNjdjYzVhZjRhMmU2MTcwNmMiLCJfYXV0aF91c2VyX2JhY2tlbmQiOiJkamFuZ28uY29udHJpYi5hdXRoLmJhY2tlbmRzLk1vZGVsQmFja2VuZCIsIl9hdXRoX3VzZXJfaWQiOiIxIn0=', '2018-04-30 19:57:35.505823'),
('napdjazkbxzfr2ku7gnzghedbsf3nlqs', 'MTcyNzAxYWViYzg0MTUwM2JjOGZjZDRmZjYwMjAxMzkxZjhiOGNlYTp7Il9hdXRoX3VzZXJfaGFzaCI6Ijc2MjEwNWQwMGFlZDgyYzY0YTBmMDEyNjdjYzVhZjRhMmU2MTcwNmMiLCJfYXV0aF91c2VyX2JhY2tlbmQiOiJkamFuZ28uY29udHJpYi5hdXRoLmJhY2tlbmRzLk1vZGVsQmFja2VuZCIsIl9hdXRoX3VzZXJfaWQiOiIxIn0=', '2018-04-30 21:50:25.618290'),
('nbfq8ope7ftl4di63u439c706g29e5hd', 'MTcyNzAxYWViYzg0MTUwM2JjOGZjZDRmZjYwMjAxMzkxZjhiOGNlYTp7Il9hdXRoX3VzZXJfaGFzaCI6Ijc2MjEwNWQwMGFlZDgyYzY0YTBmMDEyNjdjYzVhZjRhMmU2MTcwNmMiLCJfYXV0aF91c2VyX2JhY2tlbmQiOiJkamFuZ28uY29udHJpYi5hdXRoLmJhY2tlbmRzLk1vZGVsQmFja2VuZCIsIl9hdXRoX3VzZXJfaWQiOiIxIn0=', '2018-05-31 04:26:52.092675'),
('nbte90acltplmypzdbvkazn9r7ef1cuu', 'MTcyNzAxYWViYzg0MTUwM2JjOGZjZDRmZjYwMjAxMzkxZjhiOGNlYTp7Il9hdXRoX3VzZXJfaGFzaCI6Ijc2MjEwNWQwMGFlZDgyYzY0YTBmMDEyNjdjYzVhZjRhMmU2MTcwNmMiLCJfYXV0aF91c2VyX2JhY2tlbmQiOiJkamFuZ28uY29udHJpYi5hdXRoLmJhY2tlbmRzLk1vZGVsQmFja2VuZCIsIl9hdXRoX3VzZXJfaWQiOiIxIn0=', '2018-04-30 20:04:45.635277'),
('nd1tln5scupv192kewa1zxl58s2m4mc9', 'MTcyNzAxYWViYzg0MTUwM2JjOGZjZDRmZjYwMjAxMzkxZjhiOGNlYTp7Il9hdXRoX3VzZXJfaGFzaCI6Ijc2MjEwNWQwMGFlZDgyYzY0YTBmMDEyNjdjYzVhZjRhMmU2MTcwNmMiLCJfYXV0aF91c2VyX2JhY2tlbmQiOiJkamFuZ28uY29udHJpYi5hdXRoLmJhY2tlbmRzLk1vZGVsQmFja2VuZCIsIl9hdXRoX3VzZXJfaWQiOiIxIn0=', '2018-05-31 17:01:05.322055'),
('nd3sjkmjzmjq2yepr50rx9t8pzz5pu0j', 'MTcyNzAxYWViYzg0MTUwM2JjOGZjZDRmZjYwMjAxMzkxZjhiOGNlYTp7Il9hdXRoX3VzZXJfaGFzaCI6Ijc2MjEwNWQwMGFlZDgyYzY0YTBmMDEyNjdjYzVhZjRhMmU2MTcwNmMiLCJfYXV0aF91c2VyX2JhY2tlbmQiOiJkamFuZ28uY29udHJpYi5hdXRoLmJhY2tlbmRzLk1vZGVsQmFja2VuZCIsIl9hdXRoX3VzZXJfaWQiOiIxIn0=', '2018-05-18 17:21:43.374408'),
('ndvc8zg5m85jlksut8rixaev464vaat0', 'MTcyNzAxYWViYzg0MTUwM2JjOGZjZDRmZjYwMjAxMzkxZjhiOGNlYTp7Il9hdXRoX3VzZXJfaGFzaCI6Ijc2MjEwNWQwMGFlZDgyYzY0YTBmMDEyNjdjYzVhZjRhMmU2MTcwNmMiLCJfYXV0aF91c2VyX2JhY2tlbmQiOiJkamFuZ28uY29udHJpYi5hdXRoLmJhY2tlbmRzLk1vZGVsQmFja2VuZCIsIl9hdXRoX3VzZXJfaWQiOiIxIn0=', '2018-05-18 17:33:54.539540'),
('ne03bvsbzfnra2f7d8zi7kn8cbwfkvh7', 'MTcyNzAxYWViYzg0MTUwM2JjOGZjZDRmZjYwMjAxMzkxZjhiOGNlYTp7Il9hdXRoX3VzZXJfaGFzaCI6Ijc2MjEwNWQwMGFlZDgyYzY0YTBmMDEyNjdjYzVhZjRhMmU2MTcwNmMiLCJfYXV0aF91c2VyX2JhY2tlbmQiOiJkamFuZ28uY29udHJpYi5hdXRoLmJhY2tlbmRzLk1vZGVsQmFja2VuZCIsIl9hdXRoX3VzZXJfaWQiOiIxIn0=', '2018-05-01 03:22:34.216822'),
('nefycei8z3jgdrlvb5750fen8948rqhv', 'MTcyNzAxYWViYzg0MTUwM2JjOGZjZDRmZjYwMjAxMzkxZjhiOGNlYTp7Il9hdXRoX3VzZXJfaGFzaCI6Ijc2MjEwNWQwMGFlZDgyYzY0YTBmMDEyNjdjYzVhZjRhMmU2MTcwNmMiLCJfYXV0aF91c2VyX2JhY2tlbmQiOiJkamFuZ28uY29udHJpYi5hdXRoLmJhY2tlbmRzLk1vZGVsQmFja2VuZCIsIl9hdXRoX3VzZXJfaWQiOiIxIn0=', '2018-05-31 04:58:46.166137'),
('neg8eoigceq1r9dzdtkl8i3x7gt5y132', 'MTcyNzAxYWViYzg0MTUwM2JjOGZjZDRmZjYwMjAxMzkxZjhiOGNlYTp7Il9hdXRoX3VzZXJfaGFzaCI6Ijc2MjEwNWQwMGFlZDgyYzY0YTBmMDEyNjdjYzVhZjRhMmU2MTcwNmMiLCJfYXV0aF91c2VyX2JhY2tlbmQiOiJkamFuZ28uY29udHJpYi5hdXRoLmJhY2tlbmRzLk1vZGVsQmFja2VuZCIsIl9hdXRoX3VzZXJfaWQiOiIxIn0=', '2018-05-31 17:54:04.541313'),
('nf8ivqxro6m97pqzwln5ca6kw6ddgebs', 'MTcyNzAxYWViYzg0MTUwM2JjOGZjZDRmZjYwMjAxMzkxZjhiOGNlYTp7Il9hdXRoX3VzZXJfaGFzaCI6Ijc2MjEwNWQwMGFlZDgyYzY0YTBmMDEyNjdjYzVhZjRhMmU2MTcwNmMiLCJfYXV0aF91c2VyX2JhY2tlbmQiOiJkamFuZ28uY29udHJpYi5hdXRoLmJhY2tlbmRzLk1vZGVsQmFja2VuZCIsIl9hdXRoX3VzZXJfaWQiOiIxIn0=', '2018-04-30 20:44:46.463612'),
('njmycxazfeyfc6pbpkey5w47y9uq1xvx', 'MTcyNzAxYWViYzg0MTUwM2JjOGZjZDRmZjYwMjAxMzkxZjhiOGNlYTp7Il9hdXRoX3VzZXJfaGFzaCI6Ijc2MjEwNWQwMGFlZDgyYzY0YTBmMDEyNjdjYzVhZjRhMmU2MTcwNmMiLCJfYXV0aF91c2VyX2JhY2tlbmQiOiJkamFuZ28uY29udHJpYi5hdXRoLmJhY2tlbmRzLk1vZGVsQmFja2VuZCIsIl9hdXRoX3VzZXJfaWQiOiIxIn0=', '2018-04-04 18:45:31.179036'),
('nl1ixvqdv8rdwqtthzjsnr41g2wcqr4i', 'MTcyNzAxYWViYzg0MTUwM2JjOGZjZDRmZjYwMjAxMzkxZjhiOGNlYTp7Il9hdXRoX3VzZXJfaGFzaCI6Ijc2MjEwNWQwMGFlZDgyYzY0YTBmMDEyNjdjYzVhZjRhMmU2MTcwNmMiLCJfYXV0aF91c2VyX2JhY2tlbmQiOiJkamFuZ28uY29udHJpYi5hdXRoLmJhY2tlbmRzLk1vZGVsQmFja2VuZCIsIl9hdXRoX3VzZXJfaWQiOiIxIn0=', '2018-04-30 22:09:51.029229'),
('nm8yiwy35hpbjv3t3xjmsjdr456j3bko', 'MTcyNzAxYWViYzg0MTUwM2JjOGZjZDRmZjYwMjAxMzkxZjhiOGNlYTp7Il9hdXRoX3VzZXJfaGFzaCI6Ijc2MjEwNWQwMGFlZDgyYzY0YTBmMDEyNjdjYzVhZjRhMmU2MTcwNmMiLCJfYXV0aF91c2VyX2JhY2tlbmQiOiJkamFuZ28uY29udHJpYi5hdXRoLmJhY2tlbmRzLk1vZGVsQmFja2VuZCIsIl9hdXRoX3VzZXJfaWQiOiIxIn0=', '2018-04-04 05:22:38.355259'),
('nm9amsmn4o5xfgxyco4ofprfbn3mdb29', 'MTcyNzAxYWViYzg0MTUwM2JjOGZjZDRmZjYwMjAxMzkxZjhiOGNlYTp7Il9hdXRoX3VzZXJfaGFzaCI6Ijc2MjEwNWQwMGFlZDgyYzY0YTBmMDEyNjdjYzVhZjRhMmU2MTcwNmMiLCJfYXV0aF91c2VyX2JhY2tlbmQiOiJkamFuZ28uY29udHJpYi5hdXRoLmJhY2tlbmRzLk1vZGVsQmFja2VuZCIsIl9hdXRoX3VzZXJfaWQiOiIxIn0=', '2018-05-31 05:03:53.320348'),
('nmr2fofd1vrka8k5sjpizsj4ccqgsog9', 'MTcyNzAxYWViYzg0MTUwM2JjOGZjZDRmZjYwMjAxMzkxZjhiOGNlYTp7Il9hdXRoX3VzZXJfaGFzaCI6Ijc2MjEwNWQwMGFlZDgyYzY0YTBmMDEyNjdjYzVhZjRhMmU2MTcwNmMiLCJfYXV0aF91c2VyX2JhY2tlbmQiOiJkamFuZ28uY29udHJpYi5hdXRoLmJhY2tlbmRzLk1vZGVsQmFja2VuZCIsIl9hdXRoX3VzZXJfaWQiOiIxIn0=', '2018-05-30 21:17:16.336452'),
('nmykpob68et15oge4o3n3nrugdau6len', 'MTcyNzAxYWViYzg0MTUwM2JjOGZjZDRmZjYwMjAxMzkxZjhiOGNlYTp7Il9hdXRoX3VzZXJfaGFzaCI6Ijc2MjEwNWQwMGFlZDgyYzY0YTBmMDEyNjdjYzVhZjRhMmU2MTcwNmMiLCJfYXV0aF91c2VyX2JhY2tlbmQiOiJkamFuZ28uY29udHJpYi5hdXRoLmJhY2tlbmRzLk1vZGVsQmFja2VuZCIsIl9hdXRoX3VzZXJfaWQiOiIxIn0=', '2018-04-06 02:48:50.353529'),
('nn7yyl8ajkhi5ioigfg8lemuhbtbqy2m', 'MTcyNzAxYWViYzg0MTUwM2JjOGZjZDRmZjYwMjAxMzkxZjhiOGNlYTp7Il9hdXRoX3VzZXJfaGFzaCI6Ijc2MjEwNWQwMGFlZDgyYzY0YTBmMDEyNjdjYzVhZjRhMmU2MTcwNmMiLCJfYXV0aF91c2VyX2JhY2tlbmQiOiJkamFuZ28uY29udHJpYi5hdXRoLmJhY2tlbmRzLk1vZGVsQmFja2VuZCIsIl9hdXRoX3VzZXJfaWQiOiIxIn0=', '2018-05-01 03:48:34.297328'),
('nnajs7sj9mgj4gqnxxoa0kbi996umlvn', 'MTcyNzAxYWViYzg0MTUwM2JjOGZjZDRmZjYwMjAxMzkxZjhiOGNlYTp7Il9hdXRoX3VzZXJfaGFzaCI6Ijc2MjEwNWQwMGFlZDgyYzY0YTBmMDEyNjdjYzVhZjRhMmU2MTcwNmMiLCJfYXV0aF91c2VyX2JhY2tlbmQiOiJkamFuZ28uY29udHJpYi5hdXRoLmJhY2tlbmRzLk1vZGVsQmFja2VuZCIsIl9hdXRoX3VzZXJfaWQiOiIxIn0=', '2018-05-18 17:17:23.886073'),
('nnbqi35vveivasz3zarl8xazautx0ii7', 'MTcyNzAxYWViYzg0MTUwM2JjOGZjZDRmZjYwMjAxMzkxZjhiOGNlYTp7Il9hdXRoX3VzZXJfaGFzaCI6Ijc2MjEwNWQwMGFlZDgyYzY0YTBmMDEyNjdjYzVhZjRhMmU2MTcwNmMiLCJfYXV0aF91c2VyX2JhY2tlbmQiOiJkamFuZ28uY29udHJpYi5hdXRoLmJhY2tlbmRzLk1vZGVsQmFja2VuZCIsIl9hdXRoX3VzZXJfaWQiOiIxIn0=', '2018-04-04 18:13:56.372652'),
('nov1sfekh0vff4cs6h0x4puiwenl5h24', 'MTcyNzAxYWViYzg0MTUwM2JjOGZjZDRmZjYwMjAxMzkxZjhiOGNlYTp7Il9hdXRoX3VzZXJfaGFzaCI6Ijc2MjEwNWQwMGFlZDgyYzY0YTBmMDEyNjdjYzVhZjRhMmU2MTcwNmMiLCJfYXV0aF91c2VyX2JhY2tlbmQiOiJkamFuZ28uY29udHJpYi5hdXRoLmJhY2tlbmRzLk1vZGVsQmFja2VuZCIsIl9hdXRoX3VzZXJfaWQiOiIxIn0=', '2018-04-23 07:08:01.340242'),
('np49uda2ni0mo462oom1ljn2lh1mh8ao', 'MTcyNzAxYWViYzg0MTUwM2JjOGZjZDRmZjYwMjAxMzkxZjhiOGNlYTp7Il9hdXRoX3VzZXJfaGFzaCI6Ijc2MjEwNWQwMGFlZDgyYzY0YTBmMDEyNjdjYzVhZjRhMmU2MTcwNmMiLCJfYXV0aF91c2VyX2JhY2tlbmQiOiJkamFuZ28uY29udHJpYi5hdXRoLmJhY2tlbmRzLk1vZGVsQmFja2VuZCIsIl9hdXRoX3VzZXJfaWQiOiIxIn0=', '2018-05-31 18:01:13.276765'),
('npimunm4dumtwj0pnimfqhqgbvvpzy1v', 'MTcyNzAxYWViYzg0MTUwM2JjOGZjZDRmZjYwMjAxMzkxZjhiOGNlYTp7Il9hdXRoX3VzZXJfaGFzaCI6Ijc2MjEwNWQwMGFlZDgyYzY0YTBmMDEyNjdjYzVhZjRhMmU2MTcwNmMiLCJfYXV0aF91c2VyX2JhY2tlbmQiOiJkamFuZ28uY29udHJpYi5hdXRoLmJhY2tlbmRzLk1vZGVsQmFja2VuZCIsIl9hdXRoX3VzZXJfaWQiOiIxIn0=', '2018-04-30 20:59:36.748556'),
('npodv2niy2v46urw1btn70t1xn1ynv45', 'MTcyNzAxYWViYzg0MTUwM2JjOGZjZDRmZjYwMjAxMzkxZjhiOGNlYTp7Il9hdXRoX3VzZXJfaGFzaCI6Ijc2MjEwNWQwMGFlZDgyYzY0YTBmMDEyNjdjYzVhZjRhMmU2MTcwNmMiLCJfYXV0aF91c2VyX2JhY2tlbmQiOiJkamFuZ28uY29udHJpYi5hdXRoLmJhY2tlbmRzLk1vZGVsQmFja2VuZCIsIl9hdXRoX3VzZXJfaWQiOiIxIn0=', '2018-05-30 21:07:37.671849');
INSERT INTO `django_session` (`session_key`, `session_data`, `expire_date`) VALUES
('nqfzst4y6rx321lcwxm4hs1hhfpct8uy', 'MTcyNzAxYWViYzg0MTUwM2JjOGZjZDRmZjYwMjAxMzkxZjhiOGNlYTp7Il9hdXRoX3VzZXJfaGFzaCI6Ijc2MjEwNWQwMGFlZDgyYzY0YTBmMDEyNjdjYzVhZjRhMmU2MTcwNmMiLCJfYXV0aF91c2VyX2JhY2tlbmQiOiJkamFuZ28uY29udHJpYi5hdXRoLmJhY2tlbmRzLk1vZGVsQmFja2VuZCIsIl9hdXRoX3VzZXJfaWQiOiIxIn0=', '2018-05-31 17:30:13.309810'),
('nqmgz9ur5iwvtqinyic0oay2kzqkyrd1', 'MTcyNzAxYWViYzg0MTUwM2JjOGZjZDRmZjYwMjAxMzkxZjhiOGNlYTp7Il9hdXRoX3VzZXJfaGFzaCI6Ijc2MjEwNWQwMGFlZDgyYzY0YTBmMDEyNjdjYzVhZjRhMmU2MTcwNmMiLCJfYXV0aF91c2VyX2JhY2tlbmQiOiJkamFuZ28uY29udHJpYi5hdXRoLmJhY2tlbmRzLk1vZGVsQmFja2VuZCIsIl9hdXRoX3VzZXJfaWQiOiIxIn0=', '2018-04-30 22:03:31.920377'),
('nrgmra9d6fxeivmb9xptjonwdw04gnyi', 'MTcyNzAxYWViYzg0MTUwM2JjOGZjZDRmZjYwMjAxMzkxZjhiOGNlYTp7Il9hdXRoX3VzZXJfaGFzaCI6Ijc2MjEwNWQwMGFlZDgyYzY0YTBmMDEyNjdjYzVhZjRhMmU2MTcwNmMiLCJfYXV0aF91c2VyX2JhY2tlbmQiOiJkamFuZ28uY29udHJpYi5hdXRoLmJhY2tlbmRzLk1vZGVsQmFja2VuZCIsIl9hdXRoX3VzZXJfaWQiOiIxIn0=', '2018-05-31 17:55:02.684883'),
('nt6grjzkb09vzx8psq7vb3artfynnibm', 'MTcyNzAxYWViYzg0MTUwM2JjOGZjZDRmZjYwMjAxMzkxZjhiOGNlYTp7Il9hdXRoX3VzZXJfaGFzaCI6Ijc2MjEwNWQwMGFlZDgyYzY0YTBmMDEyNjdjYzVhZjRhMmU2MTcwNmMiLCJfYXV0aF91c2VyX2JhY2tlbmQiOiJkamFuZ28uY29udHJpYi5hdXRoLmJhY2tlbmRzLk1vZGVsQmFja2VuZCIsIl9hdXRoX3VzZXJfaWQiOiIxIn0=', '2018-05-31 16:29:13.983738'),
('nud08l5v0v7tgujghuwyxda7fd0iwcxo', 'MTcyNzAxYWViYzg0MTUwM2JjOGZjZDRmZjYwMjAxMzkxZjhiOGNlYTp7Il9hdXRoX3VzZXJfaGFzaCI6Ijc2MjEwNWQwMGFlZDgyYzY0YTBmMDEyNjdjYzVhZjRhMmU2MTcwNmMiLCJfYXV0aF91c2VyX2JhY2tlbmQiOiJkamFuZ28uY29udHJpYi5hdXRoLmJhY2tlbmRzLk1vZGVsQmFja2VuZCIsIl9hdXRoX3VzZXJfaWQiOiIxIn0=', '2018-05-31 16:28:52.470477'),
('nujyk72oe1gpgpvu36w7zo4nrbztf1b4', 'MTcyNzAxYWViYzg0MTUwM2JjOGZjZDRmZjYwMjAxMzkxZjhiOGNlYTp7Il9hdXRoX3VzZXJfaGFzaCI6Ijc2MjEwNWQwMGFlZDgyYzY0YTBmMDEyNjdjYzVhZjRhMmU2MTcwNmMiLCJfYXV0aF91c2VyX2JhY2tlbmQiOiJkamFuZ28uY29udHJpYi5hdXRoLmJhY2tlbmRzLk1vZGVsQmFja2VuZCIsIl9hdXRoX3VzZXJfaWQiOiIxIn0=', '2018-04-30 20:05:03.157096'),
('nvp1qfeekhiehlej7vr9kg6gosrrlmdy', 'MTcyNzAxYWViYzg0MTUwM2JjOGZjZDRmZjYwMjAxMzkxZjhiOGNlYTp7Il9hdXRoX3VzZXJfaGFzaCI6Ijc2MjEwNWQwMGFlZDgyYzY0YTBmMDEyNjdjYzVhZjRhMmU2MTcwNmMiLCJfYXV0aF91c2VyX2JhY2tlbmQiOiJkamFuZ28uY29udHJpYi5hdXRoLmJhY2tlbmRzLk1vZGVsQmFja2VuZCIsIl9hdXRoX3VzZXJfaWQiOiIxIn0=', '2018-04-23 07:02:49.920860'),
('nvv0rtlv02yd9xmh1u0g6errzychc360', 'MTcyNzAxYWViYzg0MTUwM2JjOGZjZDRmZjYwMjAxMzkxZjhiOGNlYTp7Il9hdXRoX3VzZXJfaGFzaCI6Ijc2MjEwNWQwMGFlZDgyYzY0YTBmMDEyNjdjYzVhZjRhMmU2MTcwNmMiLCJfYXV0aF91c2VyX2JhY2tlbmQiOiJkamFuZ28uY29udHJpYi5hdXRoLmJhY2tlbmRzLk1vZGVsQmFja2VuZCIsIl9hdXRoX3VzZXJfaWQiOiIxIn0=', '2018-05-18 17:23:44.751775'),
('nw5qpcqtzd6rsukivfovfw9c20lnp5gj', 'MTcyNzAxYWViYzg0MTUwM2JjOGZjZDRmZjYwMjAxMzkxZjhiOGNlYTp7Il9hdXRoX3VzZXJfaGFzaCI6Ijc2MjEwNWQwMGFlZDgyYzY0YTBmMDEyNjdjYzVhZjRhMmU2MTcwNmMiLCJfYXV0aF91c2VyX2JhY2tlbmQiOiJkamFuZ28uY29udHJpYi5hdXRoLmJhY2tlbmRzLk1vZGVsQmFja2VuZCIsIl9hdXRoX3VzZXJfaWQiOiIxIn0=', '2018-04-04 18:13:31.928463'),
('nwd0g43e2xi56rvjhtgpv2pzrnwa2azg', 'MTcyNzAxYWViYzg0MTUwM2JjOGZjZDRmZjYwMjAxMzkxZjhiOGNlYTp7Il9hdXRoX3VzZXJfaGFzaCI6Ijc2MjEwNWQwMGFlZDgyYzY0YTBmMDEyNjdjYzVhZjRhMmU2MTcwNmMiLCJfYXV0aF91c2VyX2JhY2tlbmQiOiJkamFuZ28uY29udHJpYi5hdXRoLmJhY2tlbmRzLk1vZGVsQmFja2VuZCIsIl9hdXRoX3VzZXJfaWQiOiIxIn0=', '2018-05-31 18:38:20.105055'),
('nwirprad664b5dei03dsk9tla8c6yt1h', 'MTcyNzAxYWViYzg0MTUwM2JjOGZjZDRmZjYwMjAxMzkxZjhiOGNlYTp7Il9hdXRoX3VzZXJfaGFzaCI6Ijc2MjEwNWQwMGFlZDgyYzY0YTBmMDEyNjdjYzVhZjRhMmU2MTcwNmMiLCJfYXV0aF91c2VyX2JhY2tlbmQiOiJkamFuZ28uY29udHJpYi5hdXRoLmJhY2tlbmRzLk1vZGVsQmFja2VuZCIsIl9hdXRoX3VzZXJfaWQiOiIxIn0=', '2018-04-04 18:52:35.234943'),
('nxd2mnfdnq74lbsy3pblail3yswsb2yd', 'MTcyNzAxYWViYzg0MTUwM2JjOGZjZDRmZjYwMjAxMzkxZjhiOGNlYTp7Il9hdXRoX3VzZXJfaGFzaCI6Ijc2MjEwNWQwMGFlZDgyYzY0YTBmMDEyNjdjYzVhZjRhMmU2MTcwNmMiLCJfYXV0aF91c2VyX2JhY2tlbmQiOiJkamFuZ28uY29udHJpYi5hdXRoLmJhY2tlbmRzLk1vZGVsQmFja2VuZCIsIl9hdXRoX3VzZXJfaWQiOiIxIn0=', '2018-05-31 05:13:25.479518'),
('nxdcmd9zeg8813l5tr5zpsc45kpl87us', 'MTcyNzAxYWViYzg0MTUwM2JjOGZjZDRmZjYwMjAxMzkxZjhiOGNlYTp7Il9hdXRoX3VzZXJfaGFzaCI6Ijc2MjEwNWQwMGFlZDgyYzY0YTBmMDEyNjdjYzVhZjRhMmU2MTcwNmMiLCJfYXV0aF91c2VyX2JhY2tlbmQiOiJkamFuZ28uY29udHJpYi5hdXRoLmJhY2tlbmRzLk1vZGVsQmFja2VuZCIsIl9hdXRoX3VzZXJfaWQiOiIxIn0=', '2018-04-04 03:51:30.184061'),
('nxzeg54oi7aae9ec7hujrt0iku7jwl6m', 'MTcyNzAxYWViYzg0MTUwM2JjOGZjZDRmZjYwMjAxMzkxZjhiOGNlYTp7Il9hdXRoX3VzZXJfaGFzaCI6Ijc2MjEwNWQwMGFlZDgyYzY0YTBmMDEyNjdjYzVhZjRhMmU2MTcwNmMiLCJfYXV0aF91c2VyX2JhY2tlbmQiOiJkamFuZ28uY29udHJpYi5hdXRoLmJhY2tlbmRzLk1vZGVsQmFja2VuZCIsIl9hdXRoX3VzZXJfaWQiOiIxIn0=', '2018-04-04 05:56:26.696234'),
('ny1v8jdaz8f97lk8gwsnldxm9f3apohl', 'MTcyNzAxYWViYzg0MTUwM2JjOGZjZDRmZjYwMjAxMzkxZjhiOGNlYTp7Il9hdXRoX3VzZXJfaGFzaCI6Ijc2MjEwNWQwMGFlZDgyYzY0YTBmMDEyNjdjYzVhZjRhMmU2MTcwNmMiLCJfYXV0aF91c2VyX2JhY2tlbmQiOiJkamFuZ28uY29udHJpYi5hdXRoLmJhY2tlbmRzLk1vZGVsQmFja2VuZCIsIl9hdXRoX3VzZXJfaWQiOiIxIn0=', '2018-05-31 17:55:09.228839'),
('nyjlot80hwtptwd0emked9dq8cfo984f', 'MTcyNzAxYWViYzg0MTUwM2JjOGZjZDRmZjYwMjAxMzkxZjhiOGNlYTp7Il9hdXRoX3VzZXJfaGFzaCI6Ijc2MjEwNWQwMGFlZDgyYzY0YTBmMDEyNjdjYzVhZjRhMmU2MTcwNmMiLCJfYXV0aF91c2VyX2JhY2tlbmQiOiJkamFuZ28uY29udHJpYi5hdXRoLmJhY2tlbmRzLk1vZGVsQmFja2VuZCIsIl9hdXRoX3VzZXJfaWQiOiIxIn0=', '2018-04-30 20:32:13.455405'),
('nzntcqtf99yu5qhyuo10wqzcpo6q5o5v', 'MTcyNzAxYWViYzg0MTUwM2JjOGZjZDRmZjYwMjAxMzkxZjhiOGNlYTp7Il9hdXRoX3VzZXJfaGFzaCI6Ijc2MjEwNWQwMGFlZDgyYzY0YTBmMDEyNjdjYzVhZjRhMmU2MTcwNmMiLCJfYXV0aF91c2VyX2JhY2tlbmQiOiJkamFuZ28uY29udHJpYi5hdXRoLmJhY2tlbmRzLk1vZGVsQmFja2VuZCIsIl9hdXRoX3VzZXJfaWQiOiIxIn0=', '2018-04-30 20:04:49.522893'),
('nzpz5gqo2ppdmzrqkxniqtu24b1le8lj', 'MTcyNzAxYWViYzg0MTUwM2JjOGZjZDRmZjYwMjAxMzkxZjhiOGNlYTp7Il9hdXRoX3VzZXJfaGFzaCI6Ijc2MjEwNWQwMGFlZDgyYzY0YTBmMDEyNjdjYzVhZjRhMmU2MTcwNmMiLCJfYXV0aF91c2VyX2JhY2tlbmQiOiJkamFuZ28uY29udHJpYi5hdXRoLmJhY2tlbmRzLk1vZGVsQmFja2VuZCIsIl9hdXRoX3VzZXJfaWQiOiIxIn0=', '2018-05-31 04:55:54.026569'),
('o088xuvaxllfcxsyvcksvebffyfcrxb5', 'MTcyNzAxYWViYzg0MTUwM2JjOGZjZDRmZjYwMjAxMzkxZjhiOGNlYTp7Il9hdXRoX3VzZXJfaGFzaCI6Ijc2MjEwNWQwMGFlZDgyYzY0YTBmMDEyNjdjYzVhZjRhMmU2MTcwNmMiLCJfYXV0aF91c2VyX2JhY2tlbmQiOiJkamFuZ28uY29udHJpYi5hdXRoLmJhY2tlbmRzLk1vZGVsQmFja2VuZCIsIl9hdXRoX3VzZXJfaWQiOiIxIn0=', '2018-05-01 03:31:14.467228'),
('o09z8qhwbstmblmzmzs126cziz9l5iyh', 'MTcyNzAxYWViYzg0MTUwM2JjOGZjZDRmZjYwMjAxMzkxZjhiOGNlYTp7Il9hdXRoX3VzZXJfaGFzaCI6Ijc2MjEwNWQwMGFlZDgyYzY0YTBmMDEyNjdjYzVhZjRhMmU2MTcwNmMiLCJfYXV0aF91c2VyX2JhY2tlbmQiOiJkamFuZ28uY29udHJpYi5hdXRoLmJhY2tlbmRzLk1vZGVsQmFja2VuZCIsIl9hdXRoX3VzZXJfaWQiOiIxIn0=', '2018-05-31 05:28:42.588564'),
('o1xlt7phuej67wg45b9hujmenfzktbze', 'MTcyNzAxYWViYzg0MTUwM2JjOGZjZDRmZjYwMjAxMzkxZjhiOGNlYTp7Il9hdXRoX3VzZXJfaGFzaCI6Ijc2MjEwNWQwMGFlZDgyYzY0YTBmMDEyNjdjYzVhZjRhMmU2MTcwNmMiLCJfYXV0aF91c2VyX2JhY2tlbmQiOiJkamFuZ28uY29udHJpYi5hdXRoLmJhY2tlbmRzLk1vZGVsQmFja2VuZCIsIl9hdXRoX3VzZXJfaWQiOiIxIn0=', '2018-05-31 18:03:17.466239'),
('o3irdn3mzka0awewdjsfq2dwmpfwusu0', 'MTcyNzAxYWViYzg0MTUwM2JjOGZjZDRmZjYwMjAxMzkxZjhiOGNlYTp7Il9hdXRoX3VzZXJfaGFzaCI6Ijc2MjEwNWQwMGFlZDgyYzY0YTBmMDEyNjdjYzVhZjRhMmU2MTcwNmMiLCJfYXV0aF91c2VyX2JhY2tlbmQiOiJkamFuZ28uY29udHJpYi5hdXRoLmJhY2tlbmRzLk1vZGVsQmFja2VuZCIsIl9hdXRoX3VzZXJfaWQiOiIxIn0=', '2018-05-31 04:35:41.049345'),
('o5zuofj3dxoppibu5uwv22o2tnh0yi8i', 'MTcyNzAxYWViYzg0MTUwM2JjOGZjZDRmZjYwMjAxMzkxZjhiOGNlYTp7Il9hdXRoX3VzZXJfaGFzaCI6Ijc2MjEwNWQwMGFlZDgyYzY0YTBmMDEyNjdjYzVhZjRhMmU2MTcwNmMiLCJfYXV0aF91c2VyX2JhY2tlbmQiOiJkamFuZ28uY29udHJpYi5hdXRoLmJhY2tlbmRzLk1vZGVsQmFja2VuZCIsIl9hdXRoX3VzZXJfaWQiOiIxIn0=', '2018-05-31 18:37:53.517511'),
('o846rzlwsvqw0pkemti8r8srauginjew', 'MTcyNzAxYWViYzg0MTUwM2JjOGZjZDRmZjYwMjAxMzkxZjhiOGNlYTp7Il9hdXRoX3VzZXJfaGFzaCI6Ijc2MjEwNWQwMGFlZDgyYzY0YTBmMDEyNjdjYzVhZjRhMmU2MTcwNmMiLCJfYXV0aF91c2VyX2JhY2tlbmQiOiJkamFuZ28uY29udHJpYi5hdXRoLmJhY2tlbmRzLk1vZGVsQmFja2VuZCIsIl9hdXRoX3VzZXJfaWQiOiIxIn0=', '2018-04-30 21:45:18.660299'),
('o9j45yw5x3zijl07qu8g05qzp68pyo2c', 'MTcyNzAxYWViYzg0MTUwM2JjOGZjZDRmZjYwMjAxMzkxZjhiOGNlYTp7Il9hdXRoX3VzZXJfaGFzaCI6Ijc2MjEwNWQwMGFlZDgyYzY0YTBmMDEyNjdjYzVhZjRhMmU2MTcwNmMiLCJfYXV0aF91c2VyX2JhY2tlbmQiOiJkamFuZ28uY29udHJpYi5hdXRoLmJhY2tlbmRzLk1vZGVsQmFja2VuZCIsIl9hdXRoX3VzZXJfaWQiOiIxIn0=', '2018-04-04 05:57:16.274271'),
('oa7jpq7sotn1qldbb4jtw8v76gp858ev', 'MTcyNzAxYWViYzg0MTUwM2JjOGZjZDRmZjYwMjAxMzkxZjhiOGNlYTp7Il9hdXRoX3VzZXJfaGFzaCI6Ijc2MjEwNWQwMGFlZDgyYzY0YTBmMDEyNjdjYzVhZjRhMmU2MTcwNmMiLCJfYXV0aF91c2VyX2JhY2tlbmQiOiJkamFuZ28uY29udHJpYi5hdXRoLmJhY2tlbmRzLk1vZGVsQmFja2VuZCIsIl9hdXRoX3VzZXJfaWQiOiIxIn0=', '2018-05-31 05:15:39.425285'),
('obkbppwa29u5fvxuz4j97kjymv3e80xo', 'MTcyNzAxYWViYzg0MTUwM2JjOGZjZDRmZjYwMjAxMzkxZjhiOGNlYTp7Il9hdXRoX3VzZXJfaGFzaCI6Ijc2MjEwNWQwMGFlZDgyYzY0YTBmMDEyNjdjYzVhZjRhMmU2MTcwNmMiLCJfYXV0aF91c2VyX2JhY2tlbmQiOiJkamFuZ28uY29udHJpYi5hdXRoLmJhY2tlbmRzLk1vZGVsQmFja2VuZCIsIl9hdXRoX3VzZXJfaWQiOiIxIn0=', '2018-05-31 03:57:39.425462'),
('oct48pbdcoxsppedlcqipuznh1hhz1l2', 'MTcyNzAxYWViYzg0MTUwM2JjOGZjZDRmZjYwMjAxMzkxZjhiOGNlYTp7Il9hdXRoX3VzZXJfaGFzaCI6Ijc2MjEwNWQwMGFlZDgyYzY0YTBmMDEyNjdjYzVhZjRhMmU2MTcwNmMiLCJfYXV0aF91c2VyX2JhY2tlbmQiOiJkamFuZ28uY29udHJpYi5hdXRoLmJhY2tlbmRzLk1vZGVsQmFja2VuZCIsIl9hdXRoX3VzZXJfaWQiOiIxIn0=', '2018-04-04 18:11:53.218405'),
('ofeiqmr4ept0dyec6c0udqjt0jpkejim', 'MTcyNzAxYWViYzg0MTUwM2JjOGZjZDRmZjYwMjAxMzkxZjhiOGNlYTp7Il9hdXRoX3VzZXJfaGFzaCI6Ijc2MjEwNWQwMGFlZDgyYzY0YTBmMDEyNjdjYzVhZjRhMmU2MTcwNmMiLCJfYXV0aF91c2VyX2JhY2tlbmQiOiJkamFuZ28uY29udHJpYi5hdXRoLmJhY2tlbmRzLk1vZGVsQmFja2VuZCIsIl9hdXRoX3VzZXJfaWQiOiIxIn0=', '2018-04-30 21:56:03.117588'),
('oggbm063p12qdd5bhj0m885jhq04adms', 'MTcyNzAxYWViYzg0MTUwM2JjOGZjZDRmZjYwMjAxMzkxZjhiOGNlYTp7Il9hdXRoX3VzZXJfaGFzaCI6Ijc2MjEwNWQwMGFlZDgyYzY0YTBmMDEyNjdjYzVhZjRhMmU2MTcwNmMiLCJfYXV0aF91c2VyX2JhY2tlbmQiOiJkamFuZ28uY29udHJpYi5hdXRoLmJhY2tlbmRzLk1vZGVsQmFja2VuZCIsIl9hdXRoX3VzZXJfaWQiOiIxIn0=', '2018-05-31 05:27:26.044069'),
('oi3qd85s0a8f8kgzrj5y29kbe8kgnh5j', 'MTcyNzAxYWViYzg0MTUwM2JjOGZjZDRmZjYwMjAxMzkxZjhiOGNlYTp7Il9hdXRoX3VzZXJfaGFzaCI6Ijc2MjEwNWQwMGFlZDgyYzY0YTBmMDEyNjdjYzVhZjRhMmU2MTcwNmMiLCJfYXV0aF91c2VyX2JhY2tlbmQiOiJkamFuZ28uY29udHJpYi5hdXRoLmJhY2tlbmRzLk1vZGVsQmFja2VuZCIsIl9hdXRoX3VzZXJfaWQiOiIxIn0=', '2018-04-05 19:11:28.966072'),
('ojhh63suvxn377euq3f337ftzmlatedp', 'MTcyNzAxYWViYzg0MTUwM2JjOGZjZDRmZjYwMjAxMzkxZjhiOGNlYTp7Il9hdXRoX3VzZXJfaGFzaCI6Ijc2MjEwNWQwMGFlZDgyYzY0YTBmMDEyNjdjYzVhZjRhMmU2MTcwNmMiLCJfYXV0aF91c2VyX2JhY2tlbmQiOiJkamFuZ28uY29udHJpYi5hdXRoLmJhY2tlbmRzLk1vZGVsQmFja2VuZCIsIl9hdXRoX3VzZXJfaWQiOiIxIn0=', '2018-05-18 17:29:24.373088'),
('ok6ymfmivbsiyshqb7n3sk1ymdoi8vxp', 'MTcyNzAxYWViYzg0MTUwM2JjOGZjZDRmZjYwMjAxMzkxZjhiOGNlYTp7Il9hdXRoX3VzZXJfaGFzaCI6Ijc2MjEwNWQwMGFlZDgyYzY0YTBmMDEyNjdjYzVhZjRhMmU2MTcwNmMiLCJfYXV0aF91c2VyX2JhY2tlbmQiOiJkamFuZ28uY29udHJpYi5hdXRoLmJhY2tlbmRzLk1vZGVsQmFja2VuZCIsIl9hdXRoX3VzZXJfaWQiOiIxIn0=', '2018-05-31 05:26:56.854964'),
('olds7wuwyztrrjcj5tp89ejla3y1dv6r', 'MGY0MWNhYWYwNjY3ZTM2ZjM2NGEwODgyOWU3MTc2NjI3NDRlZjU2ZTp7Il9hdXRoX3VzZXJfaGFzaCI6IjA2YzEwMWYwYTE5NjM2MzI3ZWQxMzZjYjQyNjNhZjlhYTUxN2Q0ODEiLCJfYXV0aF91c2VyX2JhY2tlbmQiOiJkamFuZ28uY29udHJpYi5hdXRoLmJhY2tlbmRzLk1vZGVsQmFja2VuZCIsIl9hdXRoX3VzZXJfaWQiOiIzIn0=', '2018-05-31 05:47:36.651077'),
('olnnx2qkp99l8vyd8t26wjsq0r5fy9wo', 'MTcyNzAxYWViYzg0MTUwM2JjOGZjZDRmZjYwMjAxMzkxZjhiOGNlYTp7Il9hdXRoX3VzZXJfaGFzaCI6Ijc2MjEwNWQwMGFlZDgyYzY0YTBmMDEyNjdjYzVhZjRhMmU2MTcwNmMiLCJfYXV0aF91c2VyX2JhY2tlbmQiOiJkamFuZ28uY29udHJpYi5hdXRoLmJhY2tlbmRzLk1vZGVsQmFja2VuZCIsIl9hdXRoX3VzZXJfaWQiOiIxIn0=', '2018-05-18 17:12:42.012880'),
('olsewta04gitmqoseh1032nn7wzdaeaa', 'MTcyNzAxYWViYzg0MTUwM2JjOGZjZDRmZjYwMjAxMzkxZjhiOGNlYTp7Il9hdXRoX3VzZXJfaGFzaCI6Ijc2MjEwNWQwMGFlZDgyYzY0YTBmMDEyNjdjYzVhZjRhMmU2MTcwNmMiLCJfYXV0aF91c2VyX2JhY2tlbmQiOiJkamFuZ28uY29udHJpYi5hdXRoLmJhY2tlbmRzLk1vZGVsQmFja2VuZCIsIl9hdXRoX3VzZXJfaWQiOiIxIn0=', '2018-04-30 20:31:22.484418'),
('omhjzblaqoxbxbl7xdgnxnn7m2yqxdjc', 'MTcyNzAxYWViYzg0MTUwM2JjOGZjZDRmZjYwMjAxMzkxZjhiOGNlYTp7Il9hdXRoX3VzZXJfaGFzaCI6Ijc2MjEwNWQwMGFlZDgyYzY0YTBmMDEyNjdjYzVhZjRhMmU2MTcwNmMiLCJfYXV0aF91c2VyX2JhY2tlbmQiOiJkamFuZ28uY29udHJpYi5hdXRoLmJhY2tlbmRzLk1vZGVsQmFja2VuZCIsIl9hdXRoX3VzZXJfaWQiOiIxIn0=', '2018-05-30 21:37:25.921441'),
('omhx3phkctpn5wnvvgng8p1iy1x4jrb0', 'MTcyNzAxYWViYzg0MTUwM2JjOGZjZDRmZjYwMjAxMzkxZjhiOGNlYTp7Il9hdXRoX3VzZXJfaGFzaCI6Ijc2MjEwNWQwMGFlZDgyYzY0YTBmMDEyNjdjYzVhZjRhMmU2MTcwNmMiLCJfYXV0aF91c2VyX2JhY2tlbmQiOiJkamFuZ28uY29udHJpYi5hdXRoLmJhY2tlbmRzLk1vZGVsQmFja2VuZCIsIl9hdXRoX3VzZXJfaWQiOiIxIn0=', '2018-05-18 17:16:38.123851'),
('on62rhm91fvb46f4zs05b9p8xxufh6g4', 'MTcyNzAxYWViYzg0MTUwM2JjOGZjZDRmZjYwMjAxMzkxZjhiOGNlYTp7Il9hdXRoX3VzZXJfaGFzaCI6Ijc2MjEwNWQwMGFlZDgyYzY0YTBmMDEyNjdjYzVhZjRhMmU2MTcwNmMiLCJfYXV0aF91c2VyX2JhY2tlbmQiOiJkamFuZ28uY29udHJpYi5hdXRoLmJhY2tlbmRzLk1vZGVsQmFja2VuZCIsIl9hdXRoX3VzZXJfaWQiOiIxIn0=', '2018-05-30 21:37:15.381413'),
('opjbk7m0icrrimhyr7fk1yvoucuuj382', 'MTcyNzAxYWViYzg0MTUwM2JjOGZjZDRmZjYwMjAxMzkxZjhiOGNlYTp7Il9hdXRoX3VzZXJfaGFzaCI6Ijc2MjEwNWQwMGFlZDgyYzY0YTBmMDEyNjdjYzVhZjRhMmU2MTcwNmMiLCJfYXV0aF91c2VyX2JhY2tlbmQiOiJkamFuZ28uY29udHJpYi5hdXRoLmJhY2tlbmRzLk1vZGVsQmFja2VuZCIsIl9hdXRoX3VzZXJfaWQiOiIxIn0=', '2018-04-30 20:42:44.485773'),
('oq799gcve1j09bxw9s7c90dxnmayfmkz', 'MTcyNzAxYWViYzg0MTUwM2JjOGZjZDRmZjYwMjAxMzkxZjhiOGNlYTp7Il9hdXRoX3VzZXJfaGFzaCI6Ijc2MjEwNWQwMGFlZDgyYzY0YTBmMDEyNjdjYzVhZjRhMmU2MTcwNmMiLCJfYXV0aF91c2VyX2JhY2tlbmQiOiJkamFuZ28uY29udHJpYi5hdXRoLmJhY2tlbmRzLk1vZGVsQmFja2VuZCIsIl9hdXRoX3VzZXJfaWQiOiIxIn0=', '2018-05-31 05:32:35.085629'),
('oqtf47k045bijr6fwe89h4msmcys0cjf', 'MTcyNzAxYWViYzg0MTUwM2JjOGZjZDRmZjYwMjAxMzkxZjhiOGNlYTp7Il9hdXRoX3VzZXJfaGFzaCI6Ijc2MjEwNWQwMGFlZDgyYzY0YTBmMDEyNjdjYzVhZjRhMmU2MTcwNmMiLCJfYXV0aF91c2VyX2JhY2tlbmQiOiJkamFuZ28uY29udHJpYi5hdXRoLmJhY2tlbmRzLk1vZGVsQmFja2VuZCIsIl9hdXRoX3VzZXJfaWQiOiIxIn0=', '2018-05-01 03:19:28.508574'),
('orwu36gex2hjse1nhrgq7fb2kvq88qvz', 'MTcyNzAxYWViYzg0MTUwM2JjOGZjZDRmZjYwMjAxMzkxZjhiOGNlYTp7Il9hdXRoX3VzZXJfaGFzaCI6Ijc2MjEwNWQwMGFlZDgyYzY0YTBmMDEyNjdjYzVhZjRhMmU2MTcwNmMiLCJfYXV0aF91c2VyX2JhY2tlbmQiOiJkamFuZ28uY29udHJpYi5hdXRoLmJhY2tlbmRzLk1vZGVsQmFja2VuZCIsIl9hdXRoX3VzZXJfaWQiOiIxIn0=', '2018-05-31 03:57:43.823043'),
('otpwbpqm8reuoxljz60vyottg906zmq3', 'MTcyNzAxYWViYzg0MTUwM2JjOGZjZDRmZjYwMjAxMzkxZjhiOGNlYTp7Il9hdXRoX3VzZXJfaGFzaCI6Ijc2MjEwNWQwMGFlZDgyYzY0YTBmMDEyNjdjYzVhZjRhMmU2MTcwNmMiLCJfYXV0aF91c2VyX2JhY2tlbmQiOiJkamFuZ28uY29udHJpYi5hdXRoLmJhY2tlbmRzLk1vZGVsQmFja2VuZCIsIl9hdXRoX3VzZXJfaWQiOiIxIn0=', '2018-05-31 04:04:10.863216'),
('ov2el2l8uvr79ol16ttnila3jir2ef33', 'MTcyNzAxYWViYzg0MTUwM2JjOGZjZDRmZjYwMjAxMzkxZjhiOGNlYTp7Il9hdXRoX3VzZXJfaGFzaCI6Ijc2MjEwNWQwMGFlZDgyYzY0YTBmMDEyNjdjYzVhZjRhMmU2MTcwNmMiLCJfYXV0aF91c2VyX2JhY2tlbmQiOiJkamFuZ28uY29udHJpYi5hdXRoLmJhY2tlbmRzLk1vZGVsQmFja2VuZCIsIl9hdXRoX3VzZXJfaWQiOiIxIn0=', '2018-04-30 22:07:07.553601'),
('ov4oa9bcnek7wj1kmux0dxs2x6ux7s3p', 'MTcyNzAxYWViYzg0MTUwM2JjOGZjZDRmZjYwMjAxMzkxZjhiOGNlYTp7Il9hdXRoX3VzZXJfaGFzaCI6Ijc2MjEwNWQwMGFlZDgyYzY0YTBmMDEyNjdjYzVhZjRhMmU2MTcwNmMiLCJfYXV0aF91c2VyX2JhY2tlbmQiOiJkamFuZ28uY29udHJpYi5hdXRoLmJhY2tlbmRzLk1vZGVsQmFja2VuZCIsIl9hdXRoX3VzZXJfaWQiOiIxIn0=', '2018-05-18 19:24:31.585062'),
('oxz1hzryoct8h4wbj7zxs0x6soil692g', 'MTcyNzAxYWViYzg0MTUwM2JjOGZjZDRmZjYwMjAxMzkxZjhiOGNlYTp7Il9hdXRoX3VzZXJfaGFzaCI6Ijc2MjEwNWQwMGFlZDgyYzY0YTBmMDEyNjdjYzVhZjRhMmU2MTcwNmMiLCJfYXV0aF91c2VyX2JhY2tlbmQiOiJkamFuZ28uY29udHJpYi5hdXRoLmJhY2tlbmRzLk1vZGVsQmFja2VuZCIsIl9hdXRoX3VzZXJfaWQiOiIxIn0=', '2018-04-04 18:55:08.589293'),
('oyj2xnnx8fkojhq2smpzt508tbxma39g', 'MTcyNzAxYWViYzg0MTUwM2JjOGZjZDRmZjYwMjAxMzkxZjhiOGNlYTp7Il9hdXRoX3VzZXJfaGFzaCI6Ijc2MjEwNWQwMGFlZDgyYzY0YTBmMDEyNjdjYzVhZjRhMmU2MTcwNmMiLCJfYXV0aF91c2VyX2JhY2tlbmQiOiJkamFuZ28uY29udHJpYi5hdXRoLmJhY2tlbmRzLk1vZGVsQmFja2VuZCIsIl9hdXRoX3VzZXJfaWQiOiIxIn0=', '2018-04-04 05:30:07.088247'),
('oyyx15uu1qh19o1akdwd9pthbxhqqno7', 'MTcyNzAxYWViYzg0MTUwM2JjOGZjZDRmZjYwMjAxMzkxZjhiOGNlYTp7Il9hdXRoX3VzZXJfaGFzaCI6Ijc2MjEwNWQwMGFlZDgyYzY0YTBmMDEyNjdjYzVhZjRhMmU2MTcwNmMiLCJfYXV0aF91c2VyX2JhY2tlbmQiOiJkamFuZ28uY29udHJpYi5hdXRoLmJhY2tlbmRzLk1vZGVsQmFja2VuZCIsIl9hdXRoX3VzZXJfaWQiOiIxIn0=', '2018-04-05 20:52:09.699159'),
('ozabzfidisgkjgp95oofr3kqmo4bzita', 'MTcyNzAxYWViYzg0MTUwM2JjOGZjZDRmZjYwMjAxMzkxZjhiOGNlYTp7Il9hdXRoX3VzZXJfaGFzaCI6Ijc2MjEwNWQwMGFlZDgyYzY0YTBmMDEyNjdjYzVhZjRhMmU2MTcwNmMiLCJfYXV0aF91c2VyX2JhY2tlbmQiOiJkamFuZ28uY29udHJpYi5hdXRoLmJhY2tlbmRzLk1vZGVsQmFja2VuZCIsIl9hdXRoX3VzZXJfaWQiOiIxIn0=', '2018-04-04 18:55:04.751737'),
('ozerd08lypuie9357dp3ggs77q81zu4n', 'MTcyNzAxYWViYzg0MTUwM2JjOGZjZDRmZjYwMjAxMzkxZjhiOGNlYTp7Il9hdXRoX3VzZXJfaGFzaCI6Ijc2MjEwNWQwMGFlZDgyYzY0YTBmMDEyNjdjYzVhZjRhMmU2MTcwNmMiLCJfYXV0aF91c2VyX2JhY2tlbmQiOiJkamFuZ28uY29udHJpYi5hdXRoLmJhY2tlbmRzLk1vZGVsQmFja2VuZCIsIl9hdXRoX3VzZXJfaWQiOiIxIn0=', '2018-04-04 05:34:10.652840'),
('p0goq45yj4ae1mrw2o8pic2jbatu5ahw', 'MTcyNzAxYWViYzg0MTUwM2JjOGZjZDRmZjYwMjAxMzkxZjhiOGNlYTp7Il9hdXRoX3VzZXJfaGFzaCI6Ijc2MjEwNWQwMGFlZDgyYzY0YTBmMDEyNjdjYzVhZjRhMmU2MTcwNmMiLCJfYXV0aF91c2VyX2JhY2tlbmQiOiJkamFuZ28uY29udHJpYi5hdXRoLmJhY2tlbmRzLk1vZGVsQmFja2VuZCIsIl9hdXRoX3VzZXJfaWQiOiIxIn0=', '2018-05-31 17:44:41.151978'),
('p1bz1mg32c30htxp7d3qrlp9w2maua7y', 'MTcyNzAxYWViYzg0MTUwM2JjOGZjZDRmZjYwMjAxMzkxZjhiOGNlYTp7Il9hdXRoX3VzZXJfaGFzaCI6Ijc2MjEwNWQwMGFlZDgyYzY0YTBmMDEyNjdjYzVhZjRhMmU2MTcwNmMiLCJfYXV0aF91c2VyX2JhY2tlbmQiOiJkamFuZ28uY29udHJpYi5hdXRoLmJhY2tlbmRzLk1vZGVsQmFja2VuZCIsIl9hdXRoX3VzZXJfaWQiOiIxIn0=', '2018-05-31 18:02:32.518820'),
('p1fk38f191364cg8oy55nstbnk782sh9', 'MTcyNzAxYWViYzg0MTUwM2JjOGZjZDRmZjYwMjAxMzkxZjhiOGNlYTp7Il9hdXRoX3VzZXJfaGFzaCI6Ijc2MjEwNWQwMGFlZDgyYzY0YTBmMDEyNjdjYzVhZjRhMmU2MTcwNmMiLCJfYXV0aF91c2VyX2JhY2tlbmQiOiJkamFuZ28uY29udHJpYi5hdXRoLmJhY2tlbmRzLk1vZGVsQmFja2VuZCIsIl9hdXRoX3VzZXJfaWQiOiIxIn0=', '2018-05-18 17:54:02.354353'),
('p3f703msu4nni8siljmlbk0k530cwz78', 'MTcyNzAxYWViYzg0MTUwM2JjOGZjZDRmZjYwMjAxMzkxZjhiOGNlYTp7Il9hdXRoX3VzZXJfaGFzaCI6Ijc2MjEwNWQwMGFlZDgyYzY0YTBmMDEyNjdjYzVhZjRhMmU2MTcwNmMiLCJfYXV0aF91c2VyX2JhY2tlbmQiOiJkamFuZ28uY29udHJpYi5hdXRoLmJhY2tlbmRzLk1vZGVsQmFja2VuZCIsIl9hdXRoX3VzZXJfaWQiOiIxIn0=', '2018-04-04 04:17:30.657748'),
('p442qam5zluljh4jgmxzdljpvvlpst6q', 'MTcyNzAxYWViYzg0MTUwM2JjOGZjZDRmZjYwMjAxMzkxZjhiOGNlYTp7Il9hdXRoX3VzZXJfaGFzaCI6Ijc2MjEwNWQwMGFlZDgyYzY0YTBmMDEyNjdjYzVhZjRhMmU2MTcwNmMiLCJfYXV0aF91c2VyX2JhY2tlbmQiOiJkamFuZ28uY29udHJpYi5hdXRoLmJhY2tlbmRzLk1vZGVsQmFja2VuZCIsIl9hdXRoX3VzZXJfaWQiOiIxIn0=', '2018-05-31 18:18:07.707853'),
('p4hg0q20pabywf2blucwpu1lb6mqvtyl', 'MTcyNzAxYWViYzg0MTUwM2JjOGZjZDRmZjYwMjAxMzkxZjhiOGNlYTp7Il9hdXRoX3VzZXJfaGFzaCI6Ijc2MjEwNWQwMGFlZDgyYzY0YTBmMDEyNjdjYzVhZjRhMmU2MTcwNmMiLCJfYXV0aF91c2VyX2JhY2tlbmQiOiJkamFuZ28uY29udHJpYi5hdXRoLmJhY2tlbmRzLk1vZGVsQmFja2VuZCIsIl9hdXRoX3VzZXJfaWQiOiIxIn0=', '2018-05-31 03:39:37.219378'),
('p4ldby5bwommc5v9gjklc3wswew9qpfs', 'MTcyNzAxYWViYzg0MTUwM2JjOGZjZDRmZjYwMjAxMzkxZjhiOGNlYTp7Il9hdXRoX3VzZXJfaGFzaCI6Ijc2MjEwNWQwMGFlZDgyYzY0YTBmMDEyNjdjYzVhZjRhMmU2MTcwNmMiLCJfYXV0aF91c2VyX2JhY2tlbmQiOiJkamFuZ28uY29udHJpYi5hdXRoLmJhY2tlbmRzLk1vZGVsQmFja2VuZCIsIl9hdXRoX3VzZXJfaWQiOiIxIn0=', '2018-05-31 05:29:54.130795'),
('p4md9wucm54lisq64kqd8dohs5fhcdk8', 'MGY0MWNhYWYwNjY3ZTM2ZjM2NGEwODgyOWU3MTc2NjI3NDRlZjU2ZTp7Il9hdXRoX3VzZXJfaGFzaCI6IjA2YzEwMWYwYTE5NjM2MzI3ZWQxMzZjYjQyNjNhZjlhYTUxN2Q0ODEiLCJfYXV0aF91c2VyX2JhY2tlbmQiOiJkamFuZ28uY29udHJpYi5hdXRoLmJhY2tlbmRzLk1vZGVsQmFja2VuZCIsIl9hdXRoX3VzZXJfaWQiOiIzIn0=', '2018-05-31 18:02:17.662217'),
('p4q2ow7j9qtwck8ak1v390wy14kejjf3', 'MTcyNzAxYWViYzg0MTUwM2JjOGZjZDRmZjYwMjAxMzkxZjhiOGNlYTp7Il9hdXRoX3VzZXJfaGFzaCI6Ijc2MjEwNWQwMGFlZDgyYzY0YTBmMDEyNjdjYzVhZjRhMmU2MTcwNmMiLCJfYXV0aF91c2VyX2JhY2tlbmQiOiJkamFuZ28uY29udHJpYi5hdXRoLmJhY2tlbmRzLk1vZGVsQmFja2VuZCIsIl9hdXRoX3VzZXJfaWQiOiIxIn0=', '2018-04-30 21:16:41.257602'),
('p5chuskkuraofdmucn8tzvgim22mdu60', 'MTcyNzAxYWViYzg0MTUwM2JjOGZjZDRmZjYwMjAxMzkxZjhiOGNlYTp7Il9hdXRoX3VzZXJfaGFzaCI6Ijc2MjEwNWQwMGFlZDgyYzY0YTBmMDEyNjdjYzVhZjRhMmU2MTcwNmMiLCJfYXV0aF91c2VyX2JhY2tlbmQiOiJkamFuZ28uY29udHJpYi5hdXRoLmJhY2tlbmRzLk1vZGVsQmFja2VuZCIsIl9hdXRoX3VzZXJfaWQiOiIxIn0=', '2018-04-03 02:37:03.632101'),
('p65l2vs1s33yup5feud6gfek8g7wxx2t', 'MTcyNzAxYWViYzg0MTUwM2JjOGZjZDRmZjYwMjAxMzkxZjhiOGNlYTp7Il9hdXRoX3VzZXJfaGFzaCI6Ijc2MjEwNWQwMGFlZDgyYzY0YTBmMDEyNjdjYzVhZjRhMmU2MTcwNmMiLCJfYXV0aF91c2VyX2JhY2tlbmQiOiJkamFuZ28uY29udHJpYi5hdXRoLmJhY2tlbmRzLk1vZGVsQmFja2VuZCIsIl9hdXRoX3VzZXJfaWQiOiIxIn0=', '2018-05-01 03:30:30.945963'),
('p6yr6770ouzq106s5cwzdflpo7j55m6y', 'MTcyNzAxYWViYzg0MTUwM2JjOGZjZDRmZjYwMjAxMzkxZjhiOGNlYTp7Il9hdXRoX3VzZXJfaGFzaCI6Ijc2MjEwNWQwMGFlZDgyYzY0YTBmMDEyNjdjYzVhZjRhMmU2MTcwNmMiLCJfYXV0aF91c2VyX2JhY2tlbmQiOiJkamFuZ28uY29udHJpYi5hdXRoLmJhY2tlbmRzLk1vZGVsQmFja2VuZCIsIl9hdXRoX3VzZXJfaWQiOiIxIn0=', '2018-05-31 18:39:40.284977'),
('p88cwa7amnp21lyfc0toifw3rltdc99h', 'MTcyNzAxYWViYzg0MTUwM2JjOGZjZDRmZjYwMjAxMzkxZjhiOGNlYTp7Il9hdXRoX3VzZXJfaGFzaCI6Ijc2MjEwNWQwMGFlZDgyYzY0YTBmMDEyNjdjYzVhZjRhMmU2MTcwNmMiLCJfYXV0aF91c2VyX2JhY2tlbmQiOiJkamFuZ28uY29udHJpYi5hdXRoLmJhY2tlbmRzLk1vZGVsQmFja2VuZCIsIl9hdXRoX3VzZXJfaWQiOiIxIn0=', '2018-05-31 18:18:00.230600'),
('p9wf5qyxsva2qav3pn5peqq288xm9yr8', 'MTcyNzAxYWViYzg0MTUwM2JjOGZjZDRmZjYwMjAxMzkxZjhiOGNlYTp7Il9hdXRoX3VzZXJfaGFzaCI6Ijc2MjEwNWQwMGFlZDgyYzY0YTBmMDEyNjdjYzVhZjRhMmU2MTcwNmMiLCJfYXV0aF91c2VyX2JhY2tlbmQiOiJkamFuZ28uY29udHJpYi5hdXRoLmJhY2tlbmRzLk1vZGVsQmFja2VuZCIsIl9hdXRoX3VzZXJfaWQiOiIxIn0=', '2018-05-18 17:30:37.776141'),
('p9ywguc8ibrl0befwviq6x6uslrj82kf', 'MTcyNzAxYWViYzg0MTUwM2JjOGZjZDRmZjYwMjAxMzkxZjhiOGNlYTp7Il9hdXRoX3VzZXJfaGFzaCI6Ijc2MjEwNWQwMGFlZDgyYzY0YTBmMDEyNjdjYzVhZjRhMmU2MTcwNmMiLCJfYXV0aF91c2VyX2JhY2tlbmQiOiJkamFuZ28uY29udHJpYi5hdXRoLmJhY2tlbmRzLk1vZGVsQmFja2VuZCIsIl9hdXRoX3VzZXJfaWQiOiIxIn0=', '2018-05-31 05:22:12.934280'),
('p9z8xz4rbqn0x63583jv3wdw9c1ybmpz', 'MTcyNzAxYWViYzg0MTUwM2JjOGZjZDRmZjYwMjAxMzkxZjhiOGNlYTp7Il9hdXRoX3VzZXJfaGFzaCI6Ijc2MjEwNWQwMGFlZDgyYzY0YTBmMDEyNjdjYzVhZjRhMmU2MTcwNmMiLCJfYXV0aF91c2VyX2JhY2tlbmQiOiJkamFuZ28uY29udHJpYi5hdXRoLmJhY2tlbmRzLk1vZGVsQmFja2VuZCIsIl9hdXRoX3VzZXJfaWQiOiIxIn0=', '2018-05-31 05:22:44.936590'),
('papyyw6caxv465dowxxvnxw6rrp7co67', 'MTcyNzAxYWViYzg0MTUwM2JjOGZjZDRmZjYwMjAxMzkxZjhiOGNlYTp7Il9hdXRoX3VzZXJfaGFzaCI6Ijc2MjEwNWQwMGFlZDgyYzY0YTBmMDEyNjdjYzVhZjRhMmU2MTcwNmMiLCJfYXV0aF91c2VyX2JhY2tlbmQiOiJkamFuZ28uY29udHJpYi5hdXRoLmJhY2tlbmRzLk1vZGVsQmFja2VuZCIsIl9hdXRoX3VzZXJfaWQiOiIxIn0=', '2018-05-31 04:41:27.888368'),
('pb3oeuvxxph9bgcllc8cwh7fvep4bglp', 'MTcyNzAxYWViYzg0MTUwM2JjOGZjZDRmZjYwMjAxMzkxZjhiOGNlYTp7Il9hdXRoX3VzZXJfaGFzaCI6Ijc2MjEwNWQwMGFlZDgyYzY0YTBmMDEyNjdjYzVhZjRhMmU2MTcwNmMiLCJfYXV0aF91c2VyX2JhY2tlbmQiOiJkamFuZ28uY29udHJpYi5hdXRoLmJhY2tlbmRzLk1vZGVsQmFja2VuZCIsIl9hdXRoX3VzZXJfaWQiOiIxIn0=', '2018-05-31 04:38:55.077481'),
('pbzyzf1wzde76otniwctu7rnlyex8l01', 'MTcyNzAxYWViYzg0MTUwM2JjOGZjZDRmZjYwMjAxMzkxZjhiOGNlYTp7Il9hdXRoX3VzZXJfaGFzaCI6Ijc2MjEwNWQwMGFlZDgyYzY0YTBmMDEyNjdjYzVhZjRhMmU2MTcwNmMiLCJfYXV0aF91c2VyX2JhY2tlbmQiOiJkamFuZ28uY29udHJpYi5hdXRoLmJhY2tlbmRzLk1vZGVsQmFja2VuZCIsIl9hdXRoX3VzZXJfaWQiOiIxIn0=', '2018-04-03 06:11:31.059808'),
('pdj0vdi3x3oiq1vmda2dogrqltw9vyp5', 'Mzc3NTBmMWNhZGUzZDUwOGY2NGNiYzUzMTA2YWIyMjczOTA0Y2MyNTp7ImlkX2Zhc2VfcHJveWVjdG8iOjUsIl9hdXRoX3VzZXJfaWQiOiIxIiwiX2F1dGhfdXNlcl9iYWNrZW5kIjoiZGphbmdvLmNvbnRyaWIuYXV0aC5iYWNrZW5kcy5Nb2RlbEJhY2tlbmQiLCJpZF9wcm95ZWN0byI6NiwiaWRfcHJvZHVjdG9fZGVfZmFzZSI6MjAsIl9hdXRoX3VzZXJfaGFzaCI6Ijc2MjEwNWQwMGFlZDgyYzY0YTBmMDEyNjdjYzVhZjRhMmU2MTcwNmMifQ==', '2018-03-12 04:36:37.204372'),
('pdnna4tl2p46ly0r9qqnxvuqwo8bx2re', 'MTcyNzAxYWViYzg0MTUwM2JjOGZjZDRmZjYwMjAxMzkxZjhiOGNlYTp7Il9hdXRoX3VzZXJfaGFzaCI6Ijc2MjEwNWQwMGFlZDgyYzY0YTBmMDEyNjdjYzVhZjRhMmU2MTcwNmMiLCJfYXV0aF91c2VyX2JhY2tlbmQiOiJkamFuZ28uY29udHJpYi5hdXRoLmJhY2tlbmRzLk1vZGVsQmFja2VuZCIsIl9hdXRoX3VzZXJfaWQiOiIxIn0=', '2018-04-30 20:51:29.255556'),
('pgy1aac8q59589187inghqjju26cjfja', 'MTcyNzAxYWViYzg0MTUwM2JjOGZjZDRmZjYwMjAxMzkxZjhiOGNlYTp7Il9hdXRoX3VzZXJfaGFzaCI6Ijc2MjEwNWQwMGFlZDgyYzY0YTBmMDEyNjdjYzVhZjRhMmU2MTcwNmMiLCJfYXV0aF91c2VyX2JhY2tlbmQiOiJkamFuZ28uY29udHJpYi5hdXRoLmJhY2tlbmRzLk1vZGVsQmFja2VuZCIsIl9hdXRoX3VzZXJfaWQiOiIxIn0=', '2018-04-04 18:07:33.242953'),
('phjvl885hr3rwzmo8742yxsu64xlh6ts', 'MTcyNzAxYWViYzg0MTUwM2JjOGZjZDRmZjYwMjAxMzkxZjhiOGNlYTp7Il9hdXRoX3VzZXJfaGFzaCI6Ijc2MjEwNWQwMGFlZDgyYzY0YTBmMDEyNjdjYzVhZjRhMmU2MTcwNmMiLCJfYXV0aF91c2VyX2JhY2tlbmQiOiJkamFuZ28uY29udHJpYi5hdXRoLmJhY2tlbmRzLk1vZGVsQmFja2VuZCIsIl9hdXRoX3VzZXJfaWQiOiIxIn0=', '2018-05-31 18:41:53.388615'),
('phw4mereoxmpoazflwkwo0smb7gz5jkk', 'MTcyNzAxYWViYzg0MTUwM2JjOGZjZDRmZjYwMjAxMzkxZjhiOGNlYTp7Il9hdXRoX3VzZXJfaGFzaCI6Ijc2MjEwNWQwMGFlZDgyYzY0YTBmMDEyNjdjYzVhZjRhMmU2MTcwNmMiLCJfYXV0aF91c2VyX2JhY2tlbmQiOiJkamFuZ28uY29udHJpYi5hdXRoLmJhY2tlbmRzLk1vZGVsQmFja2VuZCIsIl9hdXRoX3VzZXJfaWQiOiIxIn0=', '2018-04-01 20:49:04.939461'),
('pi6hl5d4ru2yj54hz3san9h009ss1upf', 'MTcyNzAxYWViYzg0MTUwM2JjOGZjZDRmZjYwMjAxMzkxZjhiOGNlYTp7Il9hdXRoX3VzZXJfaGFzaCI6Ijc2MjEwNWQwMGFlZDgyYzY0YTBmMDEyNjdjYzVhZjRhMmU2MTcwNmMiLCJfYXV0aF91c2VyX2JhY2tlbmQiOiJkamFuZ28uY29udHJpYi5hdXRoLmJhY2tlbmRzLk1vZGVsQmFja2VuZCIsIl9hdXRoX3VzZXJfaWQiOiIxIn0=', '2018-04-30 22:03:51.874383'),
('pifwoxir3qq1uqf1nypc99de08n2usgd', 'MTcyNzAxYWViYzg0MTUwM2JjOGZjZDRmZjYwMjAxMzkxZjhiOGNlYTp7Il9hdXRoX3VzZXJfaGFzaCI6Ijc2MjEwNWQwMGFlZDgyYzY0YTBmMDEyNjdjYzVhZjRhMmU2MTcwNmMiLCJfYXV0aF91c2VyX2JhY2tlbmQiOiJkamFuZ28uY29udHJpYi5hdXRoLmJhY2tlbmRzLk1vZGVsQmFja2VuZCIsIl9hdXRoX3VzZXJfaWQiOiIxIn0=', '2018-05-18 17:34:41.156625'),
('pjhqft3u5re9bv3tcq3uc4khnu7xils2', 'MTcyNzAxYWViYzg0MTUwM2JjOGZjZDRmZjYwMjAxMzkxZjhiOGNlYTp7Il9hdXRoX3VzZXJfaGFzaCI6Ijc2MjEwNWQwMGFlZDgyYzY0YTBmMDEyNjdjYzVhZjRhMmU2MTcwNmMiLCJfYXV0aF91c2VyX2JhY2tlbmQiOiJkamFuZ28uY29udHJpYi5hdXRoLmJhY2tlbmRzLk1vZGVsQmFja2VuZCIsIl9hdXRoX3VzZXJfaWQiOiIxIn0=', '2018-04-04 18:51:03.944191'),
('pjhrx6fojmsbsjriqhtl6qjqp8lqnxfe', 'MTcyNzAxYWViYzg0MTUwM2JjOGZjZDRmZjYwMjAxMzkxZjhiOGNlYTp7Il9hdXRoX3VzZXJfaGFzaCI6Ijc2MjEwNWQwMGFlZDgyYzY0YTBmMDEyNjdjYzVhZjRhMmU2MTcwNmMiLCJfYXV0aF91c2VyX2JhY2tlbmQiOiJkamFuZ28uY29udHJpYi5hdXRoLmJhY2tlbmRzLk1vZGVsQmFja2VuZCIsIl9hdXRoX3VzZXJfaWQiOiIxIn0=', '2018-05-18 17:16:43.217953'),
('pl3d6rvq90vw5rwvyggdj8myjieosgfq', 'MTcyNzAxYWViYzg0MTUwM2JjOGZjZDRmZjYwMjAxMzkxZjhiOGNlYTp7Il9hdXRoX3VzZXJfaGFzaCI6Ijc2MjEwNWQwMGFlZDgyYzY0YTBmMDEyNjdjYzVhZjRhMmU2MTcwNmMiLCJfYXV0aF91c2VyX2JhY2tlbmQiOiJkamFuZ28uY29udHJpYi5hdXRoLmJhY2tlbmRzLk1vZGVsQmFja2VuZCIsIl9hdXRoX3VzZXJfaWQiOiIxIn0=', '2018-05-31 17:10:42.152589'),
('plmmq3fq8t73tekxau3ub6b9bedyodtw', 'MTcyNzAxYWViYzg0MTUwM2JjOGZjZDRmZjYwMjAxMzkxZjhiOGNlYTp7Il9hdXRoX3VzZXJfaGFzaCI6Ijc2MjEwNWQwMGFlZDgyYzY0YTBmMDEyNjdjYzVhZjRhMmU2MTcwNmMiLCJfYXV0aF91c2VyX2JhY2tlbmQiOiJkamFuZ28uY29udHJpYi5hdXRoLmJhY2tlbmRzLk1vZGVsQmFja2VuZCIsIl9hdXRoX3VzZXJfaWQiOiIxIn0=', '2018-05-31 04:43:27.229603'),
('pmysigdbmwm6h5uq2zdb2zsgh3jbezte', 'MTcyNzAxYWViYzg0MTUwM2JjOGZjZDRmZjYwMjAxMzkxZjhiOGNlYTp7Il9hdXRoX3VzZXJfaGFzaCI6Ijc2MjEwNWQwMGFlZDgyYzY0YTBmMDEyNjdjYzVhZjRhMmU2MTcwNmMiLCJfYXV0aF91c2VyX2JhY2tlbmQiOiJkamFuZ28uY29udHJpYi5hdXRoLmJhY2tlbmRzLk1vZGVsQmFja2VuZCIsIl9hdXRoX3VzZXJfaWQiOiIxIn0=', '2018-04-04 18:54:52.680293'),
('pnffsmdlr8hgk6grfh2trc5qbj0ss6ru', 'MTcyNzAxYWViYzg0MTUwM2JjOGZjZDRmZjYwMjAxMzkxZjhiOGNlYTp7Il9hdXRoX3VzZXJfaGFzaCI6Ijc2MjEwNWQwMGFlZDgyYzY0YTBmMDEyNjdjYzVhZjRhMmU2MTcwNmMiLCJfYXV0aF91c2VyX2JhY2tlbmQiOiJkamFuZ28uY29udHJpYi5hdXRoLmJhY2tlbmRzLk1vZGVsQmFja2VuZCIsIl9hdXRoX3VzZXJfaWQiOiIxIn0=', '2018-05-01 03:22:23.652117'),
('pnydkh748m2q4uku58xc93adanloi2mr', 'MTcyNzAxYWViYzg0MTUwM2JjOGZjZDRmZjYwMjAxMzkxZjhiOGNlYTp7Il9hdXRoX3VzZXJfaGFzaCI6Ijc2MjEwNWQwMGFlZDgyYzY0YTBmMDEyNjdjYzVhZjRhMmU2MTcwNmMiLCJfYXV0aF91c2VyX2JhY2tlbmQiOiJkamFuZ28uY29udHJpYi5hdXRoLmJhY2tlbmRzLk1vZGVsQmFja2VuZCIsIl9hdXRoX3VzZXJfaWQiOiIxIn0=', '2018-04-01 20:47:53.982893'),
('pqhlo07txny7iird72fu4091vyu4vwhq', 'MTcyNzAxYWViYzg0MTUwM2JjOGZjZDRmZjYwMjAxMzkxZjhiOGNlYTp7Il9hdXRoX3VzZXJfaGFzaCI6Ijc2MjEwNWQwMGFlZDgyYzY0YTBmMDEyNjdjYzVhZjRhMmU2MTcwNmMiLCJfYXV0aF91c2VyX2JhY2tlbmQiOiJkamFuZ28uY29udHJpYi5hdXRoLmJhY2tlbmRzLk1vZGVsQmFja2VuZCIsIl9hdXRoX3VzZXJfaWQiOiIxIn0=', '2018-04-30 20:44:50.569698'),
('psa3u74p5eqmeoawxpczf96q22wwjxuu', 'MTcyNzAxYWViYzg0MTUwM2JjOGZjZDRmZjYwMjAxMzkxZjhiOGNlYTp7Il9hdXRoX3VzZXJfaGFzaCI6Ijc2MjEwNWQwMGFlZDgyYzY0YTBmMDEyNjdjYzVhZjRhMmU2MTcwNmMiLCJfYXV0aF91c2VyX2JhY2tlbmQiOiJkamFuZ28uY29udHJpYi5hdXRoLmJhY2tlbmRzLk1vZGVsQmFja2VuZCIsIl9hdXRoX3VzZXJfaWQiOiIxIn0=', '2018-04-04 05:30:11.385541'),
('pse0ntlrwaznuafjfqvl9rvence56v99', 'MTcyNzAxYWViYzg0MTUwM2JjOGZjZDRmZjYwMjAxMzkxZjhiOGNlYTp7Il9hdXRoX3VzZXJfaGFzaCI6Ijc2MjEwNWQwMGFlZDgyYzY0YTBmMDEyNjdjYzVhZjRhMmU2MTcwNmMiLCJfYXV0aF91c2VyX2JhY2tlbmQiOiJkamFuZ28uY29udHJpYi5hdXRoLmJhY2tlbmRzLk1vZGVsQmFja2VuZCIsIl9hdXRoX3VzZXJfaWQiOiIxIn0=', '2018-04-04 03:45:38.878079'),
('pumq1z3rl5e927ngcq5qra16jx8z27gg', 'MTcyNzAxYWViYzg0MTUwM2JjOGZjZDRmZjYwMjAxMzkxZjhiOGNlYTp7Il9hdXRoX3VzZXJfaGFzaCI6Ijc2MjEwNWQwMGFlZDgyYzY0YTBmMDEyNjdjYzVhZjRhMmU2MTcwNmMiLCJfYXV0aF91c2VyX2JhY2tlbmQiOiJkamFuZ28uY29udHJpYi5hdXRoLmJhY2tlbmRzLk1vZGVsQmFja2VuZCIsIl9hdXRoX3VzZXJfaWQiOiIxIn0=', '2018-05-31 05:32:58.227532'),
('pxc9onxaha5tc9woymnlhy91x5r1nj41', 'MTcyNzAxYWViYzg0MTUwM2JjOGZjZDRmZjYwMjAxMzkxZjhiOGNlYTp7Il9hdXRoX3VzZXJfaGFzaCI6Ijc2MjEwNWQwMGFlZDgyYzY0YTBmMDEyNjdjYzVhZjRhMmU2MTcwNmMiLCJfYXV0aF91c2VyX2JhY2tlbmQiOiJkamFuZ28uY29udHJpYi5hdXRoLmJhY2tlbmRzLk1vZGVsQmFja2VuZCIsIl9hdXRoX3VzZXJfaWQiOiIxIn0=', '2018-04-30 20:32:03.977518'),
('pyc6k42n3z3k8oglhxygg0vvuky40fqf', 'MTcyNzAxYWViYzg0MTUwM2JjOGZjZDRmZjYwMjAxMzkxZjhiOGNlYTp7Il9hdXRoX3VzZXJfaGFzaCI6Ijc2MjEwNWQwMGFlZDgyYzY0YTBmMDEyNjdjYzVhZjRhMmU2MTcwNmMiLCJfYXV0aF91c2VyX2JhY2tlbmQiOiJkamFuZ28uY29udHJpYi5hdXRoLmJhY2tlbmRzLk1vZGVsQmFja2VuZCIsIl9hdXRoX3VzZXJfaWQiOiIxIn0=', '2018-05-01 03:39:20.248141'),
('pzdnmva0r6q9ei7jvjrw95u4z0nna0ug', 'MTcyNzAxYWViYzg0MTUwM2JjOGZjZDRmZjYwMjAxMzkxZjhiOGNlYTp7Il9hdXRoX3VzZXJfaGFzaCI6Ijc2MjEwNWQwMGFlZDgyYzY0YTBmMDEyNjdjYzVhZjRhMmU2MTcwNmMiLCJfYXV0aF91c2VyX2JhY2tlbmQiOiJkamFuZ28uY29udHJpYi5hdXRoLmJhY2tlbmRzLk1vZGVsQmFja2VuZCIsIl9hdXRoX3VzZXJfaWQiOiIxIn0=', '2018-05-31 05:49:12.739830'),
('pztcfgxa0oji0ob0krusr8g3byjmv0bb', 'MTcyNzAxYWViYzg0MTUwM2JjOGZjZDRmZjYwMjAxMzkxZjhiOGNlYTp7Il9hdXRoX3VzZXJfaGFzaCI6Ijc2MjEwNWQwMGFlZDgyYzY0YTBmMDEyNjdjYzVhZjRhMmU2MTcwNmMiLCJfYXV0aF91c2VyX2JhY2tlbmQiOiJkamFuZ28uY29udHJpYi5hdXRoLmJhY2tlbmRzLk1vZGVsQmFja2VuZCIsIl9hdXRoX3VzZXJfaWQiOiIxIn0=', '2018-05-01 03:38:37.988508'),
('q019qn9rfywsk4a2dlrv919f9b31vdfv', 'MTcyNzAxYWViYzg0MTUwM2JjOGZjZDRmZjYwMjAxMzkxZjhiOGNlYTp7Il9hdXRoX3VzZXJfaGFzaCI6Ijc2MjEwNWQwMGFlZDgyYzY0YTBmMDEyNjdjYzVhZjRhMmU2MTcwNmMiLCJfYXV0aF91c2VyX2JhY2tlbmQiOiJkamFuZ28uY29udHJpYi5hdXRoLmJhY2tlbmRzLk1vZGVsQmFja2VuZCIsIl9hdXRoX3VzZXJfaWQiOiIxIn0=', '2018-05-18 19:25:27.458173'),
('q0lfwv3rxio84n3jw0ksjk29f9et6ny2', 'MTcyNzAxYWViYzg0MTUwM2JjOGZjZDRmZjYwMjAxMzkxZjhiOGNlYTp7Il9hdXRoX3VzZXJfaGFzaCI6Ijc2MjEwNWQwMGFlZDgyYzY0YTBmMDEyNjdjYzVhZjRhMmU2MTcwNmMiLCJfYXV0aF91c2VyX2JhY2tlbmQiOiJkamFuZ28uY29udHJpYi5hdXRoLmJhY2tlbmRzLk1vZGVsQmFja2VuZCIsIl9hdXRoX3VzZXJfaWQiOiIxIn0=', '2018-04-30 20:59:53.455938'),
('q2yjg3frg4q3yklnddiikh8bcdvyi048', 'MTcyNzAxYWViYzg0MTUwM2JjOGZjZDRmZjYwMjAxMzkxZjhiOGNlYTp7Il9hdXRoX3VzZXJfaGFzaCI6Ijc2MjEwNWQwMGFlZDgyYzY0YTBmMDEyNjdjYzVhZjRhMmU2MTcwNmMiLCJfYXV0aF91c2VyX2JhY2tlbmQiOiJkamFuZ28uY29udHJpYi5hdXRoLmJhY2tlbmRzLk1vZGVsQmFja2VuZCIsIl9hdXRoX3VzZXJfaWQiOiIxIn0=', '2018-05-18 17:29:58.143637'),
('q460l1etd3odag24n7hbmmcf2almpus5', 'MTcyNzAxYWViYzg0MTUwM2JjOGZjZDRmZjYwMjAxMzkxZjhiOGNlYTp7Il9hdXRoX3VzZXJfaGFzaCI6Ijc2MjEwNWQwMGFlZDgyYzY0YTBmMDEyNjdjYzVhZjRhMmU2MTcwNmMiLCJfYXV0aF91c2VyX2JhY2tlbmQiOiJkamFuZ28uY29udHJpYi5hdXRoLmJhY2tlbmRzLk1vZGVsQmFja2VuZCIsIl9hdXRoX3VzZXJfaWQiOiIxIn0=', '2018-05-18 17:12:48.876075'),
('q5gvmb6a9ngguehsutjd4b9ib5fb3jin', 'MTcyNzAxYWViYzg0MTUwM2JjOGZjZDRmZjYwMjAxMzkxZjhiOGNlYTp7Il9hdXRoX3VzZXJfaGFzaCI6Ijc2MjEwNWQwMGFlZDgyYzY0YTBmMDEyNjdjYzVhZjRhMmU2MTcwNmMiLCJfYXV0aF91c2VyX2JhY2tlbmQiOiJkamFuZ28uY29udHJpYi5hdXRoLmJhY2tlbmRzLk1vZGVsQmFja2VuZCIsIl9hdXRoX3VzZXJfaWQiOiIxIn0=', '2018-05-31 18:01:21.007734'),
('q6lx98pt8zw0vn3d8g4m1docef5mux9r', 'MTcyNzAxYWViYzg0MTUwM2JjOGZjZDRmZjYwMjAxMzkxZjhiOGNlYTp7Il9hdXRoX3VzZXJfaGFzaCI6Ijc2MjEwNWQwMGFlZDgyYzY0YTBmMDEyNjdjYzVhZjRhMmU2MTcwNmMiLCJfYXV0aF91c2VyX2JhY2tlbmQiOiJkamFuZ28uY29udHJpYi5hdXRoLmJhY2tlbmRzLk1vZGVsQmFja2VuZCIsIl9hdXRoX3VzZXJfaWQiOiIxIn0=', '2018-04-01 19:54:51.792903'),
('q7bzb5s9hjv3dkve6y0mpsnuq0r5vhms', 'MTcyNzAxYWViYzg0MTUwM2JjOGZjZDRmZjYwMjAxMzkxZjhiOGNlYTp7Il9hdXRoX3VzZXJfaGFzaCI6Ijc2MjEwNWQwMGFlZDgyYzY0YTBmMDEyNjdjYzVhZjRhMmU2MTcwNmMiLCJfYXV0aF91c2VyX2JhY2tlbmQiOiJkamFuZ28uY29udHJpYi5hdXRoLmJhY2tlbmRzLk1vZGVsQmFja2VuZCIsIl9hdXRoX3VzZXJfaWQiOiIxIn0=', '2018-05-01 03:40:47.150430'),
('q8qn3euv5abob4017tmkyza3brye1n4y', 'MTcyNzAxYWViYzg0MTUwM2JjOGZjZDRmZjYwMjAxMzkxZjhiOGNlYTp7Il9hdXRoX3VzZXJfaGFzaCI6Ijc2MjEwNWQwMGFlZDgyYzY0YTBmMDEyNjdjYzVhZjRhMmU2MTcwNmMiLCJfYXV0aF91c2VyX2JhY2tlbmQiOiJkamFuZ28uY29udHJpYi5hdXRoLmJhY2tlbmRzLk1vZGVsQmFja2VuZCIsIl9hdXRoX3VzZXJfaWQiOiIxIn0=', '2018-05-01 03:45:54.503644'),
('q8rttlm80lggj0oamftl5bc6lkpgxrod', 'MTcyNzAxYWViYzg0MTUwM2JjOGZjZDRmZjYwMjAxMzkxZjhiOGNlYTp7Il9hdXRoX3VzZXJfaGFzaCI6Ijc2MjEwNWQwMGFlZDgyYzY0YTBmMDEyNjdjYzVhZjRhMmU2MTcwNmMiLCJfYXV0aF91c2VyX2JhY2tlbmQiOiJkamFuZ28uY29udHJpYi5hdXRoLmJhY2tlbmRzLk1vZGVsQmFja2VuZCIsIl9hdXRoX3VzZXJfaWQiOiIxIn0=', '2018-05-01 03:21:33.887932'),
('q8ywvdcb127ghtthy3t2o52owu3wvg5b', 'MTcyNzAxYWViYzg0MTUwM2JjOGZjZDRmZjYwMjAxMzkxZjhiOGNlYTp7Il9hdXRoX3VzZXJfaGFzaCI6Ijc2MjEwNWQwMGFlZDgyYzY0YTBmMDEyNjdjYzVhZjRhMmU2MTcwNmMiLCJfYXV0aF91c2VyX2JhY2tlbmQiOiJkamFuZ28uY29udHJpYi5hdXRoLmJhY2tlbmRzLk1vZGVsQmFja2VuZCIsIl9hdXRoX3VzZXJfaWQiOiIxIn0=', '2018-04-04 04:11:12.294839'),
('qaavawarmvorynm92jcarq90ari5mcg7', 'MTcyNzAxYWViYzg0MTUwM2JjOGZjZDRmZjYwMjAxMzkxZjhiOGNlYTp7Il9hdXRoX3VzZXJfaGFzaCI6Ijc2MjEwNWQwMGFlZDgyYzY0YTBmMDEyNjdjYzVhZjRhMmU2MTcwNmMiLCJfYXV0aF91c2VyX2JhY2tlbmQiOiJkamFuZ28uY29udHJpYi5hdXRoLmJhY2tlbmRzLk1vZGVsQmFja2VuZCIsIl9hdXRoX3VzZXJfaWQiOiIxIn0=', '2018-05-31 05:22:50.426174'),
('qdm2y3h1npj0lo79cknzqvyjn6n1lrng', 'MTcyNzAxYWViYzg0MTUwM2JjOGZjZDRmZjYwMjAxMzkxZjhiOGNlYTp7Il9hdXRoX3VzZXJfaGFzaCI6Ijc2MjEwNWQwMGFlZDgyYzY0YTBmMDEyNjdjYzVhZjRhMmU2MTcwNmMiLCJfYXV0aF91c2VyX2JhY2tlbmQiOiJkamFuZ28uY29udHJpYi5hdXRoLmJhY2tlbmRzLk1vZGVsQmFja2VuZCIsIl9hdXRoX3VzZXJfaWQiOiIxIn0=', '2018-04-30 20:11:45.402683'),
('qe52ra03ym72qbosw26fbtf8e6mj5w6s', 'MTcyNzAxYWViYzg0MTUwM2JjOGZjZDRmZjYwMjAxMzkxZjhiOGNlYTp7Il9hdXRoX3VzZXJfaGFzaCI6Ijc2MjEwNWQwMGFlZDgyYzY0YTBmMDEyNjdjYzVhZjRhMmU2MTcwNmMiLCJfYXV0aF91c2VyX2JhY2tlbmQiOiJkamFuZ28uY29udHJpYi5hdXRoLmJhY2tlbmRzLk1vZGVsQmFja2VuZCIsIl9hdXRoX3VzZXJfaWQiOiIxIn0=', '2018-04-23 07:17:27.312044'),
('qeb8rfos245wstit4nfls4gfq678x6tr', 'MTcyNzAxYWViYzg0MTUwM2JjOGZjZDRmZjYwMjAxMzkxZjhiOGNlYTp7Il9hdXRoX3VzZXJfaGFzaCI6Ijc2MjEwNWQwMGFlZDgyYzY0YTBmMDEyNjdjYzVhZjRhMmU2MTcwNmMiLCJfYXV0aF91c2VyX2JhY2tlbmQiOiJkamFuZ28uY29udHJpYi5hdXRoLmJhY2tlbmRzLk1vZGVsQmFja2VuZCIsIl9hdXRoX3VzZXJfaWQiOiIxIn0=', '2018-05-31 03:39:57.399190'),
('qeq4dlqd8hoqm9lga5jh6eyaxjqsodrx', 'MTcyNzAxYWViYzg0MTUwM2JjOGZjZDRmZjYwMjAxMzkxZjhiOGNlYTp7Il9hdXRoX3VzZXJfaGFzaCI6Ijc2MjEwNWQwMGFlZDgyYzY0YTBmMDEyNjdjYzVhZjRhMmU2MTcwNmMiLCJfYXV0aF91c2VyX2JhY2tlbmQiOiJkamFuZ28uY29udHJpYi5hdXRoLmJhY2tlbmRzLk1vZGVsQmFja2VuZCIsIl9hdXRoX3VzZXJfaWQiOiIxIn0=', '2018-04-05 20:51:18.577731'),
('qeqx4i5bml7xajritu1apqnla6l527aj', 'MTcyNzAxYWViYzg0MTUwM2JjOGZjZDRmZjYwMjAxMzkxZjhiOGNlYTp7Il9hdXRoX3VzZXJfaGFzaCI6Ijc2MjEwNWQwMGFlZDgyYzY0YTBmMDEyNjdjYzVhZjRhMmU2MTcwNmMiLCJfYXV0aF91c2VyX2JhY2tlbmQiOiJkamFuZ28uY29udHJpYi5hdXRoLmJhY2tlbmRzLk1vZGVsQmFja2VuZCIsIl9hdXRoX3VzZXJfaWQiOiIxIn0=', '2018-04-30 21:59:40.906749'),
('qerdv3k084yz1i7ebshr55f9ss3n87ih', 'MTcyNzAxYWViYzg0MTUwM2JjOGZjZDRmZjYwMjAxMzkxZjhiOGNlYTp7Il9hdXRoX3VzZXJfaGFzaCI6Ijc2MjEwNWQwMGFlZDgyYzY0YTBmMDEyNjdjYzVhZjRhMmU2MTcwNmMiLCJfYXV0aF91c2VyX2JhY2tlbmQiOiJkamFuZ28uY29udHJpYi5hdXRoLmJhY2tlbmRzLk1vZGVsQmFja2VuZCIsIl9hdXRoX3VzZXJfaWQiOiIxIn0=', '2018-04-05 19:27:08.579954'),
('qf36r0ye96ijsn42i0e3ntq24t9jsh3t', 'MTcyNzAxYWViYzg0MTUwM2JjOGZjZDRmZjYwMjAxMzkxZjhiOGNlYTp7Il9hdXRoX3VzZXJfaGFzaCI6Ijc2MjEwNWQwMGFlZDgyYzY0YTBmMDEyNjdjYzVhZjRhMmU2MTcwNmMiLCJfYXV0aF91c2VyX2JhY2tlbmQiOiJkamFuZ28uY29udHJpYi5hdXRoLmJhY2tlbmRzLk1vZGVsQmFja2VuZCIsIl9hdXRoX3VzZXJfaWQiOiIxIn0=', '2018-05-30 21:17:21.660541'),
('qf4zz6bbuz0cou1wj14eapsbushdizys', 'MTcyNzAxYWViYzg0MTUwM2JjOGZjZDRmZjYwMjAxMzkxZjhiOGNlYTp7Il9hdXRoX3VzZXJfaGFzaCI6Ijc2MjEwNWQwMGFlZDgyYzY0YTBmMDEyNjdjYzVhZjRhMmU2MTcwNmMiLCJfYXV0aF91c2VyX2JhY2tlbmQiOiJkamFuZ28uY29udHJpYi5hdXRoLmJhY2tlbmRzLk1vZGVsQmFja2VuZCIsIl9hdXRoX3VzZXJfaWQiOiIxIn0=', '2018-05-31 04:59:18.917656'),
('qf7adxs7zjj03bxkw25ybyhcx3e7tczw', 'MTcyNzAxYWViYzg0MTUwM2JjOGZjZDRmZjYwMjAxMzkxZjhiOGNlYTp7Il9hdXRoX3VzZXJfaGFzaCI6Ijc2MjEwNWQwMGFlZDgyYzY0YTBmMDEyNjdjYzVhZjRhMmU2MTcwNmMiLCJfYXV0aF91c2VyX2JhY2tlbmQiOiJkamFuZ28uY29udHJpYi5hdXRoLmJhY2tlbmRzLk1vZGVsQmFja2VuZCIsIl9hdXRoX3VzZXJfaWQiOiIxIn0=', '2018-05-01 03:30:19.396817'),
('qfk9ii95ghlmqxkytpacwuxnz6thzbh5', 'MTcyNzAxYWViYzg0MTUwM2JjOGZjZDRmZjYwMjAxMzkxZjhiOGNlYTp7Il9hdXRoX3VzZXJfaGFzaCI6Ijc2MjEwNWQwMGFlZDgyYzY0YTBmMDEyNjdjYzVhZjRhMmU2MTcwNmMiLCJfYXV0aF91c2VyX2JhY2tlbmQiOiJkamFuZ28uY29udHJpYi5hdXRoLmJhY2tlbmRzLk1vZGVsQmFja2VuZCIsIl9hdXRoX3VzZXJfaWQiOiIxIn0=', '2018-04-30 20:11:12.465440'),
('qg12xpqr9u27p9qyp5wvv1281uy4ln2q', 'MTcyNzAxYWViYzg0MTUwM2JjOGZjZDRmZjYwMjAxMzkxZjhiOGNlYTp7Il9hdXRoX3VzZXJfaGFzaCI6Ijc2MjEwNWQwMGFlZDgyYzY0YTBmMDEyNjdjYzVhZjRhMmU2MTcwNmMiLCJfYXV0aF91c2VyX2JhY2tlbmQiOiJkamFuZ28uY29udHJpYi5hdXRoLmJhY2tlbmRzLk1vZGVsQmFja2VuZCIsIl9hdXRoX3VzZXJfaWQiOiIxIn0=', '2018-05-31 18:39:26.084838'),
('qgtgnu6vjb3jxvnqgujcpnxnt14vqrxt', 'MTcyNzAxYWViYzg0MTUwM2JjOGZjZDRmZjYwMjAxMzkxZjhiOGNlYTp7Il9hdXRoX3VzZXJfaGFzaCI6Ijc2MjEwNWQwMGFlZDgyYzY0YTBmMDEyNjdjYzVhZjRhMmU2MTcwNmMiLCJfYXV0aF91c2VyX2JhY2tlbmQiOiJkamFuZ28uY29udHJpYi5hdXRoLmJhY2tlbmRzLk1vZGVsQmFja2VuZCIsIl9hdXRoX3VzZXJfaWQiOiIxIn0=', '2018-04-30 20:59:08.227799'),
('qhu9gbwxesutmczh39b9qf1t2is9l808', 'MTcyNzAxYWViYzg0MTUwM2JjOGZjZDRmZjYwMjAxMzkxZjhiOGNlYTp7Il9hdXRoX3VzZXJfaGFzaCI6Ijc2MjEwNWQwMGFlZDgyYzY0YTBmMDEyNjdjYzVhZjRhMmU2MTcwNmMiLCJfYXV0aF91c2VyX2JhY2tlbmQiOiJkamFuZ28uY29udHJpYi5hdXRoLmJhY2tlbmRzLk1vZGVsQmFja2VuZCIsIl9hdXRoX3VzZXJfaWQiOiIxIn0=', '2018-04-04 18:05:14.094687'),
('qi3gjkfg0fvt2eagtb2smzquboheni8y', 'MTcyNzAxYWViYzg0MTUwM2JjOGZjZDRmZjYwMjAxMzkxZjhiOGNlYTp7Il9hdXRoX3VzZXJfaGFzaCI6Ijc2MjEwNWQwMGFlZDgyYzY0YTBmMDEyNjdjYzVhZjRhMmU2MTcwNmMiLCJfYXV0aF91c2VyX2JhY2tlbmQiOiJkamFuZ28uY29udHJpYi5hdXRoLmJhY2tlbmRzLk1vZGVsQmFja2VuZCIsIl9hdXRoX3VzZXJfaWQiOiIxIn0=', '2018-05-01 03:46:20.081190'),
('qji49fo1zkd9eqjjxguxuaf7sueyvd57', 'MTcyNzAxYWViYzg0MTUwM2JjOGZjZDRmZjYwMjAxMzkxZjhiOGNlYTp7Il9hdXRoX3VzZXJfaGFzaCI6Ijc2MjEwNWQwMGFlZDgyYzY0YTBmMDEyNjdjYzVhZjRhMmU2MTcwNmMiLCJfYXV0aF91c2VyX2JhY2tlbmQiOiJkamFuZ28uY29udHJpYi5hdXRoLmJhY2tlbmRzLk1vZGVsQmFja2VuZCIsIl9hdXRoX3VzZXJfaWQiOiIxIn0=', '2018-05-31 17:30:58.580462'),
('qkoh05fr3iv3abok9grhfvz8evqthu38', 'MTcyNzAxYWViYzg0MTUwM2JjOGZjZDRmZjYwMjAxMzkxZjhiOGNlYTp7Il9hdXRoX3VzZXJfaGFzaCI6Ijc2MjEwNWQwMGFlZDgyYzY0YTBmMDEyNjdjYzVhZjRhMmU2MTcwNmMiLCJfYXV0aF91c2VyX2JhY2tlbmQiOiJkamFuZ28uY29udHJpYi5hdXRoLmJhY2tlbmRzLk1vZGVsQmFja2VuZCIsIl9hdXRoX3VzZXJfaWQiOiIxIn0=', '2018-04-30 20:42:31.572332'),
('qkqxywtdwhkxta91wcjfvan5dcz25vq3', 'MTcyNzAxYWViYzg0MTUwM2JjOGZjZDRmZjYwMjAxMzkxZjhiOGNlYTp7Il9hdXRoX3VzZXJfaGFzaCI6Ijc2MjEwNWQwMGFlZDgyYzY0YTBmMDEyNjdjYzVhZjRhMmU2MTcwNmMiLCJfYXV0aF91c2VyX2JhY2tlbmQiOiJkamFuZ28uY29udHJpYi5hdXRoLmJhY2tlbmRzLk1vZGVsQmFja2VuZCIsIl9hdXRoX3VzZXJfaWQiOiIxIn0=', '2018-05-01 03:48:46.211017'),
('qkvzj0j2fmq2cjazpulnee34bjb4dgi2', 'MTcyNzAxYWViYzg0MTUwM2JjOGZjZDRmZjYwMjAxMzkxZjhiOGNlYTp7Il9hdXRoX3VzZXJfaGFzaCI6Ijc2MjEwNWQwMGFlZDgyYzY0YTBmMDEyNjdjYzVhZjRhMmU2MTcwNmMiLCJfYXV0aF91c2VyX2JhY2tlbmQiOiJkamFuZ28uY29udHJpYi5hdXRoLmJhY2tlbmRzLk1vZGVsQmFja2VuZCIsIl9hdXRoX3VzZXJfaWQiOiIxIn0=', '2018-04-30 21:44:47.591292'),
('ql50lwvx5na64ny8qj6bv40m0c60d29m', 'MTcyNzAxYWViYzg0MTUwM2JjOGZjZDRmZjYwMjAxMzkxZjhiOGNlYTp7Il9hdXRoX3VzZXJfaGFzaCI6Ijc2MjEwNWQwMGFlZDgyYzY0YTBmMDEyNjdjYzVhZjRhMmU2MTcwNmMiLCJfYXV0aF91c2VyX2JhY2tlbmQiOiJkamFuZ28uY29udHJpYi5hdXRoLmJhY2tlbmRzLk1vZGVsQmFja2VuZCIsIl9hdXRoX3VzZXJfaWQiOiIxIn0=', '2018-05-31 17:10:57.717371'),
('qmaglsp6slxhgwn6pvrmm1obi8owhnqn', 'MTcyNzAxYWViYzg0MTUwM2JjOGZjZDRmZjYwMjAxMzkxZjhiOGNlYTp7Il9hdXRoX3VzZXJfaGFzaCI6Ijc2MjEwNWQwMGFlZDgyYzY0YTBmMDEyNjdjYzVhZjRhMmU2MTcwNmMiLCJfYXV0aF91c2VyX2JhY2tlbmQiOiJkamFuZ28uY29udHJpYi5hdXRoLmJhY2tlbmRzLk1vZGVsQmFja2VuZCIsIl9hdXRoX3VzZXJfaWQiOiIxIn0=', '2018-05-31 03:57:34.380838'),
('qps0aqiveweclov20jehhfh2001f34cg', 'MTcyNzAxYWViYzg0MTUwM2JjOGZjZDRmZjYwMjAxMzkxZjhiOGNlYTp7Il9hdXRoX3VzZXJfaGFzaCI6Ijc2MjEwNWQwMGFlZDgyYzY0YTBmMDEyNjdjYzVhZjRhMmU2MTcwNmMiLCJfYXV0aF91c2VyX2JhY2tlbmQiOiJkamFuZ28uY29udHJpYi5hdXRoLmJhY2tlbmRzLk1vZGVsQmFja2VuZCIsIl9hdXRoX3VzZXJfaWQiOiIxIn0=', '2018-04-30 21:47:16.055430'),
('qqh01r5psj8lud2p1b8xq0zqp5lhu2wv', 'MTcyNzAxYWViYzg0MTUwM2JjOGZjZDRmZjYwMjAxMzkxZjhiOGNlYTp7Il9hdXRoX3VzZXJfaGFzaCI6Ijc2MjEwNWQwMGFlZDgyYzY0YTBmMDEyNjdjYzVhZjRhMmU2MTcwNmMiLCJfYXV0aF91c2VyX2JhY2tlbmQiOiJkamFuZ28uY29udHJpYi5hdXRoLmJhY2tlbmRzLk1vZGVsQmFja2VuZCIsIl9hdXRoX3VzZXJfaWQiOiIxIn0=', '2018-05-31 17:00:58.512073'),
('qqrbj065nsteen5q4j1erbfv4kkjh1uw', 'MTcyNzAxYWViYzg0MTUwM2JjOGZjZDRmZjYwMjAxMzkxZjhiOGNlYTp7Il9hdXRoX3VzZXJfaGFzaCI6Ijc2MjEwNWQwMGFlZDgyYzY0YTBmMDEyNjdjYzVhZjRhMmU2MTcwNmMiLCJfYXV0aF91c2VyX2JhY2tlbmQiOiJkamFuZ28uY29udHJpYi5hdXRoLmJhY2tlbmRzLk1vZGVsQmFja2VuZCIsIl9hdXRoX3VzZXJfaWQiOiIxIn0=', '2018-04-01 21:27:29.937572'),
('qqry2820xni0ik2g5fcz3y5r28isid7p', 'MTcyNzAxYWViYzg0MTUwM2JjOGZjZDRmZjYwMjAxMzkxZjhiOGNlYTp7Il9hdXRoX3VzZXJfaGFzaCI6Ijc2MjEwNWQwMGFlZDgyYzY0YTBmMDEyNjdjYzVhZjRhMmU2MTcwNmMiLCJfYXV0aF91c2VyX2JhY2tlbmQiOiJkamFuZ28uY29udHJpYi5hdXRoLmJhY2tlbmRzLk1vZGVsQmFja2VuZCIsIl9hdXRoX3VzZXJfaWQiOiIxIn0=', '2018-05-31 05:08:11.713296'),
('qrjk61u8zufi7su3j10ptd3hq4x2s4q4', 'MTcyNzAxYWViYzg0MTUwM2JjOGZjZDRmZjYwMjAxMzkxZjhiOGNlYTp7Il9hdXRoX3VzZXJfaGFzaCI6Ijc2MjEwNWQwMGFlZDgyYzY0YTBmMDEyNjdjYzVhZjRhMmU2MTcwNmMiLCJfYXV0aF91c2VyX2JhY2tlbmQiOiJkamFuZ28uY29udHJpYi5hdXRoLmJhY2tlbmRzLk1vZGVsQmFja2VuZCIsIl9hdXRoX3VzZXJfaWQiOiIxIn0=', '2018-04-04 03:54:34.124420'),
('qxpndgcgfi52st9jt8fwj2jio5awbh4b', 'MTcyNzAxYWViYzg0MTUwM2JjOGZjZDRmZjYwMjAxMzkxZjhiOGNlYTp7Il9hdXRoX3VzZXJfaGFzaCI6Ijc2MjEwNWQwMGFlZDgyYzY0YTBmMDEyNjdjYzVhZjRhMmU2MTcwNmMiLCJfYXV0aF91c2VyX2JhY2tlbmQiOiJkamFuZ28uY29udHJpYi5hdXRoLmJhY2tlbmRzLk1vZGVsQmFja2VuZCIsIl9hdXRoX3VzZXJfaWQiOiIxIn0=', '2018-05-31 03:57:49.524518'),
('qztps2lc22f7613vd8lf01uqakh2p7ro', 'MTcyNzAxYWViYzg0MTUwM2JjOGZjZDRmZjYwMjAxMzkxZjhiOGNlYTp7Il9hdXRoX3VzZXJfaGFzaCI6Ijc2MjEwNWQwMGFlZDgyYzY0YTBmMDEyNjdjYzVhZjRhMmU2MTcwNmMiLCJfYXV0aF91c2VyX2JhY2tlbmQiOiJkamFuZ28uY29udHJpYi5hdXRoLmJhY2tlbmRzLk1vZGVsQmFja2VuZCIsIl9hdXRoX3VzZXJfaWQiOiIxIn0=', '2018-05-30 21:18:34.968464'),
('r0me0nm5d256w61nhqykpxwil9eojcnj', 'MTcyNzAxYWViYzg0MTUwM2JjOGZjZDRmZjYwMjAxMzkxZjhiOGNlYTp7Il9hdXRoX3VzZXJfaGFzaCI6Ijc2MjEwNWQwMGFlZDgyYzY0YTBmMDEyNjdjYzVhZjRhMmU2MTcwNmMiLCJfYXV0aF91c2VyX2JhY2tlbmQiOiJkamFuZ28uY29udHJpYi5hdXRoLmJhY2tlbmRzLk1vZGVsQmFja2VuZCIsIl9hdXRoX3VzZXJfaWQiOiIxIn0=', '2018-04-04 18:49:18.816566'),
('r0o97qd30ntvlp3ls4fs3t2xvh9nbbvw', 'MTcyNzAxYWViYzg0MTUwM2JjOGZjZDRmZjYwMjAxMzkxZjhiOGNlYTp7Il9hdXRoX3VzZXJfaGFzaCI6Ijc2MjEwNWQwMGFlZDgyYzY0YTBmMDEyNjdjYzVhZjRhMmU2MTcwNmMiLCJfYXV0aF91c2VyX2JhY2tlbmQiOiJkamFuZ28uY29udHJpYi5hdXRoLmJhY2tlbmRzLk1vZGVsQmFja2VuZCIsIl9hdXRoX3VzZXJfaWQiOiIxIn0=', '2018-05-31 05:01:15.669806'),
('r1faz63107bnp8i24wjxfipu0avspud0', 'MTcyNzAxYWViYzg0MTUwM2JjOGZjZDRmZjYwMjAxMzkxZjhiOGNlYTp7Il9hdXRoX3VzZXJfaGFzaCI6Ijc2MjEwNWQwMGFlZDgyYzY0YTBmMDEyNjdjYzVhZjRhMmU2MTcwNmMiLCJfYXV0aF91c2VyX2JhY2tlbmQiOiJkamFuZ28uY29udHJpYi5hdXRoLmJhY2tlbmRzLk1vZGVsQmFja2VuZCIsIl9hdXRoX3VzZXJfaWQiOiIxIn0=', '2018-04-04 03:45:56.075514'),
('r1ongqrl118t1xl6ujy1elirnuc4xyna', 'MTcyNzAxYWViYzg0MTUwM2JjOGZjZDRmZjYwMjAxMzkxZjhiOGNlYTp7Il9hdXRoX3VzZXJfaGFzaCI6Ijc2MjEwNWQwMGFlZDgyYzY0YTBmMDEyNjdjYzVhZjRhMmU2MTcwNmMiLCJfYXV0aF91c2VyX2JhY2tlbmQiOiJkamFuZ28uY29udHJpYi5hdXRoLmJhY2tlbmRzLk1vZGVsQmFja2VuZCIsIl9hdXRoX3VzZXJfaWQiOiIxIn0=', '2018-04-04 03:44:00.703138'),
('r1y7n81vtkwfrtylmthv96axewpivdrg', 'MTcyNzAxYWViYzg0MTUwM2JjOGZjZDRmZjYwMjAxMzkxZjhiOGNlYTp7Il9hdXRoX3VzZXJfaGFzaCI6Ijc2MjEwNWQwMGFlZDgyYzY0YTBmMDEyNjdjYzVhZjRhMmU2MTcwNmMiLCJfYXV0aF91c2VyX2JhY2tlbmQiOiJkamFuZ28uY29udHJpYi5hdXRoLmJhY2tlbmRzLk1vZGVsQmFja2VuZCIsIl9hdXRoX3VzZXJfaWQiOiIxIn0=', '2018-04-04 18:07:57.721737'),
('r2a9w206zziyxklms9ez8sxtpvrkk58h', 'MTcyNzAxYWViYzg0MTUwM2JjOGZjZDRmZjYwMjAxMzkxZjhiOGNlYTp7Il9hdXRoX3VzZXJfaGFzaCI6Ijc2MjEwNWQwMGFlZDgyYzY0YTBmMDEyNjdjYzVhZjRhMmU2MTcwNmMiLCJfYXV0aF91c2VyX2JhY2tlbmQiOiJkamFuZ28uY29udHJpYi5hdXRoLmJhY2tlbmRzLk1vZGVsQmFja2VuZCIsIl9hdXRoX3VzZXJfaWQiOiIxIn0=', '2018-05-31 18:43:05.538609'),
('r2g4f1cvhjisjhvt3aj4skrulakbjn6l', 'MTcyNzAxYWViYzg0MTUwM2JjOGZjZDRmZjYwMjAxMzkxZjhiOGNlYTp7Il9hdXRoX3VzZXJfaGFzaCI6Ijc2MjEwNWQwMGFlZDgyYzY0YTBmMDEyNjdjYzVhZjRhMmU2MTcwNmMiLCJfYXV0aF91c2VyX2JhY2tlbmQiOiJkamFuZ28uY29udHJpYi5hdXRoLmJhY2tlbmRzLk1vZGVsQmFja2VuZCIsIl9hdXRoX3VzZXJfaWQiOiIxIn0=', '2018-04-06 02:49:01.228925'),
('r2xwbdm1f7k36z6dij4ohaxsknmq3e8n', 'MTcyNzAxYWViYzg0MTUwM2JjOGZjZDRmZjYwMjAxMzkxZjhiOGNlYTp7Il9hdXRoX3VzZXJfaGFzaCI6Ijc2MjEwNWQwMGFlZDgyYzY0YTBmMDEyNjdjYzVhZjRhMmU2MTcwNmMiLCJfYXV0aF91c2VyX2JhY2tlbmQiOiJkamFuZ28uY29udHJpYi5hdXRoLmJhY2tlbmRzLk1vZGVsQmFja2VuZCIsIl9hdXRoX3VzZXJfaWQiOiIxIn0=', '2018-05-31 18:04:36.325068'),
('r32fyz4fxycul3pywr2peiz380cjxow8', 'MTcyNzAxYWViYzg0MTUwM2JjOGZjZDRmZjYwMjAxMzkxZjhiOGNlYTp7Il9hdXRoX3VzZXJfaGFzaCI6Ijc2MjEwNWQwMGFlZDgyYzY0YTBmMDEyNjdjYzVhZjRhMmU2MTcwNmMiLCJfYXV0aF91c2VyX2JhY2tlbmQiOiJkamFuZ28uY29udHJpYi5hdXRoLmJhY2tlbmRzLk1vZGVsQmFja2VuZCIsIl9hdXRoX3VzZXJfaWQiOiIxIn0=', '2018-05-31 05:27:10.559971'),
('r38bp0z0gdiow2frc30pto92gl945nv1', 'MTcyNzAxYWViYzg0MTUwM2JjOGZjZDRmZjYwMjAxMzkxZjhiOGNlYTp7Il9hdXRoX3VzZXJfaGFzaCI6Ijc2MjEwNWQwMGFlZDgyYzY0YTBmMDEyNjdjYzVhZjRhMmU2MTcwNmMiLCJfYXV0aF91c2VyX2JhY2tlbmQiOiJkamFuZ28uY29udHJpYi5hdXRoLmJhY2tlbmRzLk1vZGVsQmFja2VuZCIsIl9hdXRoX3VzZXJfaWQiOiIxIn0=', '2018-04-04 05:34:15.278506'),
('r38ey2gk0569by0utc48r6y4x5u2yo3i', 'MTcyNzAxYWViYzg0MTUwM2JjOGZjZDRmZjYwMjAxMzkxZjhiOGNlYTp7Il9hdXRoX3VzZXJfaGFzaCI6Ijc2MjEwNWQwMGFlZDgyYzY0YTBmMDEyNjdjYzVhZjRhMmU2MTcwNmMiLCJfYXV0aF91c2VyX2JhY2tlbmQiOiJkamFuZ28uY29udHJpYi5hdXRoLmJhY2tlbmRzLk1vZGVsQmFja2VuZCIsIl9hdXRoX3VzZXJfaWQiOiIxIn0=', '2018-05-31 03:39:41.741686'),
('r4aqitok64jbsejw16buzzhzs03ssw5m', 'MTcyNzAxYWViYzg0MTUwM2JjOGZjZDRmZjYwMjAxMzkxZjhiOGNlYTp7Il9hdXRoX3VzZXJfaGFzaCI6Ijc2MjEwNWQwMGFlZDgyYzY0YTBmMDEyNjdjYzVhZjRhMmU2MTcwNmMiLCJfYXV0aF91c2VyX2JhY2tlbmQiOiJkamFuZ28uY29udHJpYi5hdXRoLmJhY2tlbmRzLk1vZGVsQmFja2VuZCIsIl9hdXRoX3VzZXJfaWQiOiIxIn0=', '2018-05-31 04:04:07.337749'),
('r52tsxf5rjz046w05vkl331ytefct90j', 'MTcyNzAxYWViYzg0MTUwM2JjOGZjZDRmZjYwMjAxMzkxZjhiOGNlYTp7Il9hdXRoX3VzZXJfaGFzaCI6Ijc2MjEwNWQwMGFlZDgyYzY0YTBmMDEyNjdjYzVhZjRhMmU2MTcwNmMiLCJfYXV0aF91c2VyX2JhY2tlbmQiOiJkamFuZ28uY29udHJpYi5hdXRoLmJhY2tlbmRzLk1vZGVsQmFja2VuZCIsIl9hdXRoX3VzZXJfaWQiOiIxIn0=', '2018-05-31 17:00:26.965868'),
('r5f390tiii7a3qwrr840qj0j8d8nazzl', 'MTcyNzAxYWViYzg0MTUwM2JjOGZjZDRmZjYwMjAxMzkxZjhiOGNlYTp7Il9hdXRoX3VzZXJfaGFzaCI6Ijc2MjEwNWQwMGFlZDgyYzY0YTBmMDEyNjdjYzVhZjRhMmU2MTcwNmMiLCJfYXV0aF91c2VyX2JhY2tlbmQiOiJkamFuZ28uY29udHJpYi5hdXRoLmJhY2tlbmRzLk1vZGVsQmFja2VuZCIsIl9hdXRoX3VzZXJfaWQiOiIxIn0=', '2018-04-30 20:09:24.625992'),
('r6aqv4vpmmlfr4vr8pv21283xwj3aca3', 'MTcyNzAxYWViYzg0MTUwM2JjOGZjZDRmZjYwMjAxMzkxZjhiOGNlYTp7Il9hdXRoX3VzZXJfaGFzaCI6Ijc2MjEwNWQwMGFlZDgyYzY0YTBmMDEyNjdjYzVhZjRhMmU2MTcwNmMiLCJfYXV0aF91c2VyX2JhY2tlbmQiOiJkamFuZ28uY29udHJpYi5hdXRoLmJhY2tlbmRzLk1vZGVsQmFja2VuZCIsIl9hdXRoX3VzZXJfaWQiOiIxIn0=', '2018-04-04 18:02:39.136856'),
('r6rwqd9asky4te8hhy28xty3t15ageg1', 'MTcyNzAxYWViYzg0MTUwM2JjOGZjZDRmZjYwMjAxMzkxZjhiOGNlYTp7Il9hdXRoX3VzZXJfaGFzaCI6Ijc2MjEwNWQwMGFlZDgyYzY0YTBmMDEyNjdjYzVhZjRhMmU2MTcwNmMiLCJfYXV0aF91c2VyX2JhY2tlbmQiOiJkamFuZ28uY29udHJpYi5hdXRoLmJhY2tlbmRzLk1vZGVsQmFja2VuZCIsIl9hdXRoX3VzZXJfaWQiOiIxIn0=', '2018-05-31 17:44:57.947671'),
('r72vp1e989susepigjkeylqj5qyc5yw4', 'MTcyNzAxYWViYzg0MTUwM2JjOGZjZDRmZjYwMjAxMzkxZjhiOGNlYTp7Il9hdXRoX3VzZXJfaGFzaCI6Ijc2MjEwNWQwMGFlZDgyYzY0YTBmMDEyNjdjYzVhZjRhMmU2MTcwNmMiLCJfYXV0aF91c2VyX2JhY2tlbmQiOiJkamFuZ28uY29udHJpYi5hdXRoLmJhY2tlbmRzLk1vZGVsQmFja2VuZCIsIl9hdXRoX3VzZXJfaWQiOiIxIn0=', '2018-04-04 18:04:40.774120'),
('r90es2qhl2stv9k8qo0yf358dmmo9uru', 'MTcyNzAxYWViYzg0MTUwM2JjOGZjZDRmZjYwMjAxMzkxZjhiOGNlYTp7Il9hdXRoX3VzZXJfaGFzaCI6Ijc2MjEwNWQwMGFlZDgyYzY0YTBmMDEyNjdjYzVhZjRhMmU2MTcwNmMiLCJfYXV0aF91c2VyX2JhY2tlbmQiOiJkamFuZ28uY29udHJpYi5hdXRoLmJhY2tlbmRzLk1vZGVsQmFja2VuZCIsIl9hdXRoX3VzZXJfaWQiOiIxIn0=', '2018-05-31 05:25:13.487168'),
('rawjkcoqwkcan0f4usvlwe6lvpknvfj3', 'MTcyNzAxYWViYzg0MTUwM2JjOGZjZDRmZjYwMjAxMzkxZjhiOGNlYTp7Il9hdXRoX3VzZXJfaGFzaCI6Ijc2MjEwNWQwMGFlZDgyYzY0YTBmMDEyNjdjYzVhZjRhMmU2MTcwNmMiLCJfYXV0aF91c2VyX2JhY2tlbmQiOiJkamFuZ28uY29udHJpYi5hdXRoLmJhY2tlbmRzLk1vZGVsQmFja2VuZCIsIl9hdXRoX3VzZXJfaWQiOiIxIn0=', '2018-05-31 04:47:14.599447'),
('rbvqiy9q8it91awo62sijkxvmvbw0os7', 'MTcyNzAxYWViYzg0MTUwM2JjOGZjZDRmZjYwMjAxMzkxZjhiOGNlYTp7Il9hdXRoX3VzZXJfaGFzaCI6Ijc2MjEwNWQwMGFlZDgyYzY0YTBmMDEyNjdjYzVhZjRhMmU2MTcwNmMiLCJfYXV0aF91c2VyX2JhY2tlbmQiOiJkamFuZ28uY29udHJpYi5hdXRoLmJhY2tlbmRzLk1vZGVsQmFja2VuZCIsIl9hdXRoX3VzZXJfaWQiOiIxIn0=', '2018-04-30 20:44:13.291205'),
('rc12y6e0npblwu50zqs69knr122433c4', 'MTcyNzAxYWViYzg0MTUwM2JjOGZjZDRmZjYwMjAxMzkxZjhiOGNlYTp7Il9hdXRoX3VzZXJfaGFzaCI6Ijc2MjEwNWQwMGFlZDgyYzY0YTBmMDEyNjdjYzVhZjRhMmU2MTcwNmMiLCJfYXV0aF91c2VyX2JhY2tlbmQiOiJkamFuZ28uY29udHJpYi5hdXRoLmJhY2tlbmRzLk1vZGVsQmFja2VuZCIsIl9hdXRoX3VzZXJfaWQiOiIxIn0=', '2018-04-30 20:11:40.835524'),
('rd489hdcsfm23ggndqk29c4441cccl87', 'MTcyNzAxYWViYzg0MTUwM2JjOGZjZDRmZjYwMjAxMzkxZjhiOGNlYTp7Il9hdXRoX3VzZXJfaGFzaCI6Ijc2MjEwNWQwMGFlZDgyYzY0YTBmMDEyNjdjYzVhZjRhMmU2MTcwNmMiLCJfYXV0aF91c2VyX2JhY2tlbmQiOiJkamFuZ28uY29udHJpYi5hdXRoLmJhY2tlbmRzLk1vZGVsQmFja2VuZCIsIl9hdXRoX3VzZXJfaWQiOiIxIn0=', '2018-04-04 04:22:18.970653'),
('rdcpr1cihvgfvpxv6lsoxoi00lzamcz4', 'MTcyNzAxYWViYzg0MTUwM2JjOGZjZDRmZjYwMjAxMzkxZjhiOGNlYTp7Il9hdXRoX3VzZXJfaGFzaCI6Ijc2MjEwNWQwMGFlZDgyYzY0YTBmMDEyNjdjYzVhZjRhMmU2MTcwNmMiLCJfYXV0aF91c2VyX2JhY2tlbmQiOiJkamFuZ28uY29udHJpYi5hdXRoLmJhY2tlbmRzLk1vZGVsQmFja2VuZCIsIl9hdXRoX3VzZXJfaWQiOiIxIn0=', '2018-05-31 17:46:03.083773'),
('rdfdfnqc36uncg2ofpfiy5ftxuwyzhjd', 'MTcyNzAxYWViYzg0MTUwM2JjOGZjZDRmZjYwMjAxMzkxZjhiOGNlYTp7Il9hdXRoX3VzZXJfaGFzaCI6Ijc2MjEwNWQwMGFlZDgyYzY0YTBmMDEyNjdjYzVhZjRhMmU2MTcwNmMiLCJfYXV0aF91c2VyX2JhY2tlbmQiOiJkamFuZ28uY29udHJpYi5hdXRoLmJhY2tlbmRzLk1vZGVsQmFja2VuZCIsIl9hdXRoX3VzZXJfaWQiOiIxIn0=', '2018-05-01 03:27:26.184212');
INSERT INTO `django_session` (`session_key`, `session_data`, `expire_date`) VALUES
('rec797ooe3g16dlcr64krwi2kvr7hvd8', 'MTcyNzAxYWViYzg0MTUwM2JjOGZjZDRmZjYwMjAxMzkxZjhiOGNlYTp7Il9hdXRoX3VzZXJfaGFzaCI6Ijc2MjEwNWQwMGFlZDgyYzY0YTBmMDEyNjdjYzVhZjRhMmU2MTcwNmMiLCJfYXV0aF91c2VyX2JhY2tlbmQiOiJkamFuZ28uY29udHJpYi5hdXRoLmJhY2tlbmRzLk1vZGVsQmFja2VuZCIsIl9hdXRoX3VzZXJfaWQiOiIxIn0=', '2018-05-31 17:06:42.807599'),
('rf4idobx8xak8nen3auc2oyfry3oy9zo', 'MTcyNzAxYWViYzg0MTUwM2JjOGZjZDRmZjYwMjAxMzkxZjhiOGNlYTp7Il9hdXRoX3VzZXJfaGFzaCI6Ijc2MjEwNWQwMGFlZDgyYzY0YTBmMDEyNjdjYzVhZjRhMmU2MTcwNmMiLCJfYXV0aF91c2VyX2JhY2tlbmQiOiJkamFuZ28uY29udHJpYi5hdXRoLmJhY2tlbmRzLk1vZGVsQmFja2VuZCIsIl9hdXRoX3VzZXJfaWQiOiIxIn0=', '2018-05-31 04:32:36.558350'),
('rg601l1h8xnq2nrvruf31v0cn2a4qgqq', 'MTcyNzAxYWViYzg0MTUwM2JjOGZjZDRmZjYwMjAxMzkxZjhiOGNlYTp7Il9hdXRoX3VzZXJfaGFzaCI6Ijc2MjEwNWQwMGFlZDgyYzY0YTBmMDEyNjdjYzVhZjRhMmU2MTcwNmMiLCJfYXV0aF91c2VyX2JhY2tlbmQiOiJkamFuZ28uY29udHJpYi5hdXRoLmJhY2tlbmRzLk1vZGVsQmFja2VuZCIsIl9hdXRoX3VzZXJfaWQiOiIxIn0=', '2018-05-31 18:19:33.854049'),
('rgk62llr29arb09ohvcxcia8m04t3siv', 'MTcyNzAxYWViYzg0MTUwM2JjOGZjZDRmZjYwMjAxMzkxZjhiOGNlYTp7Il9hdXRoX3VzZXJfaGFzaCI6Ijc2MjEwNWQwMGFlZDgyYzY0YTBmMDEyNjdjYzVhZjRhMmU2MTcwNmMiLCJfYXV0aF91c2VyX2JhY2tlbmQiOiJkamFuZ28uY29udHJpYi5hdXRoLmJhY2tlbmRzLk1vZGVsQmFja2VuZCIsIl9hdXRoX3VzZXJfaWQiOiIxIn0=', '2018-05-31 17:30:52.214296'),
('rhnfk994plzo06xkjpoka1bm99tj6w3t', 'MTcyNzAxYWViYzg0MTUwM2JjOGZjZDRmZjYwMjAxMzkxZjhiOGNlYTp7Il9hdXRoX3VzZXJfaGFzaCI6Ijc2MjEwNWQwMGFlZDgyYzY0YTBmMDEyNjdjYzVhZjRhMmU2MTcwNmMiLCJfYXV0aF91c2VyX2JhY2tlbmQiOiJkamFuZ28uY29udHJpYi5hdXRoLmJhY2tlbmRzLk1vZGVsQmFja2VuZCIsIl9hdXRoX3VzZXJfaWQiOiIxIn0=', '2018-04-30 22:08:07.088759'),
('ritclao1iqnqjetv83xgjy64s7l10ha9', 'MTcyNzAxYWViYzg0MTUwM2JjOGZjZDRmZjYwMjAxMzkxZjhiOGNlYTp7Il9hdXRoX3VzZXJfaGFzaCI6Ijc2MjEwNWQwMGFlZDgyYzY0YTBmMDEyNjdjYzVhZjRhMmU2MTcwNmMiLCJfYXV0aF91c2VyX2JhY2tlbmQiOiJkamFuZ28uY29udHJpYi5hdXRoLmJhY2tlbmRzLk1vZGVsQmFja2VuZCIsIl9hdXRoX3VzZXJfaWQiOiIxIn0=', '2018-04-30 21:07:48.043694'),
('rkxti6q7kcqgbnov9ffzzkiq3b1tzh7a', 'MTcyNzAxYWViYzg0MTUwM2JjOGZjZDRmZjYwMjAxMzkxZjhiOGNlYTp7Il9hdXRoX3VzZXJfaGFzaCI6Ijc2MjEwNWQwMGFlZDgyYzY0YTBmMDEyNjdjYzVhZjRhMmU2MTcwNmMiLCJfYXV0aF91c2VyX2JhY2tlbmQiOiJkamFuZ28uY29udHJpYi5hdXRoLmJhY2tlbmRzLk1vZGVsQmFja2VuZCIsIl9hdXRoX3VzZXJfaWQiOiIxIn0=', '2018-05-31 17:17:27.010808'),
('rlhlu28mvi8rn1c3exulp1noi60e04ao', 'MTcyNzAxYWViYzg0MTUwM2JjOGZjZDRmZjYwMjAxMzkxZjhiOGNlYTp7Il9hdXRoX3VzZXJfaGFzaCI6Ijc2MjEwNWQwMGFlZDgyYzY0YTBmMDEyNjdjYzVhZjRhMmU2MTcwNmMiLCJfYXV0aF91c2VyX2JhY2tlbmQiOiJkamFuZ28uY29udHJpYi5hdXRoLmJhY2tlbmRzLk1vZGVsQmFja2VuZCIsIl9hdXRoX3VzZXJfaWQiOiIxIn0=', '2018-05-01 03:32:52.369745'),
('rlkc4v1whxbau6x2qf3emsboh23ie6ql', 'MTcyNzAxYWViYzg0MTUwM2JjOGZjZDRmZjYwMjAxMzkxZjhiOGNlYTp7Il9hdXRoX3VzZXJfaGFzaCI6Ijc2MjEwNWQwMGFlZDgyYzY0YTBmMDEyNjdjYzVhZjRhMmU2MTcwNmMiLCJfYXV0aF91c2VyX2JhY2tlbmQiOiJkamFuZ28uY29udHJpYi5hdXRoLmJhY2tlbmRzLk1vZGVsQmFja2VuZCIsIl9hdXRoX3VzZXJfaWQiOiIxIn0=', '2018-04-04 04:25:05.495311'),
('rmqv0kxswq1hembyfj18mj9wcfnv9zzm', 'MTcyNzAxYWViYzg0MTUwM2JjOGZjZDRmZjYwMjAxMzkxZjhiOGNlYTp7Il9hdXRoX3VzZXJfaGFzaCI6Ijc2MjEwNWQwMGFlZDgyYzY0YTBmMDEyNjdjYzVhZjRhMmU2MTcwNmMiLCJfYXV0aF91c2VyX2JhY2tlbmQiOiJkamFuZ28uY29udHJpYi5hdXRoLmJhY2tlbmRzLk1vZGVsQmFja2VuZCIsIl9hdXRoX3VzZXJfaWQiOiIxIn0=', '2018-04-30 20:09:47.334715'),
('rnyqcgol9epcfv30i91zrn6gi90glbaz', 'MTcyNzAxYWViYzg0MTUwM2JjOGZjZDRmZjYwMjAxMzkxZjhiOGNlYTp7Il9hdXRoX3VzZXJfaGFzaCI6Ijc2MjEwNWQwMGFlZDgyYzY0YTBmMDEyNjdjYzVhZjRhMmU2MTcwNmMiLCJfYXV0aF91c2VyX2JhY2tlbmQiOiJkamFuZ28uY29udHJpYi5hdXRoLmJhY2tlbmRzLk1vZGVsQmFja2VuZCIsIl9hdXRoX3VzZXJfaWQiOiIxIn0=', '2018-04-30 21:47:31.722078'),
('rpi0l893olwmsrshhcczoy617c7olfn9', 'MTcyNzAxYWViYzg0MTUwM2JjOGZjZDRmZjYwMjAxMzkxZjhiOGNlYTp7Il9hdXRoX3VzZXJfaGFzaCI6Ijc2MjEwNWQwMGFlZDgyYzY0YTBmMDEyNjdjYzVhZjRhMmU2MTcwNmMiLCJfYXV0aF91c2VyX2JhY2tlbmQiOiJkamFuZ28uY29udHJpYi5hdXRoLmJhY2tlbmRzLk1vZGVsQmFja2VuZCIsIl9hdXRoX3VzZXJfaWQiOiIxIn0=', '2018-04-04 04:25:44.811889'),
('rr5pg09erp1f4y0sl29vo83vdbr5yg2c', 'MTcyNzAxYWViYzg0MTUwM2JjOGZjZDRmZjYwMjAxMzkxZjhiOGNlYTp7Il9hdXRoX3VzZXJfaGFzaCI6Ijc2MjEwNWQwMGFlZDgyYzY0YTBmMDEyNjdjYzVhZjRhMmU2MTcwNmMiLCJfYXV0aF91c2VyX2JhY2tlbmQiOiJkamFuZ28uY29udHJpYi5hdXRoLmJhY2tlbmRzLk1vZGVsQmFja2VuZCIsIl9hdXRoX3VzZXJfaWQiOiIxIn0=', '2018-04-04 18:11:48.935467'),
('rrgeww08ug3ypmxao6c44xa9mvgwmk73', 'MTcyNzAxYWViYzg0MTUwM2JjOGZjZDRmZjYwMjAxMzkxZjhiOGNlYTp7Il9hdXRoX3VzZXJfaGFzaCI6Ijc2MjEwNWQwMGFlZDgyYzY0YTBmMDEyNjdjYzVhZjRhMmU2MTcwNmMiLCJfYXV0aF91c2VyX2JhY2tlbmQiOiJkamFuZ28uY29udHJpYi5hdXRoLmJhY2tlbmRzLk1vZGVsQmFja2VuZCIsIl9hdXRoX3VzZXJfaWQiOiIxIn0=', '2018-05-31 17:09:31.447201'),
('rsiips1vlwlwlbsurqicbjtcj7p6qksi', 'M2M3ZTcwMDY3YzczMzk3MzE1ZDM4ZmRlNzhhYTk5MDM0NzkwNzVlYTp7Il9hdXRoX3VzZXJfaGFzaCI6IjIxMzI0MzllOGMzODY3OGQ0NGQ0ZTk2ODUzNDg4YzhlNDJhMWNlYjUiLCJfYXV0aF91c2VyX2JhY2tlbmQiOiJkamFuZ28uY29udHJpYi5hdXRoLmJhY2tlbmRzLk1vZGVsQmFja2VuZCIsIl9hdXRoX3VzZXJfaWQiOiIyIn0=', '2018-05-31 17:48:48.163984'),
('rt5qc792pk369iv39pl02ufn8c3ngeda', 'MTcyNzAxYWViYzg0MTUwM2JjOGZjZDRmZjYwMjAxMzkxZjhiOGNlYTp7Il9hdXRoX3VzZXJfaGFzaCI6Ijc2MjEwNWQwMGFlZDgyYzY0YTBmMDEyNjdjYzVhZjRhMmU2MTcwNmMiLCJfYXV0aF91c2VyX2JhY2tlbmQiOiJkamFuZ28uY29udHJpYi5hdXRoLmJhY2tlbmRzLk1vZGVsQmFja2VuZCIsIl9hdXRoX3VzZXJfaWQiOiIxIn0=', '2018-04-30 20:58:54.813044'),
('rtbqz9fqbdxvynygtx0san3b2fg6177z', 'MTcyNzAxYWViYzg0MTUwM2JjOGZjZDRmZjYwMjAxMzkxZjhiOGNlYTp7Il9hdXRoX3VzZXJfaGFzaCI6Ijc2MjEwNWQwMGFlZDgyYzY0YTBmMDEyNjdjYzVhZjRhMmU2MTcwNmMiLCJfYXV0aF91c2VyX2JhY2tlbmQiOiJkamFuZ28uY29udHJpYi5hdXRoLmJhY2tlbmRzLk1vZGVsQmFja2VuZCIsIl9hdXRoX3VzZXJfaWQiOiIxIn0=', '2018-04-23 07:02:16.051150'),
('ru1g8heye3zm9m1uw1pyjsmjiurhyt0w', 'MTcyNzAxYWViYzg0MTUwM2JjOGZjZDRmZjYwMjAxMzkxZjhiOGNlYTp7Il9hdXRoX3VzZXJfaGFzaCI6Ijc2MjEwNWQwMGFlZDgyYzY0YTBmMDEyNjdjYzVhZjRhMmU2MTcwNmMiLCJfYXV0aF91c2VyX2JhY2tlbmQiOiJkamFuZ28uY29udHJpYi5hdXRoLmJhY2tlbmRzLk1vZGVsQmFja2VuZCIsIl9hdXRoX3VzZXJfaWQiOiIxIn0=', '2018-05-01 03:21:53.636775'),
('rvbzfv3i0s1iydkirqeon656r5okzyw9', 'MTcyNzAxYWViYzg0MTUwM2JjOGZjZDRmZjYwMjAxMzkxZjhiOGNlYTp7Il9hdXRoX3VzZXJfaGFzaCI6Ijc2MjEwNWQwMGFlZDgyYzY0YTBmMDEyNjdjYzVhZjRhMmU2MTcwNmMiLCJfYXV0aF91c2VyX2JhY2tlbmQiOiJkamFuZ28uY29udHJpYi5hdXRoLmJhY2tlbmRzLk1vZGVsQmFja2VuZCIsIl9hdXRoX3VzZXJfaWQiOiIxIn0=', '2018-04-30 20:00:20.750220'),
('rx4nalu6gvfwru19yqi3oyduo0k21tjl', 'MTcyNzAxYWViYzg0MTUwM2JjOGZjZDRmZjYwMjAxMzkxZjhiOGNlYTp7Il9hdXRoX3VzZXJfaGFzaCI6Ijc2MjEwNWQwMGFlZDgyYzY0YTBmMDEyNjdjYzVhZjRhMmU2MTcwNmMiLCJfYXV0aF91c2VyX2JhY2tlbmQiOiJkamFuZ28uY29udHJpYi5hdXRoLmJhY2tlbmRzLk1vZGVsQmFja2VuZCIsIl9hdXRoX3VzZXJfaWQiOiIxIn0=', '2018-04-30 20:32:08.522809'),
('rxdjrwmi51ayjdkkha55i0xkza5bc7tq', 'MTcyNzAxYWViYzg0MTUwM2JjOGZjZDRmZjYwMjAxMzkxZjhiOGNlYTp7Il9hdXRoX3VzZXJfaGFzaCI6Ijc2MjEwNWQwMGFlZDgyYzY0YTBmMDEyNjdjYzVhZjRhMmU2MTcwNmMiLCJfYXV0aF91c2VyX2JhY2tlbmQiOiJkamFuZ28uY29udHJpYi5hdXRoLmJhY2tlbmRzLk1vZGVsQmFja2VuZCIsIl9hdXRoX3VzZXJfaWQiOiIxIn0=', '2018-05-18 17:16:49.952071'),
('ry8wy5h5posv9xboniq3uq9q28cf4odf', 'MTcyNzAxYWViYzg0MTUwM2JjOGZjZDRmZjYwMjAxMzkxZjhiOGNlYTp7Il9hdXRoX3VzZXJfaGFzaCI6Ijc2MjEwNWQwMGFlZDgyYzY0YTBmMDEyNjdjYzVhZjRhMmU2MTcwNmMiLCJfYXV0aF91c2VyX2JhY2tlbmQiOiJkamFuZ28uY29udHJpYi5hdXRoLmJhY2tlbmRzLk1vZGVsQmFja2VuZCIsIl9hdXRoX3VzZXJfaWQiOiIxIn0=', '2018-04-30 20:35:45.518725'),
('rzef48415zsvbd06qdl7b7yxqakw0bp1', 'MTcyNzAxYWViYzg0MTUwM2JjOGZjZDRmZjYwMjAxMzkxZjhiOGNlYTp7Il9hdXRoX3VzZXJfaGFzaCI6Ijc2MjEwNWQwMGFlZDgyYzY0YTBmMDEyNjdjYzVhZjRhMmU2MTcwNmMiLCJfYXV0aF91c2VyX2JhY2tlbmQiOiJkamFuZ28uY29udHJpYi5hdXRoLmJhY2tlbmRzLk1vZGVsQmFja2VuZCIsIl9hdXRoX3VzZXJfaWQiOiIxIn0=', '2018-05-31 04:31:12.728263'),
('rzfdxagyxpml427gmjr3ufwfqnn2vdij', 'MTcyNzAxYWViYzg0MTUwM2JjOGZjZDRmZjYwMjAxMzkxZjhiOGNlYTp7Il9hdXRoX3VzZXJfaGFzaCI6Ijc2MjEwNWQwMGFlZDgyYzY0YTBmMDEyNjdjYzVhZjRhMmU2MTcwNmMiLCJfYXV0aF91c2VyX2JhY2tlbmQiOiJkamFuZ28uY29udHJpYi5hdXRoLmJhY2tlbmRzLk1vZGVsQmFja2VuZCIsIl9hdXRoX3VzZXJfaWQiOiIxIn0=', '2018-05-31 04:38:31.988947'),
('rzh732pvyr201y300eyl1jinhli3ij5c', 'MTcyNzAxYWViYzg0MTUwM2JjOGZjZDRmZjYwMjAxMzkxZjhiOGNlYTp7Il9hdXRoX3VzZXJfaGFzaCI6Ijc2MjEwNWQwMGFlZDgyYzY0YTBmMDEyNjdjYzVhZjRhMmU2MTcwNmMiLCJfYXV0aF91c2VyX2JhY2tlbmQiOiJkamFuZ28uY29udHJpYi5hdXRoLmJhY2tlbmRzLk1vZGVsQmFja2VuZCIsIl9hdXRoX3VzZXJfaWQiOiIxIn0=', '2018-05-31 05:40:21.325716'),
('rzynqxqeuxjghvsllj8f0v2wjyivq4uw', 'MTcyNzAxYWViYzg0MTUwM2JjOGZjZDRmZjYwMjAxMzkxZjhiOGNlYTp7Il9hdXRoX3VzZXJfaGFzaCI6Ijc2MjEwNWQwMGFlZDgyYzY0YTBmMDEyNjdjYzVhZjRhMmU2MTcwNmMiLCJfYXV0aF91c2VyX2JhY2tlbmQiOiJkamFuZ28uY29udHJpYi5hdXRoLmJhY2tlbmRzLk1vZGVsQmFja2VuZCIsIl9hdXRoX3VzZXJfaWQiOiIxIn0=', '2018-05-31 04:24:42.872544'),
('s03l2pkq26o04mcbk0yxu2cxjqcf5k1y', 'MTcyNzAxYWViYzg0MTUwM2JjOGZjZDRmZjYwMjAxMzkxZjhiOGNlYTp7Il9hdXRoX3VzZXJfaGFzaCI6Ijc2MjEwNWQwMGFlZDgyYzY0YTBmMDEyNjdjYzVhZjRhMmU2MTcwNmMiLCJfYXV0aF91c2VyX2JhY2tlbmQiOiJkamFuZ28uY29udHJpYi5hdXRoLmJhY2tlbmRzLk1vZGVsQmFja2VuZCIsIl9hdXRoX3VzZXJfaWQiOiIxIn0=', '2018-05-31 05:48:29.558737'),
('s136qttiilg216keqntfrnm4ymd9hjq3', 'MTcyNzAxYWViYzg0MTUwM2JjOGZjZDRmZjYwMjAxMzkxZjhiOGNlYTp7Il9hdXRoX3VzZXJfaGFzaCI6Ijc2MjEwNWQwMGFlZDgyYzY0YTBmMDEyNjdjYzVhZjRhMmU2MTcwNmMiLCJfYXV0aF91c2VyX2JhY2tlbmQiOiJkamFuZ28uY29udHJpYi5hdXRoLmJhY2tlbmRzLk1vZGVsQmFja2VuZCIsIl9hdXRoX3VzZXJfaWQiOiIxIn0=', '2018-04-30 22:03:19.476996'),
('s19w2gm9k3alalk3k0m0g0zlcbx2gq8h', 'MTcyNzAxYWViYzg0MTUwM2JjOGZjZDRmZjYwMjAxMzkxZjhiOGNlYTp7Il9hdXRoX3VzZXJfaGFzaCI6Ijc2MjEwNWQwMGFlZDgyYzY0YTBmMDEyNjdjYzVhZjRhMmU2MTcwNmMiLCJfYXV0aF91c2VyX2JhY2tlbmQiOiJkamFuZ28uY29udHJpYi5hdXRoLmJhY2tlbmRzLk1vZGVsQmFja2VuZCIsIl9hdXRoX3VzZXJfaWQiOiIxIn0=', '2018-05-18 17:49:19.108786'),
('s1lzgf7zojakti782jnfrgly1pb2mu4u', 'MTcyNzAxYWViYzg0MTUwM2JjOGZjZDRmZjYwMjAxMzkxZjhiOGNlYTp7Il9hdXRoX3VzZXJfaGFzaCI6Ijc2MjEwNWQwMGFlZDgyYzY0YTBmMDEyNjdjYzVhZjRhMmU2MTcwNmMiLCJfYXV0aF91c2VyX2JhY2tlbmQiOiJkamFuZ28uY29udHJpYi5hdXRoLmJhY2tlbmRzLk1vZGVsQmFja2VuZCIsIl9hdXRoX3VzZXJfaWQiOiIxIn0=', '2018-05-01 03:45:39.936379'),
('s1sslqnmcammlbttr92kjijcgaj47r96', 'MTcyNzAxYWViYzg0MTUwM2JjOGZjZDRmZjYwMjAxMzkxZjhiOGNlYTp7Il9hdXRoX3VzZXJfaGFzaCI6Ijc2MjEwNWQwMGFlZDgyYzY0YTBmMDEyNjdjYzVhZjRhMmU2MTcwNmMiLCJfYXV0aF91c2VyX2JhY2tlbmQiOiJkamFuZ28uY29udHJpYi5hdXRoLmJhY2tlbmRzLk1vZGVsQmFja2VuZCIsIl9hdXRoX3VzZXJfaWQiOiIxIn0=', '2018-05-30 21:07:32.651754'),
('s2l8eqr6vqdz22o6dkcufbzc6yfyo0gp', 'MTcyNzAxYWViYzg0MTUwM2JjOGZjZDRmZjYwMjAxMzkxZjhiOGNlYTp7Il9hdXRoX3VzZXJfaGFzaCI6Ijc2MjEwNWQwMGFlZDgyYzY0YTBmMDEyNjdjYzVhZjRhMmU2MTcwNmMiLCJfYXV0aF91c2VyX2JhY2tlbmQiOiJkamFuZ28uY29udHJpYi5hdXRoLmJhY2tlbmRzLk1vZGVsQmFja2VuZCIsIl9hdXRoX3VzZXJfaWQiOiIxIn0=', '2018-04-30 22:07:36.614021'),
('s3a1ucm7izgafgd0jxg5a7tebvhh770x', 'MTcyNzAxYWViYzg0MTUwM2JjOGZjZDRmZjYwMjAxMzkxZjhiOGNlYTp7Il9hdXRoX3VzZXJfaGFzaCI6Ijc2MjEwNWQwMGFlZDgyYzY0YTBmMDEyNjdjYzVhZjRhMmU2MTcwNmMiLCJfYXV0aF91c2VyX2JhY2tlbmQiOiJkamFuZ28uY29udHJpYi5hdXRoLmJhY2tlbmRzLk1vZGVsQmFja2VuZCIsIl9hdXRoX3VzZXJfaWQiOiIxIn0=', '2018-04-04 05:31:52.378099'),
('s43hnftnh5a8warop72kx9j1xt99rdil', 'MTcyNzAxYWViYzg0MTUwM2JjOGZjZDRmZjYwMjAxMzkxZjhiOGNlYTp7Il9hdXRoX3VzZXJfaGFzaCI6Ijc2MjEwNWQwMGFlZDgyYzY0YTBmMDEyNjdjYzVhZjRhMmU2MTcwNmMiLCJfYXV0aF91c2VyX2JhY2tlbmQiOiJkamFuZ28uY29udHJpYi5hdXRoLmJhY2tlbmRzLk1vZGVsQmFja2VuZCIsIl9hdXRoX3VzZXJfaWQiOiIxIn0=', '2018-04-05 20:53:16.182520'),
('s4a30x25pn202cu6q5lkx0c2pzcaqujw', 'MTcyNzAxYWViYzg0MTUwM2JjOGZjZDRmZjYwMjAxMzkxZjhiOGNlYTp7Il9hdXRoX3VzZXJfaGFzaCI6Ijc2MjEwNWQwMGFlZDgyYzY0YTBmMDEyNjdjYzVhZjRhMmU2MTcwNmMiLCJfYXV0aF91c2VyX2JhY2tlbmQiOiJkamFuZ28uY29udHJpYi5hdXRoLmJhY2tlbmRzLk1vZGVsQmFja2VuZCIsIl9hdXRoX3VzZXJfaWQiOiIxIn0=', '2018-05-31 17:44:34.617800'),
('s4sib3az9kjzjpj2a2d5iomfasktzpzg', 'MTcyNzAxYWViYzg0MTUwM2JjOGZjZDRmZjYwMjAxMzkxZjhiOGNlYTp7Il9hdXRoX3VzZXJfaGFzaCI6Ijc2MjEwNWQwMGFlZDgyYzY0YTBmMDEyNjdjYzVhZjRhMmU2MTcwNmMiLCJfYXV0aF91c2VyX2JhY2tlbmQiOiJkamFuZ28uY29udHJpYi5hdXRoLmJhY2tlbmRzLk1vZGVsQmFja2VuZCIsIl9hdXRoX3VzZXJfaWQiOiIxIn0=', '2018-05-31 05:15:50.170400'),
('s8bina0c9yd7r8wqa1p6a2ep5qxwm00x', 'MTcyNzAxYWViYzg0MTUwM2JjOGZjZDRmZjYwMjAxMzkxZjhiOGNlYTp7Il9hdXRoX3VzZXJfaGFzaCI6Ijc2MjEwNWQwMGFlZDgyYzY0YTBmMDEyNjdjYzVhZjRhMmU2MTcwNmMiLCJfYXV0aF91c2VyX2JhY2tlbmQiOiJkamFuZ28uY29udHJpYi5hdXRoLmJhY2tlbmRzLk1vZGVsQmFja2VuZCIsIl9hdXRoX3VzZXJfaWQiOiIxIn0=', '2018-05-31 04:35:52.691852'),
('s8qhf8rsww9l7dpw9xkc42i5teg6kqaz', 'MTcyNzAxYWViYzg0MTUwM2JjOGZjZDRmZjYwMjAxMzkxZjhiOGNlYTp7Il9hdXRoX3VzZXJfaGFzaCI6Ijc2MjEwNWQwMGFlZDgyYzY0YTBmMDEyNjdjYzVhZjRhMmU2MTcwNmMiLCJfYXV0aF91c2VyX2JhY2tlbmQiOiJkamFuZ28uY29udHJpYi5hdXRoLmJhY2tlbmRzLk1vZGVsQmFja2VuZCIsIl9hdXRoX3VzZXJfaWQiOiIxIn0=', '2018-05-31 18:42:49.064351'),
('s8y90dss8iwawoguqbx7mxljcqqb0bdb', 'MTcyNzAxYWViYzg0MTUwM2JjOGZjZDRmZjYwMjAxMzkxZjhiOGNlYTp7Il9hdXRoX3VzZXJfaGFzaCI6Ijc2MjEwNWQwMGFlZDgyYzY0YTBmMDEyNjdjYzVhZjRhMmU2MTcwNmMiLCJfYXV0aF91c2VyX2JhY2tlbmQiOiJkamFuZ28uY29udHJpYi5hdXRoLmJhY2tlbmRzLk1vZGVsQmFja2VuZCIsIl9hdXRoX3VzZXJfaWQiOiIxIn0=', '2018-04-05 20:50:53.866871'),
('s9xodc9r4swdb5h7dbf39ptmdu1wqo9x', 'MTcyNzAxYWViYzg0MTUwM2JjOGZjZDRmZjYwMjAxMzkxZjhiOGNlYTp7Il9hdXRoX3VzZXJfaGFzaCI6Ijc2MjEwNWQwMGFlZDgyYzY0YTBmMDEyNjdjYzVhZjRhMmU2MTcwNmMiLCJfYXV0aF91c2VyX2JhY2tlbmQiOiJkamFuZ28uY29udHJpYi5hdXRoLmJhY2tlbmRzLk1vZGVsQmFja2VuZCIsIl9hdXRoX3VzZXJfaWQiOiIxIn0=', '2018-05-01 03:52:39.208980'),
('sa7j2izrhepdv5riaok8ild99eyzjpnv', 'MTcyNzAxYWViYzg0MTUwM2JjOGZjZDRmZjYwMjAxMzkxZjhiOGNlYTp7Il9hdXRoX3VzZXJfaGFzaCI6Ijc2MjEwNWQwMGFlZDgyYzY0YTBmMDEyNjdjYzVhZjRhMmU2MTcwNmMiLCJfYXV0aF91c2VyX2JhY2tlbmQiOiJkamFuZ28uY29udHJpYi5hdXRoLmJhY2tlbmRzLk1vZGVsQmFja2VuZCIsIl9hdXRoX3VzZXJfaWQiOiIxIn0=', '2018-05-30 21:37:20.053470'),
('sc37i1iepqploag1j466rssqfrcaj9z5', 'MTcyNzAxYWViYzg0MTUwM2JjOGZjZDRmZjYwMjAxMzkxZjhiOGNlYTp7Il9hdXRoX3VzZXJfaGFzaCI6Ijc2MjEwNWQwMGFlZDgyYzY0YTBmMDEyNjdjYzVhZjRhMmU2MTcwNmMiLCJfYXV0aF91c2VyX2JhY2tlbmQiOiJkamFuZ28uY29udHJpYi5hdXRoLmJhY2tlbmRzLk1vZGVsQmFja2VuZCIsIl9hdXRoX3VzZXJfaWQiOiIxIn0=', '2018-05-18 17:21:48.488333'),
('schkmrm9qx3zqrvvxzr7fr05wbtnqpgg', 'MTcyNzAxYWViYzg0MTUwM2JjOGZjZDRmZjYwMjAxMzkxZjhiOGNlYTp7Il9hdXRoX3VzZXJfaGFzaCI6Ijc2MjEwNWQwMGFlZDgyYzY0YTBmMDEyNjdjYzVhZjRhMmU2MTcwNmMiLCJfYXV0aF91c2VyX2JhY2tlbmQiOiJkamFuZ28uY29udHJpYi5hdXRoLmJhY2tlbmRzLk1vZGVsQmFja2VuZCIsIl9hdXRoX3VzZXJfaWQiOiIxIn0=', '2018-05-01 03:30:41.658203'),
('sep4pv0tec1codazttfo032jn8mkbuzv', 'MTcyNzAxYWViYzg0MTUwM2JjOGZjZDRmZjYwMjAxMzkxZjhiOGNlYTp7Il9hdXRoX3VzZXJfaGFzaCI6Ijc2MjEwNWQwMGFlZDgyYzY0YTBmMDEyNjdjYzVhZjRhMmU2MTcwNmMiLCJfYXV0aF91c2VyX2JhY2tlbmQiOiJkamFuZ28uY29udHJpYi5hdXRoLmJhY2tlbmRzLk1vZGVsQmFja2VuZCIsIl9hdXRoX3VzZXJfaWQiOiIxIn0=', '2018-04-30 21:47:25.110715'),
('set0ivnh0t6yzoin0pwbvodkhp7vjlxi', 'MTcyNzAxYWViYzg0MTUwM2JjOGZjZDRmZjYwMjAxMzkxZjhiOGNlYTp7Il9hdXRoX3VzZXJfaGFzaCI6Ijc2MjEwNWQwMGFlZDgyYzY0YTBmMDEyNjdjYzVhZjRhMmU2MTcwNmMiLCJfYXV0aF91c2VyX2JhY2tlbmQiOiJkamFuZ28uY29udHJpYi5hdXRoLmJhY2tlbmRzLk1vZGVsQmFja2VuZCIsIl9hdXRoX3VzZXJfaWQiOiIxIn0=', '2018-04-04 18:49:26.606055'),
('sg6b4e67wkp8zpl38ti2x8wcbt3g94xb', 'MTcyNzAxYWViYzg0MTUwM2JjOGZjZDRmZjYwMjAxMzkxZjhiOGNlYTp7Il9hdXRoX3VzZXJfaGFzaCI6Ijc2MjEwNWQwMGFlZDgyYzY0YTBmMDEyNjdjYzVhZjRhMmU2MTcwNmMiLCJfYXV0aF91c2VyX2JhY2tlbmQiOiJkamFuZ28uY29udHJpYi5hdXRoLmJhY2tlbmRzLk1vZGVsQmFja2VuZCIsIl9hdXRoX3VzZXJfaWQiOiIxIn0=', '2018-05-01 03:30:24.453332'),
('sggs661s9ad4urs5b2lcp4qmz140gl10', 'MTcyNzAxYWViYzg0MTUwM2JjOGZjZDRmZjYwMjAxMzkxZjhiOGNlYTp7Il9hdXRoX3VzZXJfaGFzaCI6Ijc2MjEwNWQwMGFlZDgyYzY0YTBmMDEyNjdjYzVhZjRhMmU2MTcwNmMiLCJfYXV0aF91c2VyX2JhY2tlbmQiOiJkamFuZ28uY29udHJpYi5hdXRoLmJhY2tlbmRzLk1vZGVsQmFja2VuZCIsIl9hdXRoX3VzZXJfaWQiOiIxIn0=', '2018-05-01 03:51:15.181568'),
('shisrb52d373kkgu67vox3eoh1d1i5ph', 'MTcyNzAxYWViYzg0MTUwM2JjOGZjZDRmZjYwMjAxMzkxZjhiOGNlYTp7Il9hdXRoX3VzZXJfaGFzaCI6Ijc2MjEwNWQwMGFlZDgyYzY0YTBmMDEyNjdjYzVhZjRhMmU2MTcwNmMiLCJfYXV0aF91c2VyX2JhY2tlbmQiOiJkamFuZ28uY29udHJpYi5hdXRoLmJhY2tlbmRzLk1vZGVsQmFja2VuZCIsIl9hdXRoX3VzZXJfaWQiOiIxIn0=', '2018-04-01 20:48:41.547814'),
('sihx1ue5ynwnvvsyl4uswa879wczcrjp', 'MTcyNzAxYWViYzg0MTUwM2JjOGZjZDRmZjYwMjAxMzkxZjhiOGNlYTp7Il9hdXRoX3VzZXJfaGFzaCI6Ijc2MjEwNWQwMGFlZDgyYzY0YTBmMDEyNjdjYzVhZjRhMmU2MTcwNmMiLCJfYXV0aF91c2VyX2JhY2tlbmQiOiJkamFuZ28uY29udHJpYi5hdXRoLmJhY2tlbmRzLk1vZGVsQmFja2VuZCIsIl9hdXRoX3VzZXJfaWQiOiIxIn0=', '2018-04-30 21:50:03.202828'),
('sjg2prpz4qm03qnswuw7oj8103rs5wvr', 'MTcyNzAxYWViYzg0MTUwM2JjOGZjZDRmZjYwMjAxMzkxZjhiOGNlYTp7Il9hdXRoX3VzZXJfaGFzaCI6Ijc2MjEwNWQwMGFlZDgyYzY0YTBmMDEyNjdjYzVhZjRhMmU2MTcwNmMiLCJfYXV0aF91c2VyX2JhY2tlbmQiOiJkamFuZ28uY29udHJpYi5hdXRoLmJhY2tlbmRzLk1vZGVsQmFja2VuZCIsIl9hdXRoX3VzZXJfaWQiOiIxIn0=', '2018-05-31 05:13:09.880094'),
('sjx1jhkv4ovpitbl0dsh6973vm5kbq97', 'MTcyNzAxYWViYzg0MTUwM2JjOGZjZDRmZjYwMjAxMzkxZjhiOGNlYTp7Il9hdXRoX3VzZXJfaGFzaCI6Ijc2MjEwNWQwMGFlZDgyYzY0YTBmMDEyNjdjYzVhZjRhMmU2MTcwNmMiLCJfYXV0aF91c2VyX2JhY2tlbmQiOiJkamFuZ28uY29udHJpYi5hdXRoLmJhY2tlbmRzLk1vZGVsQmFja2VuZCIsIl9hdXRoX3VzZXJfaWQiOiIxIn0=', '2018-05-31 03:40:18.582129'),
('skq7mzfvia63p3jpsdajoe14ahbzcue2', 'MTcyNzAxYWViYzg0MTUwM2JjOGZjZDRmZjYwMjAxMzkxZjhiOGNlYTp7Il9hdXRoX3VzZXJfaGFzaCI6Ijc2MjEwNWQwMGFlZDgyYzY0YTBmMDEyNjdjYzVhZjRhMmU2MTcwNmMiLCJfYXV0aF91c2VyX2JhY2tlbmQiOiJkamFuZ28uY29udHJpYi5hdXRoLmJhY2tlbmRzLk1vZGVsQmFja2VuZCIsIl9hdXRoX3VzZXJfaWQiOiIxIn0=', '2018-05-30 21:31:56.802462'),
('slfbiwvbszakv34gda44g9u9pfyb5q3g', 'MTcyNzAxYWViYzg0MTUwM2JjOGZjZDRmZjYwMjAxMzkxZjhiOGNlYTp7Il9hdXRoX3VzZXJfaGFzaCI6Ijc2MjEwNWQwMGFlZDgyYzY0YTBmMDEyNjdjYzVhZjRhMmU2MTcwNmMiLCJfYXV0aF91c2VyX2JhY2tlbmQiOiJkamFuZ28uY29udHJpYi5hdXRoLmJhY2tlbmRzLk1vZGVsQmFja2VuZCIsIl9hdXRoX3VzZXJfaWQiOiIxIn0=', '2018-05-31 17:15:17.369879'),
('snb1l5g5u868sgfzzfjsgnsss5lo3i8x', 'MTcyNzAxYWViYzg0MTUwM2JjOGZjZDRmZjYwMjAxMzkxZjhiOGNlYTp7Il9hdXRoX3VzZXJfaGFzaCI6Ijc2MjEwNWQwMGFlZDgyYzY0YTBmMDEyNjdjYzVhZjRhMmU2MTcwNmMiLCJfYXV0aF91c2VyX2JhY2tlbmQiOiJkamFuZ28uY29udHJpYi5hdXRoLmJhY2tlbmRzLk1vZGVsQmFja2VuZCIsIl9hdXRoX3VzZXJfaWQiOiIxIn0=', '2018-04-04 18:49:09.925438'),
('snex58kwk68f5f4960e2xyvivtnfa5wd', 'MTcyNzAxYWViYzg0MTUwM2JjOGZjZDRmZjYwMjAxMzkxZjhiOGNlYTp7Il9hdXRoX3VzZXJfaGFzaCI6Ijc2MjEwNWQwMGFlZDgyYzY0YTBmMDEyNjdjYzVhZjRhMmU2MTcwNmMiLCJfYXV0aF91c2VyX2JhY2tlbmQiOiJkamFuZ28uY29udHJpYi5hdXRoLmJhY2tlbmRzLk1vZGVsQmFja2VuZCIsIl9hdXRoX3VzZXJfaWQiOiIxIn0=', '2018-04-04 05:21:24.478609'),
('snv0c2iqhu33ns663w4vktpa1mulbsmb', 'MTcyNzAxYWViYzg0MTUwM2JjOGZjZDRmZjYwMjAxMzkxZjhiOGNlYTp7Il9hdXRoX3VzZXJfaGFzaCI6Ijc2MjEwNWQwMGFlZDgyYzY0YTBmMDEyNjdjYzVhZjRhMmU2MTcwNmMiLCJfYXV0aF91c2VyX2JhY2tlbmQiOiJkamFuZ28uY29udHJpYi5hdXRoLmJhY2tlbmRzLk1vZGVsQmFja2VuZCIsIl9hdXRoX3VzZXJfaWQiOiIxIn0=', '2018-04-04 18:05:09.064730'),
('sojf2qh5jxj3xz5152hfz76kv2mc3mh5', 'MTcyNzAxYWViYzg0MTUwM2JjOGZjZDRmZjYwMjAxMzkxZjhiOGNlYTp7Il9hdXRoX3VzZXJfaGFzaCI6Ijc2MjEwNWQwMGFlZDgyYzY0YTBmMDEyNjdjYzVhZjRhMmU2MTcwNmMiLCJfYXV0aF91c2VyX2JhY2tlbmQiOiJkamFuZ28uY29udHJpYi5hdXRoLmJhY2tlbmRzLk1vZGVsQmFja2VuZCIsIl9hdXRoX3VzZXJfaWQiOiIxIn0=', '2018-05-31 17:54:26.073482'),
('sr1xu790smzm0tlnqer6pt2xkri65zhs', 'MTcyNzAxYWViYzg0MTUwM2JjOGZjZDRmZjYwMjAxMzkxZjhiOGNlYTp7Il9hdXRoX3VzZXJfaGFzaCI6Ijc2MjEwNWQwMGFlZDgyYzY0YTBmMDEyNjdjYzVhZjRhMmU2MTcwNmMiLCJfYXV0aF91c2VyX2JhY2tlbmQiOiJkamFuZ28uY29udHJpYi5hdXRoLmJhY2tlbmRzLk1vZGVsQmFja2VuZCIsIl9hdXRoX3VzZXJfaWQiOiIxIn0=', '2018-04-30 20:12:07.048440'),
('ssl4m3z5c8ry24t1bs6gm56amezxqxsq', 'MTcyNzAxYWViYzg0MTUwM2JjOGZjZDRmZjYwMjAxMzkxZjhiOGNlYTp7Il9hdXRoX3VzZXJfaGFzaCI6Ijc2MjEwNWQwMGFlZDgyYzY0YTBmMDEyNjdjYzVhZjRhMmU2MTcwNmMiLCJfYXV0aF91c2VyX2JhY2tlbmQiOiJkamFuZ28uY29udHJpYi5hdXRoLmJhY2tlbmRzLk1vZGVsQmFja2VuZCIsIl9hdXRoX3VzZXJfaWQiOiIxIn0=', '2018-05-31 04:51:28.880806'),
('st100go5iqf8uigsvyuo2ulk5jw5qz7n', 'MTcyNzAxYWViYzg0MTUwM2JjOGZjZDRmZjYwMjAxMzkxZjhiOGNlYTp7Il9hdXRoX3VzZXJfaGFzaCI6Ijc2MjEwNWQwMGFlZDgyYzY0YTBmMDEyNjdjYzVhZjRhMmU2MTcwNmMiLCJfYXV0aF91c2VyX2JhY2tlbmQiOiJkamFuZ28uY29udHJpYi5hdXRoLmJhY2tlbmRzLk1vZGVsQmFja2VuZCIsIl9hdXRoX3VzZXJfaWQiOiIxIn0=', '2018-05-01 03:51:25.169237'),
('suy0mzumb3vt850blfxqh92eywn37004', 'MTcyNzAxYWViYzg0MTUwM2JjOGZjZDRmZjYwMjAxMzkxZjhiOGNlYTp7Il9hdXRoX3VzZXJfaGFzaCI6Ijc2MjEwNWQwMGFlZDgyYzY0YTBmMDEyNjdjYzVhZjRhMmU2MTcwNmMiLCJfYXV0aF91c2VyX2JhY2tlbmQiOiJkamFuZ28uY29udHJpYi5hdXRoLmJhY2tlbmRzLk1vZGVsQmFja2VuZCIsIl9hdXRoX3VzZXJfaWQiOiIxIn0=', '2018-05-18 17:48:07.747934'),
('svirllki6owwyn3ouiv8gfs1vxn8hsct', 'MTcyNzAxYWViYzg0MTUwM2JjOGZjZDRmZjYwMjAxMzkxZjhiOGNlYTp7Il9hdXRoX3VzZXJfaGFzaCI6Ijc2MjEwNWQwMGFlZDgyYzY0YTBmMDEyNjdjYzVhZjRhMmU2MTcwNmMiLCJfYXV0aF91c2VyX2JhY2tlbmQiOiJkamFuZ28uY29udHJpYi5hdXRoLmJhY2tlbmRzLk1vZGVsQmFja2VuZCIsIl9hdXRoX3VzZXJfaWQiOiIxIn0=', '2018-05-01 03:51:40.568832'),
('swha3nxoey33ncixc0ze5ni36jlq60wv', 'MTcyNzAxYWViYzg0MTUwM2JjOGZjZDRmZjYwMjAxMzkxZjhiOGNlYTp7Il9hdXRoX3VzZXJfaGFzaCI6Ijc2MjEwNWQwMGFlZDgyYzY0YTBmMDEyNjdjYzVhZjRhMmU2MTcwNmMiLCJfYXV0aF91c2VyX2JhY2tlbmQiOiJkamFuZ28uY29udHJpYi5hdXRoLmJhY2tlbmRzLk1vZGVsQmFja2VuZCIsIl9hdXRoX3VzZXJfaWQiOiIxIn0=', '2018-04-23 07:02:20.290859'),
('syf6wk9o5fkqtytamo5xq0mfeddh81c1', 'MTcyNzAxYWViYzg0MTUwM2JjOGZjZDRmZjYwMjAxMzkxZjhiOGNlYTp7Il9hdXRoX3VzZXJfaGFzaCI6Ijc2MjEwNWQwMGFlZDgyYzY0YTBmMDEyNjdjYzVhZjRhMmU2MTcwNmMiLCJfYXV0aF91c2VyX2JhY2tlbmQiOiJkamFuZ28uY29udHJpYi5hdXRoLmJhY2tlbmRzLk1vZGVsQmFja2VuZCIsIl9hdXRoX3VzZXJfaWQiOiIxIn0=', '2018-05-18 17:54:17.016575'),
('t0dn8uye51yem7u5wdzbxmsavzu8w803', 'MTcyNzAxYWViYzg0MTUwM2JjOGZjZDRmZjYwMjAxMzkxZjhiOGNlYTp7Il9hdXRoX3VzZXJfaGFzaCI6Ijc2MjEwNWQwMGFlZDgyYzY0YTBmMDEyNjdjYzVhZjRhMmU2MTcwNmMiLCJfYXV0aF91c2VyX2JhY2tlbmQiOiJkamFuZ28uY29udHJpYi5hdXRoLmJhY2tlbmRzLk1vZGVsQmFja2VuZCIsIl9hdXRoX3VzZXJfaWQiOiIxIn0=', '2018-04-04 05:30:15.471497'),
('t1i5oants609f0wawcs6gmz0e5eoaofs', 'MTcyNzAxYWViYzg0MTUwM2JjOGZjZDRmZjYwMjAxMzkxZjhiOGNlYTp7Il9hdXRoX3VzZXJfaGFzaCI6Ijc2MjEwNWQwMGFlZDgyYzY0YTBmMDEyNjdjYzVhZjRhMmU2MTcwNmMiLCJfYXV0aF91c2VyX2JhY2tlbmQiOiJkamFuZ28uY29udHJpYi5hdXRoLmJhY2tlbmRzLk1vZGVsQmFja2VuZCIsIl9hdXRoX3VzZXJfaWQiOiIxIn0=', '2018-05-31 04:59:03.157341'),
('t2b7vrq8ebowv7k78vm3y0ry0cxxt1dg', 'MTcyNzAxYWViYzg0MTUwM2JjOGZjZDRmZjYwMjAxMzkxZjhiOGNlYTp7Il9hdXRoX3VzZXJfaGFzaCI6Ijc2MjEwNWQwMGFlZDgyYzY0YTBmMDEyNjdjYzVhZjRhMmU2MTcwNmMiLCJfYXV0aF91c2VyX2JhY2tlbmQiOiJkamFuZ28uY29udHJpYi5hdXRoLmJhY2tlbmRzLk1vZGVsQmFja2VuZCIsIl9hdXRoX3VzZXJfaWQiOiIxIn0=', '2018-05-18 19:25:39.844166'),
('t44tw6v81zf0ytw5r09shxtw20hn5xzv', 'MTcyNzAxYWViYzg0MTUwM2JjOGZjZDRmZjYwMjAxMzkxZjhiOGNlYTp7Il9hdXRoX3VzZXJfaGFzaCI6Ijc2MjEwNWQwMGFlZDgyYzY0YTBmMDEyNjdjYzVhZjRhMmU2MTcwNmMiLCJfYXV0aF91c2VyX2JhY2tlbmQiOiJkamFuZ28uY29udHJpYi5hdXRoLmJhY2tlbmRzLk1vZGVsQmFja2VuZCIsIl9hdXRoX3VzZXJfaWQiOiIxIn0=', '2018-05-30 21:36:25.729093'),
('t5djlqcfh5oqkohacy0l6kcgznlmql6q', 'MTcyNzAxYWViYzg0MTUwM2JjOGZjZDRmZjYwMjAxMzkxZjhiOGNlYTp7Il9hdXRoX3VzZXJfaGFzaCI6Ijc2MjEwNWQwMGFlZDgyYzY0YTBmMDEyNjdjYzVhZjRhMmU2MTcwNmMiLCJfYXV0aF91c2VyX2JhY2tlbmQiOiJkamFuZ28uY29udHJpYi5hdXRoLmJhY2tlbmRzLk1vZGVsQmFja2VuZCIsIl9hdXRoX3VzZXJfaWQiOiIxIn0=', '2018-05-18 17:22:43.102862'),
('t6fpbvzh5m7j9trvzqr9qcmqfo6d6wpa', 'MTcyNzAxYWViYzg0MTUwM2JjOGZjZDRmZjYwMjAxMzkxZjhiOGNlYTp7Il9hdXRoX3VzZXJfaGFzaCI6Ijc2MjEwNWQwMGFlZDgyYzY0YTBmMDEyNjdjYzVhZjRhMmU2MTcwNmMiLCJfYXV0aF91c2VyX2JhY2tlbmQiOiJkamFuZ28uY29udHJpYi5hdXRoLmJhY2tlbmRzLk1vZGVsQmFja2VuZCIsIl9hdXRoX3VzZXJfaWQiOiIxIn0=', '2018-05-31 05:15:11.949785'),
('t6rzke5tk9prc2c2urkbf6o6aflfbh76', 'MTcyNzAxYWViYzg0MTUwM2JjOGZjZDRmZjYwMjAxMzkxZjhiOGNlYTp7Il9hdXRoX3VzZXJfaGFzaCI6Ijc2MjEwNWQwMGFlZDgyYzY0YTBmMDEyNjdjYzVhZjRhMmU2MTcwNmMiLCJfYXV0aF91c2VyX2JhY2tlbmQiOiJkamFuZ28uY29udHJpYi5hdXRoLmJhY2tlbmRzLk1vZGVsQmFja2VuZCIsIl9hdXRoX3VzZXJfaWQiOiIxIn0=', '2018-05-30 21:06:15.109011'),
('t755c73rxv2gr3h6xx8371ue2a86eu5v', 'MTcyNzAxYWViYzg0MTUwM2JjOGZjZDRmZjYwMjAxMzkxZjhiOGNlYTp7Il9hdXRoX3VzZXJfaGFzaCI6Ijc2MjEwNWQwMGFlZDgyYzY0YTBmMDEyNjdjYzVhZjRhMmU2MTcwNmMiLCJfYXV0aF91c2VyX2JhY2tlbmQiOiJkamFuZ28uY29udHJpYi5hdXRoLmJhY2tlbmRzLk1vZGVsQmFja2VuZCIsIl9hdXRoX3VzZXJfaWQiOiIxIn0=', '2018-04-04 04:11:05.198945'),
('t9ly5f1snwrklda9u1t1hwu49j9uy3a5', 'MTcyNzAxYWViYzg0MTUwM2JjOGZjZDRmZjYwMjAxMzkxZjhiOGNlYTp7Il9hdXRoX3VzZXJfaGFzaCI6Ijc2MjEwNWQwMGFlZDgyYzY0YTBmMDEyNjdjYzVhZjRhMmU2MTcwNmMiLCJfYXV0aF91c2VyX2JhY2tlbmQiOiJkamFuZ28uY29udHJpYi5hdXRoLmJhY2tlbmRzLk1vZGVsQmFja2VuZCIsIl9hdXRoX3VzZXJfaWQiOiIxIn0=', '2018-05-31 04:58:24.620147'),
('tai5bsfb4axm8cuupy2lll8fadzh1i95', 'MTcyNzAxYWViYzg0MTUwM2JjOGZjZDRmZjYwMjAxMzkxZjhiOGNlYTp7Il9hdXRoX3VzZXJfaGFzaCI6Ijc2MjEwNWQwMGFlZDgyYzY0YTBmMDEyNjdjYzVhZjRhMmU2MTcwNmMiLCJfYXV0aF91c2VyX2JhY2tlbmQiOiJkamFuZ28uY29udHJpYi5hdXRoLmJhY2tlbmRzLk1vZGVsQmFja2VuZCIsIl9hdXRoX3VzZXJfaWQiOiIxIn0=', '2018-05-18 17:48:18.381757'),
('taid0zanlzsb7hcysnnni15vfpgjigkb', 'MTcyNzAxYWViYzg0MTUwM2JjOGZjZDRmZjYwMjAxMzkxZjhiOGNlYTp7Il9hdXRoX3VzZXJfaGFzaCI6Ijc2MjEwNWQwMGFlZDgyYzY0YTBmMDEyNjdjYzVhZjRhMmU2MTcwNmMiLCJfYXV0aF91c2VyX2JhY2tlbmQiOiJkamFuZ28uY29udHJpYi5hdXRoLmJhY2tlbmRzLk1vZGVsQmFja2VuZCIsIl9hdXRoX3VzZXJfaWQiOiIxIn0=', '2018-05-31 05:25:34.426281'),
('tape2pk300jyb7plhgs8vignzptzaxtb', 'MTcyNzAxYWViYzg0MTUwM2JjOGZjZDRmZjYwMjAxMzkxZjhiOGNlYTp7Il9hdXRoX3VzZXJfaGFzaCI6Ijc2MjEwNWQwMGFlZDgyYzY0YTBmMDEyNjdjYzVhZjRhMmU2MTcwNmMiLCJfYXV0aF91c2VyX2JhY2tlbmQiOiJkamFuZ28uY29udHJpYi5hdXRoLmJhY2tlbmRzLk1vZGVsQmFja2VuZCIsIl9hdXRoX3VzZXJfaWQiOiIxIn0=', '2018-05-30 21:36:48.640902'),
('tb2r16xsvxe8n4b8ggaq720x5wjnnzgv', 'MTcyNzAxYWViYzg0MTUwM2JjOGZjZDRmZjYwMjAxMzkxZjhiOGNlYTp7Il9hdXRoX3VzZXJfaGFzaCI6Ijc2MjEwNWQwMGFlZDgyYzY0YTBmMDEyNjdjYzVhZjRhMmU2MTcwNmMiLCJfYXV0aF91c2VyX2JhY2tlbmQiOiJkamFuZ28uY29udHJpYi5hdXRoLmJhY2tlbmRzLk1vZGVsQmFja2VuZCIsIl9hdXRoX3VzZXJfaWQiOiIxIn0=', '2018-05-01 03:18:45.157428'),
('tcdhi7yha1w5gi6mqg6q3y415hok9ogb', 'MTcyNzAxYWViYzg0MTUwM2JjOGZjZDRmZjYwMjAxMzkxZjhiOGNlYTp7Il9hdXRoX3VzZXJfaGFzaCI6Ijc2MjEwNWQwMGFlZDgyYzY0YTBmMDEyNjdjYzVhZjRhMmU2MTcwNmMiLCJfYXV0aF91c2VyX2JhY2tlbmQiOiJkamFuZ28uY29udHJpYi5hdXRoLmJhY2tlbmRzLk1vZGVsQmFja2VuZCIsIl9hdXRoX3VzZXJfaWQiOiIxIn0=', '2018-04-30 20:04:58.812500'),
('tckdd3qdjgt7bf8vko8a4ah5dgpq17u9', 'MTcyNzAxYWViYzg0MTUwM2JjOGZjZDRmZjYwMjAxMzkxZjhiOGNlYTp7Il9hdXRoX3VzZXJfaGFzaCI6Ijc2MjEwNWQwMGFlZDgyYzY0YTBmMDEyNjdjYzVhZjRhMmU2MTcwNmMiLCJfYXV0aF91c2VyX2JhY2tlbmQiOiJkamFuZ28uY29udHJpYi5hdXRoLmJhY2tlbmRzLk1vZGVsQmFja2VuZCIsIl9hdXRoX3VzZXJfaWQiOiIxIn0=', '2018-05-01 03:48:20.371505'),
('tetfr9sl01ybhx8ay7mevgkikankd3nd', 'MTcyNzAxYWViYzg0MTUwM2JjOGZjZDRmZjYwMjAxMzkxZjhiOGNlYTp7Il9hdXRoX3VzZXJfaGFzaCI6Ijc2MjEwNWQwMGFlZDgyYzY0YTBmMDEyNjdjYzVhZjRhMmU2MTcwNmMiLCJfYXV0aF91c2VyX2JhY2tlbmQiOiJkamFuZ28uY29udHJpYi5hdXRoLmJhY2tlbmRzLk1vZGVsQmFja2VuZCIsIl9hdXRoX3VzZXJfaWQiOiIxIn0=', '2018-04-30 22:08:02.112654'),
('tfvlwophm473o3turl7jimqty5xfs4xo', 'MTcyNzAxYWViYzg0MTUwM2JjOGZjZDRmZjYwMjAxMzkxZjhiOGNlYTp7Il9hdXRoX3VzZXJfaGFzaCI6Ijc2MjEwNWQwMGFlZDgyYzY0YTBmMDEyNjdjYzVhZjRhMmU2MTcwNmMiLCJfYXV0aF91c2VyX2JhY2tlbmQiOiJkamFuZ28uY29udHJpYi5hdXRoLmJhY2tlbmRzLk1vZGVsQmFja2VuZCIsIl9hdXRoX3VzZXJfaWQiOiIxIn0=', '2018-05-31 17:01:52.768837'),
('tgakqz1ocu8jxgrp2z9obxjh4jq8ql5x', 'MTcyNzAxYWViYzg0MTUwM2JjOGZjZDRmZjYwMjAxMzkxZjhiOGNlYTp7Il9hdXRoX3VzZXJfaGFzaCI6Ijc2MjEwNWQwMGFlZDgyYzY0YTBmMDEyNjdjYzVhZjRhMmU2MTcwNmMiLCJfYXV0aF91c2VyX2JhY2tlbmQiOiJkamFuZ28uY29udHJpYi5hdXRoLmJhY2tlbmRzLk1vZGVsQmFja2VuZCIsIl9hdXRoX3VzZXJfaWQiOiIxIn0=', '2018-05-31 18:40:59.248736'),
('tgkr92cjk6ddiptljdj2bhjxf1spbtn8', 'MTcyNzAxYWViYzg0MTUwM2JjOGZjZDRmZjYwMjAxMzkxZjhiOGNlYTp7Il9hdXRoX3VzZXJfaGFzaCI6Ijc2MjEwNWQwMGFlZDgyYzY0YTBmMDEyNjdjYzVhZjRhMmU2MTcwNmMiLCJfYXV0aF91c2VyX2JhY2tlbmQiOiJkamFuZ28uY29udHJpYi5hdXRoLmJhY2tlbmRzLk1vZGVsQmFja2VuZCIsIl9hdXRoX3VzZXJfaWQiOiIxIn0=', '2018-04-05 21:02:26.709442'),
('ti96hkzs17i4ll0r0rl4akfszoa2c30y', 'MTcyNzAxYWViYzg0MTUwM2JjOGZjZDRmZjYwMjAxMzkxZjhiOGNlYTp7Il9hdXRoX3VzZXJfaGFzaCI6Ijc2MjEwNWQwMGFlZDgyYzY0YTBmMDEyNjdjYzVhZjRhMmU2MTcwNmMiLCJfYXV0aF91c2VyX2JhY2tlbmQiOiJkamFuZ28uY29udHJpYi5hdXRoLmJhY2tlbmRzLk1vZGVsQmFja2VuZCIsIl9hdXRoX3VzZXJfaWQiOiIxIn0=', '2018-04-04 05:21:59.355860'),
('tit58fz2igrpsogu2ovulg1ct03hphor', 'MTcyNzAxYWViYzg0MTUwM2JjOGZjZDRmZjYwMjAxMzkxZjhiOGNlYTp7Il9hdXRoX3VzZXJfaGFzaCI6Ijc2MjEwNWQwMGFlZDgyYzY0YTBmMDEyNjdjYzVhZjRhMmU2MTcwNmMiLCJfYXV0aF91c2VyX2JhY2tlbmQiOiJkamFuZ28uY29udHJpYi5hdXRoLmJhY2tlbmRzLk1vZGVsQmFja2VuZCIsIl9hdXRoX3VzZXJfaWQiOiIxIn0=', '2018-05-31 05:27:21.180617'),
('tkim7up87q0wlutaocathrzipha20f4j', 'MTcyNzAxYWViYzg0MTUwM2JjOGZjZDRmZjYwMjAxMzkxZjhiOGNlYTp7Il9hdXRoX3VzZXJfaGFzaCI6Ijc2MjEwNWQwMGFlZDgyYzY0YTBmMDEyNjdjYzVhZjRhMmU2MTcwNmMiLCJfYXV0aF91c2VyX2JhY2tlbmQiOiJkamFuZ28uY29udHJpYi5hdXRoLmJhY2tlbmRzLk1vZGVsQmFja2VuZCIsIl9hdXRoX3VzZXJfaWQiOiIxIn0=', '2018-05-31 05:28:02.141580'),
('tl6f7x9kb8exdbvenhlz2bhyjyzvdlpb', 'MTcyNzAxYWViYzg0MTUwM2JjOGZjZDRmZjYwMjAxMzkxZjhiOGNlYTp7Il9hdXRoX3VzZXJfaGFzaCI6Ijc2MjEwNWQwMGFlZDgyYzY0YTBmMDEyNjdjYzVhZjRhMmU2MTcwNmMiLCJfYXV0aF91c2VyX2JhY2tlbmQiOiJkamFuZ28uY29udHJpYi5hdXRoLmJhY2tlbmRzLk1vZGVsQmFja2VuZCIsIl9hdXRoX3VzZXJfaWQiOiIxIn0=', '2018-05-25 06:09:35.791772'),
('tm6a2c4jj2uhpsmvvmgq749va10oqtjz', 'MTcyNzAxYWViYzg0MTUwM2JjOGZjZDRmZjYwMjAxMzkxZjhiOGNlYTp7Il9hdXRoX3VzZXJfaGFzaCI6Ijc2MjEwNWQwMGFlZDgyYzY0YTBmMDEyNjdjYzVhZjRhMmU2MTcwNmMiLCJfYXV0aF91c2VyX2JhY2tlbmQiOiJkamFuZ28uY29udHJpYi5hdXRoLmJhY2tlbmRzLk1vZGVsQmFja2VuZCIsIl9hdXRoX3VzZXJfaWQiOiIxIn0=', '2018-05-01 03:52:08.559271'),
('tm8fe1bhfsut44x5n034ngsoaa9mixjz', 'MTcyNzAxYWViYzg0MTUwM2JjOGZjZDRmZjYwMjAxMzkxZjhiOGNlYTp7Il9hdXRoX3VzZXJfaGFzaCI6Ijc2MjEwNWQwMGFlZDgyYzY0YTBmMDEyNjdjYzVhZjRhMmU2MTcwNmMiLCJfYXV0aF91c2VyX2JhY2tlbmQiOiJkamFuZ28uY29udHJpYi5hdXRoLmJhY2tlbmRzLk1vZGVsQmFja2VuZCIsIl9hdXRoX3VzZXJfaWQiOiIxIn0=', '2018-04-30 20:51:13.981409'),
('tmg7e8ds2tt60nmqkzk5cmjaffybxpgy', 'MTcyNzAxYWViYzg0MTUwM2JjOGZjZDRmZjYwMjAxMzkxZjhiOGNlYTp7Il9hdXRoX3VzZXJfaGFzaCI6Ijc2MjEwNWQwMGFlZDgyYzY0YTBmMDEyNjdjYzVhZjRhMmU2MTcwNmMiLCJfYXV0aF91c2VyX2JhY2tlbmQiOiJkamFuZ28uY29udHJpYi5hdXRoLmJhY2tlbmRzLk1vZGVsQmFja2VuZCIsIl9hdXRoX3VzZXJfaWQiOiIxIn0=', '2018-05-31 05:28:17.173394'),
('tnd99wkwjek94xy6u8d34otc4mcyqgbi', 'MTcyNzAxYWViYzg0MTUwM2JjOGZjZDRmZjYwMjAxMzkxZjhiOGNlYTp7Il9hdXRoX3VzZXJfaGFzaCI6Ijc2MjEwNWQwMGFlZDgyYzY0YTBmMDEyNjdjYzVhZjRhMmU2MTcwNmMiLCJfYXV0aF91c2VyX2JhY2tlbmQiOiJkamFuZ28uY29udHJpYi5hdXRoLmJhY2tlbmRzLk1vZGVsQmFja2VuZCIsIl9hdXRoX3VzZXJfaWQiOiIxIn0=', '2018-05-18 17:34:52.197672'),
('tnfe5z4lb1gjw97c4xmwzhg6i9vzdzr0', 'MTcyNzAxYWViYzg0MTUwM2JjOGZjZDRmZjYwMjAxMzkxZjhiOGNlYTp7Il9hdXRoX3VzZXJfaGFzaCI6Ijc2MjEwNWQwMGFlZDgyYzY0YTBmMDEyNjdjYzVhZjRhMmU2MTcwNmMiLCJfYXV0aF91c2VyX2JhY2tlbmQiOiJkamFuZ28uY29udHJpYi5hdXRoLmJhY2tlbmRzLk1vZGVsQmFja2VuZCIsIl9hdXRoX3VzZXJfaWQiOiIxIn0=', '2018-04-23 07:02:28.716907'),
('tnsr6r1c86gwy3vgykfand9851a4d1kt', 'MTcyNzAxYWViYzg0MTUwM2JjOGZjZDRmZjYwMjAxMzkxZjhiOGNlYTp7Il9hdXRoX3VzZXJfaGFzaCI6Ijc2MjEwNWQwMGFlZDgyYzY0YTBmMDEyNjdjYzVhZjRhMmU2MTcwNmMiLCJfYXV0aF91c2VyX2JhY2tlbmQiOiJkamFuZ28uY29udHJpYi5hdXRoLmJhY2tlbmRzLk1vZGVsQmFja2VuZCIsIl9hdXRoX3VzZXJfaWQiOiIxIn0=', '2018-05-18 17:48:13.626433'),
('tnzwo7xd66nklh2iqcb9jmw6qtraher1', 'MTcyNzAxYWViYzg0MTUwM2JjOGZjZDRmZjYwMjAxMzkxZjhiOGNlYTp7Il9hdXRoX3VzZXJfaGFzaCI6Ijc2MjEwNWQwMGFlZDgyYzY0YTBmMDEyNjdjYzVhZjRhMmU2MTcwNmMiLCJfYXV0aF91c2VyX2JhY2tlbmQiOiJkamFuZ28uY29udHJpYi5hdXRoLmJhY2tlbmRzLk1vZGVsQmFja2VuZCIsIl9hdXRoX3VzZXJfaWQiOiIxIn0=', '2018-05-01 03:46:02.115122'),
('to4qzb4s0fvm63fas5h0w0pamhgo3jni', 'MTcyNzAxYWViYzg0MTUwM2JjOGZjZDRmZjYwMjAxMzkxZjhiOGNlYTp7Il9hdXRoX3VzZXJfaGFzaCI6Ijc2MjEwNWQwMGFlZDgyYzY0YTBmMDEyNjdjYzVhZjRhMmU2MTcwNmMiLCJfYXV0aF91c2VyX2JhY2tlbmQiOiJkamFuZ28uY29udHJpYi5hdXRoLmJhY2tlbmRzLk1vZGVsQmFja2VuZCIsIl9hdXRoX3VzZXJfaWQiOiIxIn0=', '2018-04-30 21:44:52.898891'),
('to8lupfn6ldbbunkozmp10bbdqa02qf0', 'MTcyNzAxYWViYzg0MTUwM2JjOGZjZDRmZjYwMjAxMzkxZjhiOGNlYTp7Il9hdXRoX3VzZXJfaGFzaCI6Ijc2MjEwNWQwMGFlZDgyYzY0YTBmMDEyNjdjYzVhZjRhMmU2MTcwNmMiLCJfYXV0aF91c2VyX2JhY2tlbmQiOiJkamFuZ28uY29udHJpYi5hdXRoLmJhY2tlbmRzLk1vZGVsQmFja2VuZCIsIl9hdXRoX3VzZXJfaWQiOiIxIn0=', '2018-04-04 18:12:15.946492'),
('tofwd0kg3digmd6rfeumq3pyy6yidw1z', 'MTcyNzAxYWViYzg0MTUwM2JjOGZjZDRmZjYwMjAxMzkxZjhiOGNlYTp7Il9hdXRoX3VzZXJfaGFzaCI6Ijc2MjEwNWQwMGFlZDgyYzY0YTBmMDEyNjdjYzVhZjRhMmU2MTcwNmMiLCJfYXV0aF91c2VyX2JhY2tlbmQiOiJkamFuZ28uY29udHJpYi5hdXRoLmJhY2tlbmRzLk1vZGVsQmFja2VuZCIsIl9hdXRoX3VzZXJfaWQiOiIxIn0=', '2018-04-30 21:50:41.106985'),
('tpixoxk7ceqeiksafzbxshdinyqfcew7', 'MTcyNzAxYWViYzg0MTUwM2JjOGZjZDRmZjYwMjAxMzkxZjhiOGNlYTp7Il9hdXRoX3VzZXJfaGFzaCI6Ijc2MjEwNWQwMGFlZDgyYzY0YTBmMDEyNjdjYzVhZjRhMmU2MTcwNmMiLCJfYXV0aF91c2VyX2JhY2tlbmQiOiJkamFuZ28uY29udHJpYi5hdXRoLmJhY2tlbmRzLk1vZGVsQmFja2VuZCIsIl9hdXRoX3VzZXJfaWQiOiIxIn0=', '2018-05-31 03:39:17.435671'),
('tq0bf0cq4ndnv78qq3r7yycpre6dgn5a', 'MTcyNzAxYWViYzg0MTUwM2JjOGZjZDRmZjYwMjAxMzkxZjhiOGNlYTp7Il9hdXRoX3VzZXJfaGFzaCI6Ijc2MjEwNWQwMGFlZDgyYzY0YTBmMDEyNjdjYzVhZjRhMmU2MTcwNmMiLCJfYXV0aF91c2VyX2JhY2tlbmQiOiJkamFuZ28uY29udHJpYi5hdXRoLmJhY2tlbmRzLk1vZGVsQmFja2VuZCIsIl9hdXRoX3VzZXJfaWQiOiIxIn0=', '2018-05-18 17:33:45.020737'),
('tq89t0c844adkryo3ggx2x0zetq0zf37', 'MTcyNzAxYWViYzg0MTUwM2JjOGZjZDRmZjYwMjAxMzkxZjhiOGNlYTp7Il9hdXRoX3VzZXJfaGFzaCI6Ijc2MjEwNWQwMGFlZDgyYzY0YTBmMDEyNjdjYzVhZjRhMmU2MTcwNmMiLCJfYXV0aF91c2VyX2JhY2tlbmQiOiJkamFuZ28uY29udHJpYi5hdXRoLmJhY2tlbmRzLk1vZGVsQmFja2VuZCIsIl9hdXRoX3VzZXJfaWQiOiIxIn0=', '2018-04-04 18:11:44.845125'),
('tuf5aduzfuvexf4o70ilqkhweek3vrhc', 'MTcyNzAxYWViYzg0MTUwM2JjOGZjZDRmZjYwMjAxMzkxZjhiOGNlYTp7Il9hdXRoX3VzZXJfaGFzaCI6Ijc2MjEwNWQwMGFlZDgyYzY0YTBmMDEyNjdjYzVhZjRhMmU2MTcwNmMiLCJfYXV0aF91c2VyX2JhY2tlbmQiOiJkamFuZ28uY29udHJpYi5hdXRoLmJhY2tlbmRzLk1vZGVsQmFja2VuZCIsIl9hdXRoX3VzZXJfaWQiOiIxIn0=', '2018-05-18 17:49:25.473152'),
('tw262xm6seavvkn0tpzoi20xqwilph9e', 'MTcyNzAxYWViYzg0MTUwM2JjOGZjZDRmZjYwMjAxMzkxZjhiOGNlYTp7Il9hdXRoX3VzZXJfaGFzaCI6Ijc2MjEwNWQwMGFlZDgyYzY0YTBmMDEyNjdjYzVhZjRhMmU2MTcwNmMiLCJfYXV0aF91c2VyX2JhY2tlbmQiOiJkamFuZ28uY29udHJpYi5hdXRoLmJhY2tlbmRzLk1vZGVsQmFja2VuZCIsIl9hdXRoX3VzZXJfaWQiOiIxIn0=', '2018-05-30 21:32:34.585103'),
('twyyriyjemn3k5lnovhw1iuicapb7b7r', 'MTcyNzAxYWViYzg0MTUwM2JjOGZjZDRmZjYwMjAxMzkxZjhiOGNlYTp7Il9hdXRoX3VzZXJfaGFzaCI6Ijc2MjEwNWQwMGFlZDgyYzY0YTBmMDEyNjdjYzVhZjRhMmU2MTcwNmMiLCJfYXV0aF91c2VyX2JhY2tlbmQiOiJkamFuZ28uY29udHJpYi5hdXRoLmJhY2tlbmRzLk1vZGVsQmFja2VuZCIsIl9hdXRoX3VzZXJfaWQiOiIxIn0=', '2018-04-23 07:17:10.458902'),
('txu8tf7b1x9hs3hsww78zhaqkfcj1jde', 'MTcyNzAxYWViYzg0MTUwM2JjOGZjZDRmZjYwMjAxMzkxZjhiOGNlYTp7Il9hdXRoX3VzZXJfaGFzaCI6Ijc2MjEwNWQwMGFlZDgyYzY0YTBmMDEyNjdjYzVhZjRhMmU2MTcwNmMiLCJfYXV0aF91c2VyX2JhY2tlbmQiOiJkamFuZ28uY29udHJpYi5hdXRoLmJhY2tlbmRzLk1vZGVsQmFja2VuZCIsIl9hdXRoX3VzZXJfaWQiOiIxIn0=', '2018-05-31 16:28:45.692463'),
('txyq3rrx5kg8xahhzmor440774z9xq8g', 'MTcyNzAxYWViYzg0MTUwM2JjOGZjZDRmZjYwMjAxMzkxZjhiOGNlYTp7Il9hdXRoX3VzZXJfaGFzaCI6Ijc2MjEwNWQwMGFlZDgyYzY0YTBmMDEyNjdjYzVhZjRhMmU2MTcwNmMiLCJfYXV0aF91c2VyX2JhY2tlbmQiOiJkamFuZ28uY29udHJpYi5hdXRoLmJhY2tlbmRzLk1vZGVsQmFja2VuZCIsIl9hdXRoX3VzZXJfaWQiOiIxIn0=', '2018-05-31 04:34:09.448458'),
('tyhpmrq4iu0n4axmhac12xqva3cyudax', 'MTcyNzAxYWViYzg0MTUwM2JjOGZjZDRmZjYwMjAxMzkxZjhiOGNlYTp7Il9hdXRoX3VzZXJfaGFzaCI6Ijc2MjEwNWQwMGFlZDgyYzY0YTBmMDEyNjdjYzVhZjRhMmU2MTcwNmMiLCJfYXV0aF91c2VyX2JhY2tlbmQiOiJkamFuZ28uY29udHJpYi5hdXRoLmJhY2tlbmRzLk1vZGVsQmFja2VuZCIsIl9hdXRoX3VzZXJfaWQiOiIxIn0=', '2018-05-31 18:39:46.714943'),
('u068z7zvldbupcnb2c7io0cd0q4u2dvl', 'MTcyNzAxYWViYzg0MTUwM2JjOGZjZDRmZjYwMjAxMzkxZjhiOGNlYTp7Il9hdXRoX3VzZXJfaGFzaCI6Ijc2MjEwNWQwMGFlZDgyYzY0YTBmMDEyNjdjYzVhZjRhMmU2MTcwNmMiLCJfYXV0aF91c2VyX2JhY2tlbmQiOiJkamFuZ28uY29udHJpYi5hdXRoLmJhY2tlbmRzLk1vZGVsQmFja2VuZCIsIl9hdXRoX3VzZXJfaWQiOiIxIn0=', '2018-05-01 03:49:48.790644'),
('u1jgbxrlt012nlzgsfy56c2ca53nvyjr', 'MTcyNzAxYWViYzg0MTUwM2JjOGZjZDRmZjYwMjAxMzkxZjhiOGNlYTp7Il9hdXRoX3VzZXJfaGFzaCI6Ijc2MjEwNWQwMGFlZDgyYzY0YTBmMDEyNjdjYzVhZjRhMmU2MTcwNmMiLCJfYXV0aF91c2VyX2JhY2tlbmQiOiJkamFuZ28uY29udHJpYi5hdXRoLmJhY2tlbmRzLk1vZGVsQmFja2VuZCIsIl9hdXRoX3VzZXJfaWQiOiIxIn0=', '2018-04-30 22:10:26.111084'),
('u1qm7ecpmujjh3l2drm3vx6r2cic23z0', 'MTcyNzAxYWViYzg0MTUwM2JjOGZjZDRmZjYwMjAxMzkxZjhiOGNlYTp7Il9hdXRoX3VzZXJfaGFzaCI6Ijc2MjEwNWQwMGFlZDgyYzY0YTBmMDEyNjdjYzVhZjRhMmU2MTcwNmMiLCJfYXV0aF91c2VyX2JhY2tlbmQiOiJkamFuZ28uY29udHJpYi5hdXRoLmJhY2tlbmRzLk1vZGVsQmFja2VuZCIsIl9hdXRoX3VzZXJfaWQiOiIxIn0=', '2018-05-30 21:16:38.783634'),
('u31g1sdyh9rtwkceehbn4fxrjsw274yq', 'MTcyNzAxYWViYzg0MTUwM2JjOGZjZDRmZjYwMjAxMzkxZjhiOGNlYTp7Il9hdXRoX3VzZXJfaGFzaCI6Ijc2MjEwNWQwMGFlZDgyYzY0YTBmMDEyNjdjYzVhZjRhMmU2MTcwNmMiLCJfYXV0aF91c2VyX2JhY2tlbmQiOiJkamFuZ28uY29udHJpYi5hdXRoLmJhY2tlbmRzLk1vZGVsQmFja2VuZCIsIl9hdXRoX3VzZXJfaWQiOiIxIn0=', '2018-05-01 03:38:26.889607'),
('u38kvqdwrv05nqyuu33c3c3qpjcuf85q', 'MTcyNzAxYWViYzg0MTUwM2JjOGZjZDRmZjYwMjAxMzkxZjhiOGNlYTp7Il9hdXRoX3VzZXJfaGFzaCI6Ijc2MjEwNWQwMGFlZDgyYzY0YTBmMDEyNjdjYzVhZjRhMmU2MTcwNmMiLCJfYXV0aF91c2VyX2JhY2tlbmQiOiJkamFuZ28uY29udHJpYi5hdXRoLmJhY2tlbmRzLk1vZGVsQmFja2VuZCIsIl9hdXRoX3VzZXJfaWQiOiIxIn0=', '2018-04-04 18:51:13.356567'),
('u4bo3w9g5qoq4za11sw5unt364sguhvr', 'MTcyNzAxYWViYzg0MTUwM2JjOGZjZDRmZjYwMjAxMzkxZjhiOGNlYTp7Il9hdXRoX3VzZXJfaGFzaCI6Ijc2MjEwNWQwMGFlZDgyYzY0YTBmMDEyNjdjYzVhZjRhMmU2MTcwNmMiLCJfYXV0aF91c2VyX2JhY2tlbmQiOiJkamFuZ28uY29udHJpYi5hdXRoLmJhY2tlbmRzLk1vZGVsQmFja2VuZCIsIl9hdXRoX3VzZXJfaWQiOiIxIn0=', '2018-05-31 17:12:36.364049'),
('u5d5w2q2iels7xi7o5hjwk48ulqxmpo6', 'MTcyNzAxYWViYzg0MTUwM2JjOGZjZDRmZjYwMjAxMzkxZjhiOGNlYTp7Il9hdXRoX3VzZXJfaGFzaCI6Ijc2MjEwNWQwMGFlZDgyYzY0YTBmMDEyNjdjYzVhZjRhMmU2MTcwNmMiLCJfYXV0aF91c2VyX2JhY2tlbmQiOiJkamFuZ28uY29udHJpYi5hdXRoLmJhY2tlbmRzLk1vZGVsQmFja2VuZCIsIl9hdXRoX3VzZXJfaWQiOiIxIn0=', '2018-05-31 05:11:39.880561'),
('u5wsrgfb7jlzzth1mk0bkv54ji0kyke1', 'MTcyNzAxYWViYzg0MTUwM2JjOGZjZDRmZjYwMjAxMzkxZjhiOGNlYTp7Il9hdXRoX3VzZXJfaGFzaCI6Ijc2MjEwNWQwMGFlZDgyYzY0YTBmMDEyNjdjYzVhZjRhMmU2MTcwNmMiLCJfYXV0aF91c2VyX2JhY2tlbmQiOiJkamFuZ28uY29udHJpYi5hdXRoLmJhY2tlbmRzLk1vZGVsQmFja2VuZCIsIl9hdXRoX3VzZXJfaWQiOiIxIn0=', '2018-05-31 05:13:36.598015'),
('u60esfd1glzaalbcwcjmda3tu6bbcshy', 'MTcyNzAxYWViYzg0MTUwM2JjOGZjZDRmZjYwMjAxMzkxZjhiOGNlYTp7Il9hdXRoX3VzZXJfaGFzaCI6Ijc2MjEwNWQwMGFlZDgyYzY0YTBmMDEyNjdjYzVhZjRhMmU2MTcwNmMiLCJfYXV0aF91c2VyX2JhY2tlbmQiOiJkamFuZ28uY29udHJpYi5hdXRoLmJhY2tlbmRzLk1vZGVsQmFja2VuZCIsIl9hdXRoX3VzZXJfaWQiOiIxIn0=', '2018-05-31 05:01:21.221207'),
('ua0uquw4mtmb7pslofcf4zht77ded50j', 'MTcyNzAxYWViYzg0MTUwM2JjOGZjZDRmZjYwMjAxMzkxZjhiOGNlYTp7Il9hdXRoX3VzZXJfaGFzaCI6Ijc2MjEwNWQwMGFlZDgyYzY0YTBmMDEyNjdjYzVhZjRhMmU2MTcwNmMiLCJfYXV0aF91c2VyX2JhY2tlbmQiOiJkamFuZ28uY29udHJpYi5hdXRoLmJhY2tlbmRzLk1vZGVsQmFja2VuZCIsIl9hdXRoX3VzZXJfaWQiOiIxIn0=', '2018-04-30 21:59:32.405491'),
('ua37601516wgk5o63jqlx9t093kzgtxa', 'MTcyNzAxYWViYzg0MTUwM2JjOGZjZDRmZjYwMjAxMzkxZjhiOGNlYTp7Il9hdXRoX3VzZXJfaGFzaCI6Ijc2MjEwNWQwMGFlZDgyYzY0YTBmMDEyNjdjYzVhZjRhMmU2MTcwNmMiLCJfYXV0aF91c2VyX2JhY2tlbmQiOiJkamFuZ28uY29udHJpYi5hdXRoLmJhY2tlbmRzLk1vZGVsQmFja2VuZCIsIl9hdXRoX3VzZXJfaWQiOiIxIn0=', '2018-04-01 21:38:41.627737'),
('ubpjj34axd9frk6zn4ckjudqn9201lbg', 'MTcyNzAxYWViYzg0MTUwM2JjOGZjZDRmZjYwMjAxMzkxZjhiOGNlYTp7Il9hdXRoX3VzZXJfaGFzaCI6Ijc2MjEwNWQwMGFlZDgyYzY0YTBmMDEyNjdjYzVhZjRhMmU2MTcwNmMiLCJfYXV0aF91c2VyX2JhY2tlbmQiOiJkamFuZ28uY29udHJpYi5hdXRoLmJhY2tlbmRzLk1vZGVsQmFja2VuZCIsIl9hdXRoX3VzZXJfaWQiOiIxIn0=', '2018-04-30 22:09:56.289649'),
('ucpnhl37kvgptx3936j65jewrndc5rjp', 'MTcyNzAxYWViYzg0MTUwM2JjOGZjZDRmZjYwMjAxMzkxZjhiOGNlYTp7Il9hdXRoX3VzZXJfaGFzaCI6Ijc2MjEwNWQwMGFlZDgyYzY0YTBmMDEyNjdjYzVhZjRhMmU2MTcwNmMiLCJfYXV0aF91c2VyX2JhY2tlbmQiOiJkamFuZ28uY29udHJpYi5hdXRoLmJhY2tlbmRzLk1vZGVsQmFja2VuZCIsIl9hdXRoX3VzZXJfaWQiOiIxIn0=', '2018-04-30 21:50:20.619515'),
('ucxdin3ny72tzkteo1pcawlms9kwvswl', 'MTcyNzAxYWViYzg0MTUwM2JjOGZjZDRmZjYwMjAxMzkxZjhiOGNlYTp7Il9hdXRoX3VzZXJfaGFzaCI6Ijc2MjEwNWQwMGFlZDgyYzY0YTBmMDEyNjdjYzVhZjRhMmU2MTcwNmMiLCJfYXV0aF91c2VyX2JhY2tlbmQiOiJkamFuZ28uY29udHJpYi5hdXRoLmJhY2tlbmRzLk1vZGVsQmFja2VuZCIsIl9hdXRoX3VzZXJfaWQiOiIxIn0=', '2018-05-31 04:50:24.448655'),
('ue9gxhjr0scg8anhszg7ctxwrla181vn', 'MTcyNzAxYWViYzg0MTUwM2JjOGZjZDRmZjYwMjAxMzkxZjhiOGNlYTp7Il9hdXRoX3VzZXJfaGFzaCI6Ijc2MjEwNWQwMGFlZDgyYzY0YTBmMDEyNjdjYzVhZjRhMmU2MTcwNmMiLCJfYXV0aF91c2VyX2JhY2tlbmQiOiJkamFuZ28uY29udHJpYi5hdXRoLmJhY2tlbmRzLk1vZGVsQmFja2VuZCIsIl9hdXRoX3VzZXJfaWQiOiIxIn0=', '2018-04-30 20:31:12.797385'),
('uebogwgy0zwhqnkxphw13m3kvaumfr9r', 'MTcyNzAxYWViYzg0MTUwM2JjOGZjZDRmZjYwMjAxMzkxZjhiOGNlYTp7Il9hdXRoX3VzZXJfaGFzaCI6Ijc2MjEwNWQwMGFlZDgyYzY0YTBmMDEyNjdjYzVhZjRhMmU2MTcwNmMiLCJfYXV0aF91c2VyX2JhY2tlbmQiOiJkamFuZ28uY29udHJpYi5hdXRoLmJhY2tlbmRzLk1vZGVsQmFja2VuZCIsIl9hdXRoX3VzZXJfaWQiOiIxIn0=', '2018-04-04 05:31:24.487283'),
('ufp0hp2569r7jzlpf8dr24htsx9wpme2', 'MTcyNzAxYWViYzg0MTUwM2JjOGZjZDRmZjYwMjAxMzkxZjhiOGNlYTp7Il9hdXRoX3VzZXJfaGFzaCI6Ijc2MjEwNWQwMGFlZDgyYzY0YTBmMDEyNjdjYzVhZjRhMmU2MTcwNmMiLCJfYXV0aF91c2VyX2JhY2tlbmQiOiJkamFuZ28uY29udHJpYi5hdXRoLmJhY2tlbmRzLk1vZGVsQmFja2VuZCIsIl9hdXRoX3VzZXJfaWQiOiIxIn0=', '2018-04-23 07:17:34.855438'),
('ug79w85a3w2aqd893l4x7tibj98cr9u0', 'MTcyNzAxYWViYzg0MTUwM2JjOGZjZDRmZjYwMjAxMzkxZjhiOGNlYTp7Il9hdXRoX3VzZXJfaGFzaCI6Ijc2MjEwNWQwMGFlZDgyYzY0YTBmMDEyNjdjYzVhZjRhMmU2MTcwNmMiLCJfYXV0aF91c2VyX2JhY2tlbmQiOiJkamFuZ28uY29udHJpYi5hdXRoLmJhY2tlbmRzLk1vZGVsQmFja2VuZCIsIl9hdXRoX3VzZXJfaWQiOiIxIn0=', '2018-05-30 21:17:56.364780'),
('ugk98ovthpruqagy5wooae0hu349u1pc', 'MTcyNzAxYWViYzg0MTUwM2JjOGZjZDRmZjYwMjAxMzkxZjhiOGNlYTp7Il9hdXRoX3VzZXJfaGFzaCI6Ijc2MjEwNWQwMGFlZDgyYzY0YTBmMDEyNjdjYzVhZjRhMmU2MTcwNmMiLCJfYXV0aF91c2VyX2JhY2tlbmQiOiJkamFuZ28uY29udHJpYi5hdXRoLmJhY2tlbmRzLk1vZGVsQmFja2VuZCIsIl9hdXRoX3VzZXJfaWQiOiIxIn0=', '2018-05-31 17:42:22.736452'),
('uh6ok1y14kbx9mr38ou4zpiyorpn9r63', 'MGY0MWNhYWYwNjY3ZTM2ZjM2NGEwODgyOWU3MTc2NjI3NDRlZjU2ZTp7Il9hdXRoX3VzZXJfaGFzaCI6IjA2YzEwMWYwYTE5NjM2MzI3ZWQxMzZjYjQyNjNhZjlhYTUxN2Q0ODEiLCJfYXV0aF91c2VyX2JhY2tlbmQiOiJkamFuZ28uY29udHJpYi5hdXRoLmJhY2tlbmRzLk1vZGVsQmFja2VuZCIsIl9hdXRoX3VzZXJfaWQiOiIzIn0=', '2018-05-31 18:05:35.349513'),
('uh8xldlh5kko7vw8ra3i6h26ngw304rb', 'MTcyNzAxYWViYzg0MTUwM2JjOGZjZDRmZjYwMjAxMzkxZjhiOGNlYTp7Il9hdXRoX3VzZXJfaGFzaCI6Ijc2MjEwNWQwMGFlZDgyYzY0YTBmMDEyNjdjYzVhZjRhMmU2MTcwNmMiLCJfYXV0aF91c2VyX2JhY2tlbmQiOiJkamFuZ28uY29udHJpYi5hdXRoLmJhY2tlbmRzLk1vZGVsQmFja2VuZCIsIl9hdXRoX3VzZXJfaWQiOiIxIn0=', '2018-04-04 18:49:22.842981'),
('uhi9a2cpxgr4o3so8cc6hachqly5vzsf', 'MTcyNzAxYWViYzg0MTUwM2JjOGZjZDRmZjYwMjAxMzkxZjhiOGNlYTp7Il9hdXRoX3VzZXJfaGFzaCI6Ijc2MjEwNWQwMGFlZDgyYzY0YTBmMDEyNjdjYzVhZjRhMmU2MTcwNmMiLCJfYXV0aF91c2VyX2JhY2tlbmQiOiJkamFuZ28uY29udHJpYi5hdXRoLmJhY2tlbmRzLk1vZGVsQmFja2VuZCIsIl9hdXRoX3VzZXJfaWQiOiIxIn0=', '2018-05-01 03:45:13.267502'),
('ui8xrgh599edp8i8r63fp92dh65bws4z', 'MTcyNzAxYWViYzg0MTUwM2JjOGZjZDRmZjYwMjAxMzkxZjhiOGNlYTp7Il9hdXRoX3VzZXJfaGFzaCI6Ijc2MjEwNWQwMGFlZDgyYzY0YTBmMDEyNjdjYzVhZjRhMmU2MTcwNmMiLCJfYXV0aF91c2VyX2JhY2tlbmQiOiJkamFuZ28uY29udHJpYi5hdXRoLmJhY2tlbmRzLk1vZGVsQmFja2VuZCIsIl9hdXRoX3VzZXJfaWQiOiIxIn0=', '2018-05-30 21:36:54.446325'),
('uigv8f5dju2eoy3ez41ovp859l8zj5zi', 'MTcyNzAxYWViYzg0MTUwM2JjOGZjZDRmZjYwMjAxMzkxZjhiOGNlYTp7Il9hdXRoX3VzZXJfaGFzaCI6Ijc2MjEwNWQwMGFlZDgyYzY0YTBmMDEyNjdjYzVhZjRhMmU2MTcwNmMiLCJfYXV0aF91c2VyX2JhY2tlbmQiOiJkamFuZ28uY29udHJpYi5hdXRoLmJhY2tlbmRzLk1vZGVsQmFja2VuZCIsIl9hdXRoX3VzZXJfaWQiOiIxIn0=', '2018-04-05 21:02:21.666174'),
('ujoaxerjxw0wo5leyaga4nktvc4pk4n2', 'MTcyNzAxYWViYzg0MTUwM2JjOGZjZDRmZjYwMjAxMzkxZjhiOGNlYTp7Il9hdXRoX3VzZXJfaGFzaCI6Ijc2MjEwNWQwMGFlZDgyYzY0YTBmMDEyNjdjYzVhZjRhMmU2MTcwNmMiLCJfYXV0aF91c2VyX2JhY2tlbmQiOiJkamFuZ28uY29udHJpYi5hdXRoLmJhY2tlbmRzLk1vZGVsQmFja2VuZCIsIl9hdXRoX3VzZXJfaWQiOiIxIn0=', '2018-05-01 03:56:37.343306'),
('ujvkpcdfjc5u3a6847nzcl2vlcfjrhg2', 'MTcyNzAxYWViYzg0MTUwM2JjOGZjZDRmZjYwMjAxMzkxZjhiOGNlYTp7Il9hdXRoX3VzZXJfaGFzaCI6Ijc2MjEwNWQwMGFlZDgyYzY0YTBmMDEyNjdjYzVhZjRhMmU2MTcwNmMiLCJfYXV0aF91c2VyX2JhY2tlbmQiOiJkamFuZ28uY29udHJpYi5hdXRoLmJhY2tlbmRzLk1vZGVsQmFja2VuZCIsIl9hdXRoX3VzZXJfaWQiOiIxIn0=', '2018-04-30 22:07:31.525501'),
('uk8mgae74b92ckivnimzc9y2ahigrt4x', 'MTcyNzAxYWViYzg0MTUwM2JjOGZjZDRmZjYwMjAxMzkxZjhiOGNlYTp7Il9hdXRoX3VzZXJfaGFzaCI6Ijc2MjEwNWQwMGFlZDgyYzY0YTBmMDEyNjdjYzVhZjRhMmU2MTcwNmMiLCJfYXV0aF91c2VyX2JhY2tlbmQiOiJkamFuZ28uY29udHJpYi5hdXRoLmJhY2tlbmRzLk1vZGVsQmFja2VuZCIsIl9hdXRoX3VzZXJfaWQiOiIxIn0=', '2018-05-18 17:49:09.782246'),
('ukue3vu42ve8fr2nxn0kppzy6u8knkqo', 'MTcyNzAxYWViYzg0MTUwM2JjOGZjZDRmZjYwMjAxMzkxZjhiOGNlYTp7Il9hdXRoX3VzZXJfaGFzaCI6Ijc2MjEwNWQwMGFlZDgyYzY0YTBmMDEyNjdjYzVhZjRhMmU2MTcwNmMiLCJfYXV0aF91c2VyX2JhY2tlbmQiOiJkamFuZ28uY29udHJpYi5hdXRoLmJhY2tlbmRzLk1vZGVsQmFja2VuZCIsIl9hdXRoX3VzZXJfaWQiOiIxIn0=', '2018-04-30 20:11:36.195198'),
('ul11q0rj0tis8mphzld6vtj8uk99dnug', 'MTcyNzAxYWViYzg0MTUwM2JjOGZjZDRmZjYwMjAxMzkxZjhiOGNlYTp7Il9hdXRoX3VzZXJfaGFzaCI6Ijc2MjEwNWQwMGFlZDgyYzY0YTBmMDEyNjdjYzVhZjRhMmU2MTcwNmMiLCJfYXV0aF91c2VyX2JhY2tlbmQiOiJkamFuZ28uY29udHJpYi5hdXRoLmJhY2tlbmRzLk1vZGVsQmFja2VuZCIsIl9hdXRoX3VzZXJfaWQiOiIxIn0=', '2018-05-31 04:59:13.522993'),
('ulgll00t332484mu8a7sxm3ab9oa3tad', 'MTcyNzAxYWViYzg0MTUwM2JjOGZjZDRmZjYwMjAxMzkxZjhiOGNlYTp7Il9hdXRoX3VzZXJfaGFzaCI6Ijc2MjEwNWQwMGFlZDgyYzY0YTBmMDEyNjdjYzVhZjRhMmU2MTcwNmMiLCJfYXV0aF91c2VyX2JhY2tlbmQiOiJkamFuZ28uY29udHJpYi5hdXRoLmJhY2tlbmRzLk1vZGVsQmFja2VuZCIsIl9hdXRoX3VzZXJfaWQiOiIxIn0=', '2018-05-31 04:48:30.305935'),
('ulkf4zdh95a4kpr8slvqnen54y7jrdp6', 'MTcyNzAxYWViYzg0MTUwM2JjOGZjZDRmZjYwMjAxMzkxZjhiOGNlYTp7Il9hdXRoX3VzZXJfaGFzaCI6Ijc2MjEwNWQwMGFlZDgyYzY0YTBmMDEyNjdjYzVhZjRhMmU2MTcwNmMiLCJfYXV0aF91c2VyX2JhY2tlbmQiOiJkamFuZ28uY29udHJpYi5hdXRoLmJhY2tlbmRzLk1vZGVsQmFja2VuZCIsIl9hdXRoX3VzZXJfaWQiOiIxIn0=', '2018-05-31 16:29:08.415865'),
('uml5spz6ryk5wub33as983fbktr81gpk', 'MTcyNzAxYWViYzg0MTUwM2JjOGZjZDRmZjYwMjAxMzkxZjhiOGNlYTp7Il9hdXRoX3VzZXJfaGFzaCI6Ijc2MjEwNWQwMGFlZDgyYzY0YTBmMDEyNjdjYzVhZjRhMmU2MTcwNmMiLCJfYXV0aF91c2VyX2JhY2tlbmQiOiJkamFuZ28uY29udHJpYi5hdXRoLmJhY2tlbmRzLk1vZGVsQmFja2VuZCIsIl9hdXRoX3VzZXJfaWQiOiIxIn0=', '2018-04-30 20:00:44.052901'),
('unfl9y5unkouwl4fyjgtsvrt35xjtg9e', 'MTcyNzAxYWViYzg0MTUwM2JjOGZjZDRmZjYwMjAxMzkxZjhiOGNlYTp7Il9hdXRoX3VzZXJfaGFzaCI6Ijc2MjEwNWQwMGFlZDgyYzY0YTBmMDEyNjdjYzVhZjRhMmU2MTcwNmMiLCJfYXV0aF91c2VyX2JhY2tlbmQiOiJkamFuZ28uY29udHJpYi5hdXRoLmJhY2tlbmRzLk1vZGVsQmFja2VuZCIsIl9hdXRoX3VzZXJfaWQiOiIxIn0=', '2018-05-31 17:00:52.133870'),
('uoczl2v24wqpwwqu768ay9ooextiycgm', 'MTcyNzAxYWViYzg0MTUwM2JjOGZjZDRmZjYwMjAxMzkxZjhiOGNlYTp7Il9hdXRoX3VzZXJfaGFzaCI6Ijc2MjEwNWQwMGFlZDgyYzY0YTBmMDEyNjdjYzVhZjRhMmU2MTcwNmMiLCJfYXV0aF91c2VyX2JhY2tlbmQiOiJkamFuZ28uY29udHJpYi5hdXRoLmJhY2tlbmRzLk1vZGVsQmFja2VuZCIsIl9hdXRoX3VzZXJfaWQiOiIxIn0=', '2018-05-31 05:26:52.770330'),
('uoei8g358w0j7c1kfpkvrdkkuvqycrak', 'MTcyNzAxYWViYzg0MTUwM2JjOGZjZDRmZjYwMjAxMzkxZjhiOGNlYTp7Il9hdXRoX3VzZXJfaGFzaCI6Ijc2MjEwNWQwMGFlZDgyYzY0YTBmMDEyNjdjYzVhZjRhMmU2MTcwNmMiLCJfYXV0aF91c2VyX2JhY2tlbmQiOiJkamFuZ28uY29udHJpYi5hdXRoLmJhY2tlbmRzLk1vZGVsQmFja2VuZCIsIl9hdXRoX3VzZXJfaWQiOiIxIn0=', '2018-05-31 18:04:51.137430'),
('uosngvl6tbniukaap9sl2bs6083cj8z4', 'MTcyNzAxYWViYzg0MTUwM2JjOGZjZDRmZjYwMjAxMzkxZjhiOGNlYTp7Il9hdXRoX3VzZXJfaGFzaCI6Ijc2MjEwNWQwMGFlZDgyYzY0YTBmMDEyNjdjYzVhZjRhMmU2MTcwNmMiLCJfYXV0aF91c2VyX2JhY2tlbmQiOiJkamFuZ28uY29udHJpYi5hdXRoLmJhY2tlbmRzLk1vZGVsQmFja2VuZCIsIl9hdXRoX3VzZXJfaWQiOiIxIn0=', '2018-05-01 03:30:00.343023'),
('upf2nmfzijecft84m1us7a9tp8aiohu3', 'MTcyNzAxYWViYzg0MTUwM2JjOGZjZDRmZjYwMjAxMzkxZjhiOGNlYTp7Il9hdXRoX3VzZXJfaGFzaCI6Ijc2MjEwNWQwMGFlZDgyYzY0YTBmMDEyNjdjYzVhZjRhMmU2MTcwNmMiLCJfYXV0aF91c2VyX2JhY2tlbmQiOiJkamFuZ28uY29udHJpYi5hdXRoLmJhY2tlbmRzLk1vZGVsQmFja2VuZCIsIl9hdXRoX3VzZXJfaWQiOiIxIn0=', '2018-05-31 05:50:23.908213'),
('ur7lj5tzvhwndex7h8kr56ynalfyfxtc', 'MTcyNzAxYWViYzg0MTUwM2JjOGZjZDRmZjYwMjAxMzkxZjhiOGNlYTp7Il9hdXRoX3VzZXJfaGFzaCI6Ijc2MjEwNWQwMGFlZDgyYzY0YTBmMDEyNjdjYzVhZjRhMmU2MTcwNmMiLCJfYXV0aF91c2VyX2JhY2tlbmQiOiJkamFuZ28uY29udHJpYi5hdXRoLmJhY2tlbmRzLk1vZGVsQmFja2VuZCIsIl9hdXRoX3VzZXJfaWQiOiIxIn0=', '2018-04-30 20:26:28.005939'),
('urd4lq5eyv6vzoe35w4rm8ql05evucx7', 'MTcyNzAxYWViYzg0MTUwM2JjOGZjZDRmZjYwMjAxMzkxZjhiOGNlYTp7Il9hdXRoX3VzZXJfaGFzaCI6Ijc2MjEwNWQwMGFlZDgyYzY0YTBmMDEyNjdjYzVhZjRhMmU2MTcwNmMiLCJfYXV0aF91c2VyX2JhY2tlbmQiOiJkamFuZ28uY29udHJpYi5hdXRoLmJhY2tlbmRzLk1vZGVsQmFja2VuZCIsIl9hdXRoX3VzZXJfaWQiOiIxIn0=', '2018-04-05 21:02:34.668894'),
('usexkrq6ont75tg20fu7lzdbc8ni5y1o', 'MTcyNzAxYWViYzg0MTUwM2JjOGZjZDRmZjYwMjAxMzkxZjhiOGNlYTp7Il9hdXRoX3VzZXJfaGFzaCI6Ijc2MjEwNWQwMGFlZDgyYzY0YTBmMDEyNjdjYzVhZjRhMmU2MTcwNmMiLCJfYXV0aF91c2VyX2JhY2tlbmQiOiJkamFuZ28uY29udHJpYi5hdXRoLmJhY2tlbmRzLk1vZGVsQmFja2VuZCIsIl9hdXRoX3VzZXJfaWQiOiIxIn0=', '2018-04-30 21:42:03.994515'),
('usi04gzd7lgnh3s8gkfmunxnbu9ut9li', 'MTcyNzAxYWViYzg0MTUwM2JjOGZjZDRmZjYwMjAxMzkxZjhiOGNlYTp7Il9hdXRoX3VzZXJfaGFzaCI6Ijc2MjEwNWQwMGFlZDgyYzY0YTBmMDEyNjdjYzVhZjRhMmU2MTcwNmMiLCJfYXV0aF91c2VyX2JhY2tlbmQiOiJkamFuZ28uY29udHJpYi5hdXRoLmJhY2tlbmRzLk1vZGVsQmFja2VuZCIsIl9hdXRoX3VzZXJfaWQiOiIxIn0=', '2018-04-30 19:57:04.515584'),
('usrbiw39nt7h70kq0hs45p6uj0r46pn7', 'MTcyNzAxYWViYzg0MTUwM2JjOGZjZDRmZjYwMjAxMzkxZjhiOGNlYTp7Il9hdXRoX3VzZXJfaGFzaCI6Ijc2MjEwNWQwMGFlZDgyYzY0YTBmMDEyNjdjYzVhZjRhMmU2MTcwNmMiLCJfYXV0aF91c2VyX2JhY2tlbmQiOiJkamFuZ28uY29udHJpYi5hdXRoLmJhY2tlbmRzLk1vZGVsQmFja2VuZCIsIl9hdXRoX3VzZXJfaWQiOiIxIn0=', '2018-05-31 05:48:04.588653'),
('utshd8fb4871hg8pw7qlqxhv8x8tvfiw', 'MTcyNzAxYWViYzg0MTUwM2JjOGZjZDRmZjYwMjAxMzkxZjhiOGNlYTp7Il9hdXRoX3VzZXJfaGFzaCI6Ijc2MjEwNWQwMGFlZDgyYzY0YTBmMDEyNjdjYzVhZjRhMmU2MTcwNmMiLCJfYXV0aF91c2VyX2JhY2tlbmQiOiJkamFuZ28uY29udHJpYi5hdXRoLmJhY2tlbmRzLk1vZGVsQmFja2VuZCIsIl9hdXRoX3VzZXJfaWQiOiIxIn0=', '2018-05-31 18:01:54.951421'),
('uvn0gnmo3gpj13bkabqr5iqy3owieb1k', 'MTcyNzAxYWViYzg0MTUwM2JjOGZjZDRmZjYwMjAxMzkxZjhiOGNlYTp7Il9hdXRoX3VzZXJfaGFzaCI6Ijc2MjEwNWQwMGFlZDgyYzY0YTBmMDEyNjdjYzVhZjRhMmU2MTcwNmMiLCJfYXV0aF91c2VyX2JhY2tlbmQiOiJkamFuZ28uY29udHJpYi5hdXRoLmJhY2tlbmRzLk1vZGVsQmFja2VuZCIsIl9hdXRoX3VzZXJfaWQiOiIxIn0=', '2018-05-01 03:21:38.200080'),
('uw625upxz6q56demxt9lt692z00s82jp', 'MTcyNzAxYWViYzg0MTUwM2JjOGZjZDRmZjYwMjAxMzkxZjhiOGNlYTp7Il9hdXRoX3VzZXJfaGFzaCI6Ijc2MjEwNWQwMGFlZDgyYzY0YTBmMDEyNjdjYzVhZjRhMmU2MTcwNmMiLCJfYXV0aF91c2VyX2JhY2tlbmQiOiJkamFuZ28uY29udHJpYi5hdXRoLmJhY2tlbmRzLk1vZGVsQmFja2VuZCIsIl9hdXRoX3VzZXJfaWQiOiIxIn0=', '2018-05-31 18:30:57.102140'),
('uwsbvvrojyd4em8gai868qv648vl5jsi', 'MTcyNzAxYWViYzg0MTUwM2JjOGZjZDRmZjYwMjAxMzkxZjhiOGNlYTp7Il9hdXRoX3VzZXJfaGFzaCI6Ijc2MjEwNWQwMGFlZDgyYzY0YTBmMDEyNjdjYzVhZjRhMmU2MTcwNmMiLCJfYXV0aF91c2VyX2JhY2tlbmQiOiJkamFuZ28uY29udHJpYi5hdXRoLmJhY2tlbmRzLk1vZGVsQmFja2VuZCIsIl9hdXRoX3VzZXJfaWQiOiIxIn0=', '2018-05-01 03:27:05.550118'),
('uxce37l7hhrf8tg37vn2zn66035wcews', 'MTcyNzAxYWViYzg0MTUwM2JjOGZjZDRmZjYwMjAxMzkxZjhiOGNlYTp7Il9hdXRoX3VzZXJfaGFzaCI6Ijc2MjEwNWQwMGFlZDgyYzY0YTBmMDEyNjdjYzVhZjRhMmU2MTcwNmMiLCJfYXV0aF91c2VyX2JhY2tlbmQiOiJkamFuZ28uY29udHJpYi5hdXRoLmJhY2tlbmRzLk1vZGVsQmFja2VuZCIsIl9hdXRoX3VzZXJfaWQiOiIxIn0=', '2018-05-31 04:54:18.812236'),
('uxr4uer8ayits797wzcsyuuplvc0nb0p', 'MTcyNzAxYWViYzg0MTUwM2JjOGZjZDRmZjYwMjAxMzkxZjhiOGNlYTp7Il9hdXRoX3VzZXJfaGFzaCI6Ijc2MjEwNWQwMGFlZDgyYzY0YTBmMDEyNjdjYzVhZjRhMmU2MTcwNmMiLCJfYXV0aF91c2VyX2JhY2tlbmQiOiJkamFuZ28uY29udHJpYi5hdXRoLmJhY2tlbmRzLk1vZGVsQmFja2VuZCIsIl9hdXRoX3VzZXJfaWQiOiIxIn0=', '2018-04-30 20:56:17.802756'),
('uy5mrmp834xgb65eszz17pmpz9usrnec', 'MTcyNzAxYWViYzg0MTUwM2JjOGZjZDRmZjYwMjAxMzkxZjhiOGNlYTp7Il9hdXRoX3VzZXJfaGFzaCI6Ijc2MjEwNWQwMGFlZDgyYzY0YTBmMDEyNjdjYzVhZjRhMmU2MTcwNmMiLCJfYXV0aF91c2VyX2JhY2tlbmQiOiJkamFuZ28uY29udHJpYi5hdXRoLmJhY2tlbmRzLk1vZGVsQmFja2VuZCIsIl9hdXRoX3VzZXJfaWQiOiIxIn0=', '2018-05-30 21:06:37.744880');
INSERT INTO `django_session` (`session_key`, `session_data`, `expire_date`) VALUES
('uygd85kf3a82q9dtnlurdgegijfl3ai6', 'MTcyNzAxYWViYzg0MTUwM2JjOGZjZDRmZjYwMjAxMzkxZjhiOGNlYTp7Il9hdXRoX3VzZXJfaGFzaCI6Ijc2MjEwNWQwMGFlZDgyYzY0YTBmMDEyNjdjYzVhZjRhMmU2MTcwNmMiLCJfYXV0aF91c2VyX2JhY2tlbmQiOiJkamFuZ28uY29udHJpYi5hdXRoLmJhY2tlbmRzLk1vZGVsQmFja2VuZCIsIl9hdXRoX3VzZXJfaWQiOiIxIn0=', '2018-05-30 21:16:50.323669'),
('uz5xz3piajxa9yryi4eyvvkgo19hmkk3', 'MTcyNzAxYWViYzg0MTUwM2JjOGZjZDRmZjYwMjAxMzkxZjhiOGNlYTp7Il9hdXRoX3VzZXJfaGFzaCI6Ijc2MjEwNWQwMGFlZDgyYzY0YTBmMDEyNjdjYzVhZjRhMmU2MTcwNmMiLCJfYXV0aF91c2VyX2JhY2tlbmQiOiJkamFuZ28uY29udHJpYi5hdXRoLmJhY2tlbmRzLk1vZGVsQmFja2VuZCIsIl9hdXRoX3VzZXJfaWQiOiIxIn0=', '2018-05-31 18:19:27.766161'),
('uzwps2tw6g8t8eyxh8k0jme0jvs9wa1n', 'MTcyNzAxYWViYzg0MTUwM2JjOGZjZDRmZjYwMjAxMzkxZjhiOGNlYTp7Il9hdXRoX3VzZXJfaGFzaCI6Ijc2MjEwNWQwMGFlZDgyYzY0YTBmMDEyNjdjYzVhZjRhMmU2MTcwNmMiLCJfYXV0aF91c2VyX2JhY2tlbmQiOiJkamFuZ28uY29udHJpYi5hdXRoLmJhY2tlbmRzLk1vZGVsQmFja2VuZCIsIl9hdXRoX3VzZXJfaWQiOiIxIn0=', '2018-05-01 03:31:05.180589'),
('v19c79p6oc7dt5kxwsu244qukgc06s9s', 'MTcyNzAxYWViYzg0MTUwM2JjOGZjZDRmZjYwMjAxMzkxZjhiOGNlYTp7Il9hdXRoX3VzZXJfaGFzaCI6Ijc2MjEwNWQwMGFlZDgyYzY0YTBmMDEyNjdjYzVhZjRhMmU2MTcwNmMiLCJfYXV0aF91c2VyX2JhY2tlbmQiOiJkamFuZ28uY29udHJpYi5hdXRoLmJhY2tlbmRzLk1vZGVsQmFja2VuZCIsIl9hdXRoX3VzZXJfaWQiOiIxIn0=', '2018-04-04 18:10:19.954199'),
('v1bj0v2wxfxrr2m7qw2dqayj3svkt45u', 'MTcyNzAxYWViYzg0MTUwM2JjOGZjZDRmZjYwMjAxMzkxZjhiOGNlYTp7Il9hdXRoX3VzZXJfaGFzaCI6Ijc2MjEwNWQwMGFlZDgyYzY0YTBmMDEyNjdjYzVhZjRhMmU2MTcwNmMiLCJfYXV0aF91c2VyX2JhY2tlbmQiOiJkamFuZ28uY29udHJpYi5hdXRoLmJhY2tlbmRzLk1vZGVsQmFja2VuZCIsIl9hdXRoX3VzZXJfaWQiOiIxIn0=', '2018-04-30 20:36:50.114185'),
('v1gzr5y1grf88fjqlmh55kkmzaepgww3', 'MTcyNzAxYWViYzg0MTUwM2JjOGZjZDRmZjYwMjAxMzkxZjhiOGNlYTp7Il9hdXRoX3VzZXJfaGFzaCI6Ijc2MjEwNWQwMGFlZDgyYzY0YTBmMDEyNjdjYzVhZjRhMmU2MTcwNmMiLCJfYXV0aF91c2VyX2JhY2tlbmQiOiJkamFuZ28uY29udHJpYi5hdXRoLmJhY2tlbmRzLk1vZGVsQmFja2VuZCIsIl9hdXRoX3VzZXJfaWQiOiIxIn0=', '2018-05-31 17:12:44.323823'),
('v1z67is4f92opc20cz8m4r6eo6is9kou', 'MTcyNzAxYWViYzg0MTUwM2JjOGZjZDRmZjYwMjAxMzkxZjhiOGNlYTp7Il9hdXRoX3VzZXJfaGFzaCI6Ijc2MjEwNWQwMGFlZDgyYzY0YTBmMDEyNjdjYzVhZjRhMmU2MTcwNmMiLCJfYXV0aF91c2VyX2JhY2tlbmQiOiJkamFuZ28uY29udHJpYi5hdXRoLmJhY2tlbmRzLk1vZGVsQmFja2VuZCIsIl9hdXRoX3VzZXJfaWQiOiIxIn0=', '2018-05-31 03:40:42.973435'),
('v2cxxl5hinw2zj7lbwyk0j4qdn7tz0gb', 'MTcyNzAxYWViYzg0MTUwM2JjOGZjZDRmZjYwMjAxMzkxZjhiOGNlYTp7Il9hdXRoX3VzZXJfaGFzaCI6Ijc2MjEwNWQwMGFlZDgyYzY0YTBmMDEyNjdjYzVhZjRhMmU2MTcwNmMiLCJfYXV0aF91c2VyX2JhY2tlbmQiOiJkamFuZ28uY29udHJpYi5hdXRoLmJhY2tlbmRzLk1vZGVsQmFja2VuZCIsIl9hdXRoX3VzZXJfaWQiOiIxIn0=', '2018-04-30 20:55:25.344158'),
('v2hsqjc9t4zf5i4clnb7htl4aevofq9o', 'MTcyNzAxYWViYzg0MTUwM2JjOGZjZDRmZjYwMjAxMzkxZjhiOGNlYTp7Il9hdXRoX3VzZXJfaGFzaCI6Ijc2MjEwNWQwMGFlZDgyYzY0YTBmMDEyNjdjYzVhZjRhMmU2MTcwNmMiLCJfYXV0aF91c2VyX2JhY2tlbmQiOiJkamFuZ28uY29udHJpYi5hdXRoLmJhY2tlbmRzLk1vZGVsQmFja2VuZCIsIl9hdXRoX3VzZXJfaWQiOiIxIn0=', '2018-04-30 20:25:58.560288'),
('v2p7ap2d2h3pdwfzr11g3ehnrat4z0ja', 'MTcyNzAxYWViYzg0MTUwM2JjOGZjZDRmZjYwMjAxMzkxZjhiOGNlYTp7Il9hdXRoX3VzZXJfaGFzaCI6Ijc2MjEwNWQwMGFlZDgyYzY0YTBmMDEyNjdjYzVhZjRhMmU2MTcwNmMiLCJfYXV0aF91c2VyX2JhY2tlbmQiOiJkamFuZ28uY29udHJpYi5hdXRoLmJhY2tlbmRzLk1vZGVsQmFja2VuZCIsIl9hdXRoX3VzZXJfaWQiOiIxIn0=', '2018-05-31 05:49:27.493054'),
('v2q0mzynoqw4zl1kgy1yl2vqxpa1m194', 'MTcyNzAxYWViYzg0MTUwM2JjOGZjZDRmZjYwMjAxMzkxZjhiOGNlYTp7Il9hdXRoX3VzZXJfaGFzaCI6Ijc2MjEwNWQwMGFlZDgyYzY0YTBmMDEyNjdjYzVhZjRhMmU2MTcwNmMiLCJfYXV0aF91c2VyX2JhY2tlbmQiOiJkamFuZ28uY29udHJpYi5hdXRoLmJhY2tlbmRzLk1vZGVsQmFja2VuZCIsIl9hdXRoX3VzZXJfaWQiOiIxIn0=', '2018-05-01 03:49:00.531979'),
('v5m28l75h36608chldq77nsfpcly362i', 'MTcyNzAxYWViYzg0MTUwM2JjOGZjZDRmZjYwMjAxMzkxZjhiOGNlYTp7Il9hdXRoX3VzZXJfaGFzaCI6Ijc2MjEwNWQwMGFlZDgyYzY0YTBmMDEyNjdjYzVhZjRhMmU2MTcwNmMiLCJfYXV0aF91c2VyX2JhY2tlbmQiOiJkamFuZ28uY29udHJpYi5hdXRoLmJhY2tlbmRzLk1vZGVsQmFja2VuZCIsIl9hdXRoX3VzZXJfaWQiOiIxIn0=', '2018-05-31 18:05:27.294280'),
('v60qemo18v7n7ov95s909yx2jd7keaut', 'MTcyNzAxYWViYzg0MTUwM2JjOGZjZDRmZjYwMjAxMzkxZjhiOGNlYTp7Il9hdXRoX3VzZXJfaGFzaCI6Ijc2MjEwNWQwMGFlZDgyYzY0YTBmMDEyNjdjYzVhZjRhMmU2MTcwNmMiLCJfYXV0aF91c2VyX2JhY2tlbmQiOiJkamFuZ28uY29udHJpYi5hdXRoLmJhY2tlbmRzLk1vZGVsQmFja2VuZCIsIl9hdXRoX3VzZXJfaWQiOiIxIn0=', '2018-05-30 21:32:10.065278'),
('v6i5lyf0oh67knyb3oremqz3y4u2h2c7', 'MTcyNzAxYWViYzg0MTUwM2JjOGZjZDRmZjYwMjAxMzkxZjhiOGNlYTp7Il9hdXRoX3VzZXJfaGFzaCI6Ijc2MjEwNWQwMGFlZDgyYzY0YTBmMDEyNjdjYzVhZjRhMmU2MTcwNmMiLCJfYXV0aF91c2VyX2JhY2tlbmQiOiJkamFuZ28uY29udHJpYi5hdXRoLmJhY2tlbmRzLk1vZGVsQmFja2VuZCIsIl9hdXRoX3VzZXJfaWQiOiIxIn0=', '2018-05-31 16:29:31.594289'),
('v79y4xcmgw5a5n5hzmmpctm1epsxxgcr', 'MTcyNzAxYWViYzg0MTUwM2JjOGZjZDRmZjYwMjAxMzkxZjhiOGNlYTp7Il9hdXRoX3VzZXJfaGFzaCI6Ijc2MjEwNWQwMGFlZDgyYzY0YTBmMDEyNjdjYzVhZjRhMmU2MTcwNmMiLCJfYXV0aF91c2VyX2JhY2tlbmQiOiJkamFuZ28uY29udHJpYi5hdXRoLmJhY2tlbmRzLk1vZGVsQmFja2VuZCIsIl9hdXRoX3VzZXJfaWQiOiIxIn0=', '2018-05-31 16:29:48.318487'),
('v91e7peg1c7inog7hhq9z5wng4qi7g9g', 'MTcyNzAxYWViYzg0MTUwM2JjOGZjZDRmZjYwMjAxMzkxZjhiOGNlYTp7Il9hdXRoX3VzZXJfaGFzaCI6Ijc2MjEwNWQwMGFlZDgyYzY0YTBmMDEyNjdjYzVhZjRhMmU2MTcwNmMiLCJfYXV0aF91c2VyX2JhY2tlbmQiOiJkamFuZ28uY29udHJpYi5hdXRoLmJhY2tlbmRzLk1vZGVsQmFja2VuZCIsIl9hdXRoX3VzZXJfaWQiOiIxIn0=', '2018-05-31 17:02:16.271008'),
('vbv3t1qnrrdnymuclvchak12c2irltma', 'MTcyNzAxYWViYzg0MTUwM2JjOGZjZDRmZjYwMjAxMzkxZjhiOGNlYTp7Il9hdXRoX3VzZXJfaGFzaCI6Ijc2MjEwNWQwMGFlZDgyYzY0YTBmMDEyNjdjYzVhZjRhMmU2MTcwNmMiLCJfYXV0aF91c2VyX2JhY2tlbmQiOiJkamFuZ28uY29udHJpYi5hdXRoLmJhY2tlbmRzLk1vZGVsQmFja2VuZCIsIl9hdXRoX3VzZXJfaWQiOiIxIn0=', '2018-05-18 17:18:32.705266'),
('vc1eor1t3y4l8vne4rifb5vnuhtdrkxg', 'MTcyNzAxYWViYzg0MTUwM2JjOGZjZDRmZjYwMjAxMzkxZjhiOGNlYTp7Il9hdXRoX3VzZXJfaGFzaCI6Ijc2MjEwNWQwMGFlZDgyYzY0YTBmMDEyNjdjYzVhZjRhMmU2MTcwNmMiLCJfYXV0aF91c2VyX2JhY2tlbmQiOiJkamFuZ28uY29udHJpYi5hdXRoLmJhY2tlbmRzLk1vZGVsQmFja2VuZCIsIl9hdXRoX3VzZXJfaWQiOiIxIn0=', '2018-05-30 21:37:01.742880'),
('vcfwbk1irgeizastpv78be8q1n3z4wdy', 'MTcyNzAxYWViYzg0MTUwM2JjOGZjZDRmZjYwMjAxMzkxZjhiOGNlYTp7Il9hdXRoX3VzZXJfaGFzaCI6Ijc2MjEwNWQwMGFlZDgyYzY0YTBmMDEyNjdjYzVhZjRhMmU2MTcwNmMiLCJfYXV0aF91c2VyX2JhY2tlbmQiOiJkamFuZ28uY29udHJpYi5hdXRoLmJhY2tlbmRzLk1vZGVsQmFja2VuZCIsIl9hdXRoX3VzZXJfaWQiOiIxIn0=', '2018-05-31 05:50:28.841851'),
('vcvjc9ie2i1btqa6uu7b246ks4o8zfwh', 'MTcyNzAxYWViYzg0MTUwM2JjOGZjZDRmZjYwMjAxMzkxZjhiOGNlYTp7Il9hdXRoX3VzZXJfaGFzaCI6Ijc2MjEwNWQwMGFlZDgyYzY0YTBmMDEyNjdjYzVhZjRhMmU2MTcwNmMiLCJfYXV0aF91c2VyX2JhY2tlbmQiOiJkamFuZ28uY29udHJpYi5hdXRoLmJhY2tlbmRzLk1vZGVsQmFja2VuZCIsIl9hdXRoX3VzZXJfaWQiOiIxIn0=', '2018-05-01 03:33:13.069300'),
('veeyuem44v9rlxz6e6bgsf6r08iz30fl', 'MTcyNzAxYWViYzg0MTUwM2JjOGZjZDRmZjYwMjAxMzkxZjhiOGNlYTp7Il9hdXRoX3VzZXJfaGFzaCI6Ijc2MjEwNWQwMGFlZDgyYzY0YTBmMDEyNjdjYzVhZjRhMmU2MTcwNmMiLCJfYXV0aF91c2VyX2JhY2tlbmQiOiJkamFuZ28uY29udHJpYi5hdXRoLmJhY2tlbmRzLk1vZGVsQmFja2VuZCIsIl9hdXRoX3VzZXJfaWQiOiIxIn0=', '2018-05-31 05:15:33.368676'),
('vfci9973x60pldc60zbhw1b4ix44c5ai', 'MTcyNzAxYWViYzg0MTUwM2JjOGZjZDRmZjYwMjAxMzkxZjhiOGNlYTp7Il9hdXRoX3VzZXJfaGFzaCI6Ijc2MjEwNWQwMGFlZDgyYzY0YTBmMDEyNjdjYzVhZjRhMmU2MTcwNmMiLCJfYXV0aF91c2VyX2JhY2tlbmQiOiJkamFuZ28uY29udHJpYi5hdXRoLmJhY2tlbmRzLk1vZGVsQmFja2VuZCIsIl9hdXRoX3VzZXJfaWQiOiIxIn0=', '2018-05-31 04:43:33.103573'),
('vh236cqeg87fqqt12qpk8qqf72ij9m7u', 'MTcyNzAxYWViYzg0MTUwM2JjOGZjZDRmZjYwMjAxMzkxZjhiOGNlYTp7Il9hdXRoX3VzZXJfaGFzaCI6Ijc2MjEwNWQwMGFlZDgyYzY0YTBmMDEyNjdjYzVhZjRhMmU2MTcwNmMiLCJfYXV0aF91c2VyX2JhY2tlbmQiOiJkamFuZ28uY29udHJpYi5hdXRoLmJhY2tlbmRzLk1vZGVsQmFja2VuZCIsIl9hdXRoX3VzZXJfaWQiOiIxIn0=', '2018-04-30 20:44:04.365633'),
('vhk9s53kb27y7uorpxkjdczxjn0xz8jv', 'MTcyNzAxYWViYzg0MTUwM2JjOGZjZDRmZjYwMjAxMzkxZjhiOGNlYTp7Il9hdXRoX3VzZXJfaGFzaCI6Ijc2MjEwNWQwMGFlZDgyYzY0YTBmMDEyNjdjYzVhZjRhMmU2MTcwNmMiLCJfYXV0aF91c2VyX2JhY2tlbmQiOiJkamFuZ28uY29udHJpYi5hdXRoLmJhY2tlbmRzLk1vZGVsQmFja2VuZCIsIl9hdXRoX3VzZXJfaWQiOiIxIn0=', '2018-05-18 17:54:56.144778'),
('vhn1estn5l1ndf04ru8hd0ll1tpibxhz', 'MTcyNzAxYWViYzg0MTUwM2JjOGZjZDRmZjYwMjAxMzkxZjhiOGNlYTp7Il9hdXRoX3VzZXJfaGFzaCI6Ijc2MjEwNWQwMGFlZDgyYzY0YTBmMDEyNjdjYzVhZjRhMmU2MTcwNmMiLCJfYXV0aF91c2VyX2JhY2tlbmQiOiJkamFuZ28uY29udHJpYi5hdXRoLmJhY2tlbmRzLk1vZGVsQmFja2VuZCIsIl9hdXRoX3VzZXJfaWQiOiIxIn0=', '2018-05-31 05:32:11.674392'),
('vhtpg51ahohaiig50y7lwtr4k3s9vujq', 'MTcyNzAxYWViYzg0MTUwM2JjOGZjZDRmZjYwMjAxMzkxZjhiOGNlYTp7Il9hdXRoX3VzZXJfaGFzaCI6Ijc2MjEwNWQwMGFlZDgyYzY0YTBmMDEyNjdjYzVhZjRhMmU2MTcwNmMiLCJfYXV0aF91c2VyX2JhY2tlbmQiOiJkamFuZ28uY29udHJpYi5hdXRoLmJhY2tlbmRzLk1vZGVsQmFja2VuZCIsIl9hdXRoX3VzZXJfaWQiOiIxIn0=', '2018-05-31 17:30:20.032639'),
('vidwixv9x6dz57hzap1sjum3mdfa0y0v', 'MTcyNzAxYWViYzg0MTUwM2JjOGZjZDRmZjYwMjAxMzkxZjhiOGNlYTp7Il9hdXRoX3VzZXJfaGFzaCI6Ijc2MjEwNWQwMGFlZDgyYzY0YTBmMDEyNjdjYzVhZjRhMmU2MTcwNmMiLCJfYXV0aF91c2VyX2JhY2tlbmQiOiJkamFuZ28uY29udHJpYi5hdXRoLmJhY2tlbmRzLk1vZGVsQmFja2VuZCIsIl9hdXRoX3VzZXJfaWQiOiIxIn0=', '2018-05-31 05:49:06.581794'),
('vj5kt4tahog0u6gdfvm963dfjp52u864', 'MTcyNzAxYWViYzg0MTUwM2JjOGZjZDRmZjYwMjAxMzkxZjhiOGNlYTp7Il9hdXRoX3VzZXJfaGFzaCI6Ijc2MjEwNWQwMGFlZDgyYzY0YTBmMDEyNjdjYzVhZjRhMmU2MTcwNmMiLCJfYXV0aF91c2VyX2JhY2tlbmQiOiJkamFuZ28uY29udHJpYi5hdXRoLmJhY2tlbmRzLk1vZGVsQmFja2VuZCIsIl9hdXRoX3VzZXJfaWQiOiIxIn0=', '2018-04-30 20:10:08.517864'),
('vl8zqhwypzvoo58x8k4r72136vsrpsid', 'MTcyNzAxYWViYzg0MTUwM2JjOGZjZDRmZjYwMjAxMzkxZjhiOGNlYTp7Il9hdXRoX3VzZXJfaGFzaCI6Ijc2MjEwNWQwMGFlZDgyYzY0YTBmMDEyNjdjYzVhZjRhMmU2MTcwNmMiLCJfYXV0aF91c2VyX2JhY2tlbmQiOiJkamFuZ28uY29udHJpYi5hdXRoLmJhY2tlbmRzLk1vZGVsQmFja2VuZCIsIl9hdXRoX3VzZXJfaWQiOiIxIn0=', '2018-04-30 22:07:21.825361'),
('vljuy80zwsyhdp5hnpqgqwdtuizzbb56', 'MTcyNzAxYWViYzg0MTUwM2JjOGZjZDRmZjYwMjAxMzkxZjhiOGNlYTp7Il9hdXRoX3VzZXJfaGFzaCI6Ijc2MjEwNWQwMGFlZDgyYzY0YTBmMDEyNjdjYzVhZjRhMmU2MTcwNmMiLCJfYXV0aF91c2VyX2JhY2tlbmQiOiJkamFuZ28uY29udHJpYi5hdXRoLmJhY2tlbmRzLk1vZGVsQmFja2VuZCIsIl9hdXRoX3VzZXJfaWQiOiIxIn0=', '2018-04-30 20:35:55.444671'),
('vmdbhhkoygwjq24gme9ansb1qcibg67z', 'MTcyNzAxYWViYzg0MTUwM2JjOGZjZDRmZjYwMjAxMzkxZjhiOGNlYTp7Il9hdXRoX3VzZXJfaGFzaCI6Ijc2MjEwNWQwMGFlZDgyYzY0YTBmMDEyNjdjYzVhZjRhMmU2MTcwNmMiLCJfYXV0aF91c2VyX2JhY2tlbmQiOiJkamFuZ28uY29udHJpYi5hdXRoLmJhY2tlbmRzLk1vZGVsQmFja2VuZCIsIl9hdXRoX3VzZXJfaWQiOiIxIn0=', '2018-05-31 05:05:54.643610'),
('vml27ilwkz8s6w1bcgwma9dgi1rwglny', 'MTcyNzAxYWViYzg0MTUwM2JjOGZjZDRmZjYwMjAxMzkxZjhiOGNlYTp7Il9hdXRoX3VzZXJfaGFzaCI6Ijc2MjEwNWQwMGFlZDgyYzY0YTBmMDEyNjdjYzVhZjRhMmU2MTcwNmMiLCJfYXV0aF91c2VyX2JhY2tlbmQiOiJkamFuZ28uY29udHJpYi5hdXRoLmJhY2tlbmRzLk1vZGVsQmFja2VuZCIsIl9hdXRoX3VzZXJfaWQiOiIxIn0=', '2018-04-30 20:42:27.099502'),
('vmq9nsyymqlpjgsnrnkuby0lrsnsl1s6', 'MTcyNzAxYWViYzg0MTUwM2JjOGZjZDRmZjYwMjAxMzkxZjhiOGNlYTp7Il9hdXRoX3VzZXJfaGFzaCI6Ijc2MjEwNWQwMGFlZDgyYzY0YTBmMDEyNjdjYzVhZjRhMmU2MTcwNmMiLCJfYXV0aF91c2VyX2JhY2tlbmQiOiJkamFuZ28uY29udHJpYi5hdXRoLmJhY2tlbmRzLk1vZGVsQmFja2VuZCIsIl9hdXRoX3VzZXJfaWQiOiIxIn0=', '2018-04-23 07:17:46.368198'),
('vpn1tq1exb2om5ndrja4l3ciphow6olw', 'MTcyNzAxYWViYzg0MTUwM2JjOGZjZDRmZjYwMjAxMzkxZjhiOGNlYTp7Il9hdXRoX3VzZXJfaGFzaCI6Ijc2MjEwNWQwMGFlZDgyYzY0YTBmMDEyNjdjYzVhZjRhMmU2MTcwNmMiLCJfYXV0aF91c2VyX2JhY2tlbmQiOiJkamFuZ28uY29udHJpYi5hdXRoLmJhY2tlbmRzLk1vZGVsQmFja2VuZCIsIl9hdXRoX3VzZXJfaWQiOiIxIn0=', '2018-05-01 03:21:58.667235'),
('vqlnegnful4jlqlyzfci73dzgp0pha0i', 'MTcyNzAxYWViYzg0MTUwM2JjOGZjZDRmZjYwMjAxMzkxZjhiOGNlYTp7Il9hdXRoX3VzZXJfaGFzaCI6Ijc2MjEwNWQwMGFlZDgyYzY0YTBmMDEyNjdjYzVhZjRhMmU2MTcwNmMiLCJfYXV0aF91c2VyX2JhY2tlbmQiOiJkamFuZ28uY29udHJpYi5hdXRoLmJhY2tlbmRzLk1vZGVsQmFja2VuZCIsIl9hdXRoX3VzZXJfaWQiOiIxIn0=', '2018-05-18 17:54:46.323906'),
('vqymyxxtfjzkknzyxofoe1dfvnooybeq', 'MTcyNzAxYWViYzg0MTUwM2JjOGZjZDRmZjYwMjAxMzkxZjhiOGNlYTp7Il9hdXRoX3VzZXJfaGFzaCI6Ijc2MjEwNWQwMGFlZDgyYzY0YTBmMDEyNjdjYzVhZjRhMmU2MTcwNmMiLCJfYXV0aF91c2VyX2JhY2tlbmQiOiJkamFuZ28uY29udHJpYi5hdXRoLmJhY2tlbmRzLk1vZGVsQmFja2VuZCIsIl9hdXRoX3VzZXJfaWQiOiIxIn0=', '2018-04-30 20:00:15.524412'),
('vueq7o4otuunlldmzjqemcha9hbsal0k', 'MTcyNzAxYWViYzg0MTUwM2JjOGZjZDRmZjYwMjAxMzkxZjhiOGNlYTp7Il9hdXRoX3VzZXJfaGFzaCI6Ijc2MjEwNWQwMGFlZDgyYzY0YTBmMDEyNjdjYzVhZjRhMmU2MTcwNmMiLCJfYXV0aF91c2VyX2JhY2tlbmQiOiJkamFuZ28uY29udHJpYi5hdXRoLmJhY2tlbmRzLk1vZGVsQmFja2VuZCIsIl9hdXRoX3VzZXJfaWQiOiIxIn0=', '2018-05-31 04:53:48.526023'),
('vv7dswm5vd3gwhi0cqi1v3w4a0wi2prg', 'MTcyNzAxYWViYzg0MTUwM2JjOGZjZDRmZjYwMjAxMzkxZjhiOGNlYTp7Il9hdXRoX3VzZXJfaGFzaCI6Ijc2MjEwNWQwMGFlZDgyYzY0YTBmMDEyNjdjYzVhZjRhMmU2MTcwNmMiLCJfYXV0aF91c2VyX2JhY2tlbmQiOiJkamFuZ28uY29udHJpYi5hdXRoLmJhY2tlbmRzLk1vZGVsQmFja2VuZCIsIl9hdXRoX3VzZXJfaWQiOiIxIn0=', '2018-05-30 21:36:14.406244'),
('vvbvh9udro6d0tdtcw6hf1fipguas6k8', 'MTcyNzAxYWViYzg0MTUwM2JjOGZjZDRmZjYwMjAxMzkxZjhiOGNlYTp7Il9hdXRoX3VzZXJfaGFzaCI6Ijc2MjEwNWQwMGFlZDgyYzY0YTBmMDEyNjdjYzVhZjRhMmU2MTcwNmMiLCJfYXV0aF91c2VyX2JhY2tlbmQiOiJkamFuZ28uY29udHJpYi5hdXRoLmJhY2tlbmRzLk1vZGVsQmFja2VuZCIsIl9hdXRoX3VzZXJfaWQiOiIxIn0=', '2018-04-30 20:11:21.531421'),
('vvkurilftir6ev5dv9vxt6kxbai87q6s', 'MTcyNzAxYWViYzg0MTUwM2JjOGZjZDRmZjYwMjAxMzkxZjhiOGNlYTp7Il9hdXRoX3VzZXJfaGFzaCI6Ijc2MjEwNWQwMGFlZDgyYzY0YTBmMDEyNjdjYzVhZjRhMmU2MTcwNmMiLCJfYXV0aF91c2VyX2JhY2tlbmQiOiJkamFuZ28uY29udHJpYi5hdXRoLmJhY2tlbmRzLk1vZGVsQmFja2VuZCIsIl9hdXRoX3VzZXJfaWQiOiIxIn0=', '2018-05-30 21:07:05.303449'),
('vvydvss67wudv0ms6wjcd2vizqvibii8', 'MTcyNzAxYWViYzg0MTUwM2JjOGZjZDRmZjYwMjAxMzkxZjhiOGNlYTp7Il9hdXRoX3VzZXJfaGFzaCI6Ijc2MjEwNWQwMGFlZDgyYzY0YTBmMDEyNjdjYzVhZjRhMmU2MTcwNmMiLCJfYXV0aF91c2VyX2JhY2tlbmQiOiJkamFuZ28uY29udHJpYi5hdXRoLmJhY2tlbmRzLk1vZGVsQmFja2VuZCIsIl9hdXRoX3VzZXJfaWQiOiIxIn0=', '2018-05-31 05:13:54.895490'),
('vw1uasciejdjxmudk5hnsxkreppmg3j8', 'MTcyNzAxYWViYzg0MTUwM2JjOGZjZDRmZjYwMjAxMzkxZjhiOGNlYTp7Il9hdXRoX3VzZXJfaGFzaCI6Ijc2MjEwNWQwMGFlZDgyYzY0YTBmMDEyNjdjYzVhZjRhMmU2MTcwNmMiLCJfYXV0aF91c2VyX2JhY2tlbmQiOiJkamFuZ28uY29udHJpYi5hdXRoLmJhY2tlbmRzLk1vZGVsQmFja2VuZCIsIl9hdXRoX3VzZXJfaWQiOiIxIn0=', '2018-04-04 18:10:44.751808'),
('vweapo1e1sv435c58ppit6a5x4qqu4zf', 'MTcyNzAxYWViYzg0MTUwM2JjOGZjZDRmZjYwMjAxMzkxZjhiOGNlYTp7Il9hdXRoX3VzZXJfaGFzaCI6Ijc2MjEwNWQwMGFlZDgyYzY0YTBmMDEyNjdjYzVhZjRhMmU2MTcwNmMiLCJfYXV0aF91c2VyX2JhY2tlbmQiOiJkamFuZ28uY29udHJpYi5hdXRoLmJhY2tlbmRzLk1vZGVsQmFja2VuZCIsIl9hdXRoX3VzZXJfaWQiOiIxIn0=', '2018-05-30 21:39:57.887884'),
('vx6vgdr2g3fg1gpth5bg13cax3qil5m1', 'MTcyNzAxYWViYzg0MTUwM2JjOGZjZDRmZjYwMjAxMzkxZjhiOGNlYTp7Il9hdXRoX3VzZXJfaGFzaCI6Ijc2MjEwNWQwMGFlZDgyYzY0YTBmMDEyNjdjYzVhZjRhMmU2MTcwNmMiLCJfYXV0aF91c2VyX2JhY2tlbmQiOiJkamFuZ28uY29udHJpYi5hdXRoLmJhY2tlbmRzLk1vZGVsQmFja2VuZCIsIl9hdXRoX3VzZXJfaWQiOiIxIn0=', '2018-04-04 04:13:22.142763'),
('vxefmn3yq5ygjnprwikoboiecs286nak', 'MTcyNzAxYWViYzg0MTUwM2JjOGZjZDRmZjYwMjAxMzkxZjhiOGNlYTp7Il9hdXRoX3VzZXJfaGFzaCI6Ijc2MjEwNWQwMGFlZDgyYzY0YTBmMDEyNjdjYzVhZjRhMmU2MTcwNmMiLCJfYXV0aF91c2VyX2JhY2tlbmQiOiJkamFuZ28uY29udHJpYi5hdXRoLmJhY2tlbmRzLk1vZGVsQmFja2VuZCIsIl9hdXRoX3VzZXJfaWQiOiIxIn0=', '2018-05-30 21:33:29.132691'),
('vxg986npnm1hj0xha1odnlq65q8hnp2v', 'MTcyNzAxYWViYzg0MTUwM2JjOGZjZDRmZjYwMjAxMzkxZjhiOGNlYTp7Il9hdXRoX3VzZXJfaGFzaCI6Ijc2MjEwNWQwMGFlZDgyYzY0YTBmMDEyNjdjYzVhZjRhMmU2MTcwNmMiLCJfYXV0aF91c2VyX2JhY2tlbmQiOiJkamFuZ28uY29udHJpYi5hdXRoLmJhY2tlbmRzLk1vZGVsQmFja2VuZCIsIl9hdXRoX3VzZXJfaWQiOiIxIn0=', '2018-04-30 22:07:46.929689'),
('vxqt4mtchbjr8h0jolb7mkby3xcm6k0p', 'MTcyNzAxYWViYzg0MTUwM2JjOGZjZDRmZjYwMjAxMzkxZjhiOGNlYTp7Il9hdXRoX3VzZXJfaGFzaCI6Ijc2MjEwNWQwMGFlZDgyYzY0YTBmMDEyNjdjYzVhZjRhMmU2MTcwNmMiLCJfYXV0aF91c2VyX2JhY2tlbmQiOiJkamFuZ28uY29udHJpYi5hdXRoLmJhY2tlbmRzLk1vZGVsQmFja2VuZCIsIl9hdXRoX3VzZXJfaWQiOiIxIn0=', '2018-05-31 04:18:22.563865'),
('vydene1adxd7o16ojxzs8maxdu9oowkq', 'MTcyNzAxYWViYzg0MTUwM2JjOGZjZDRmZjYwMjAxMzkxZjhiOGNlYTp7Il9hdXRoX3VzZXJfaGFzaCI6Ijc2MjEwNWQwMGFlZDgyYzY0YTBmMDEyNjdjYzVhZjRhMmU2MTcwNmMiLCJfYXV0aF91c2VyX2JhY2tlbmQiOiJkamFuZ28uY29udHJpYi5hdXRoLmJhY2tlbmRzLk1vZGVsQmFja2VuZCIsIl9hdXRoX3VzZXJfaWQiOiIxIn0=', '2018-04-30 21:49:49.671702'),
('vypr0reetmfmsftvep3gmzcb3wc2q2km', 'MTcyNzAxYWViYzg0MTUwM2JjOGZjZDRmZjYwMjAxMzkxZjhiOGNlYTp7Il9hdXRoX3VzZXJfaGFzaCI6Ijc2MjEwNWQwMGFlZDgyYzY0YTBmMDEyNjdjYzVhZjRhMmU2MTcwNmMiLCJfYXV0aF91c2VyX2JhY2tlbmQiOiJkamFuZ28uY29udHJpYi5hdXRoLmJhY2tlbmRzLk1vZGVsQmFja2VuZCIsIl9hdXRoX3VzZXJfaWQiOiIxIn0=', '2018-05-01 03:32:56.967523'),
('vyxm4p0ik8prsydo5msxwoq06l23bzry', 'MTcyNzAxYWViYzg0MTUwM2JjOGZjZDRmZjYwMjAxMzkxZjhiOGNlYTp7Il9hdXRoX3VzZXJfaGFzaCI6Ijc2MjEwNWQwMGFlZDgyYzY0YTBmMDEyNjdjYzVhZjRhMmU2MTcwNmMiLCJfYXV0aF91c2VyX2JhY2tlbmQiOiJkamFuZ28uY29udHJpYi5hdXRoLmJhY2tlbmRzLk1vZGVsQmFja2VuZCIsIl9hdXRoX3VzZXJfaWQiOiIxIn0=', '2018-05-31 17:29:07.510019'),
('vz1dhylfrofyqwzjuak8zhmjjfd4bnma', 'MTcyNzAxYWViYzg0MTUwM2JjOGZjZDRmZjYwMjAxMzkxZjhiOGNlYTp7Il9hdXRoX3VzZXJfaGFzaCI6Ijc2MjEwNWQwMGFlZDgyYzY0YTBmMDEyNjdjYzVhZjRhMmU2MTcwNmMiLCJfYXV0aF91c2VyX2JhY2tlbmQiOiJkamFuZ28uY29udHJpYi5hdXRoLmJhY2tlbmRzLk1vZGVsQmFja2VuZCIsIl9hdXRoX3VzZXJfaWQiOiIxIn0=', '2018-04-04 05:56:16.362321'),
('vzsvxlx3ij4yhtdg6704xy2y7ot418cv', 'MTcyNzAxYWViYzg0MTUwM2JjOGZjZDRmZjYwMjAxMzkxZjhiOGNlYTp7Il9hdXRoX3VzZXJfaGFzaCI6Ijc2MjEwNWQwMGFlZDgyYzY0YTBmMDEyNjdjYzVhZjRhMmU2MTcwNmMiLCJfYXV0aF91c2VyX2JhY2tlbmQiOiJkamFuZ28uY29udHJpYi5hdXRoLmJhY2tlbmRzLk1vZGVsQmFja2VuZCIsIl9hdXRoX3VzZXJfaWQiOiIxIn0=', '2018-05-01 03:26:42.370771'),
('vzt5a51tevwwjb5qsf1ngs62ygwolxia', 'MTcyNzAxYWViYzg0MTUwM2JjOGZjZDRmZjYwMjAxMzkxZjhiOGNlYTp7Il9hdXRoX3VzZXJfaGFzaCI6Ijc2MjEwNWQwMGFlZDgyYzY0YTBmMDEyNjdjYzVhZjRhMmU2MTcwNmMiLCJfYXV0aF91c2VyX2JhY2tlbmQiOiJkamFuZ28uY29udHJpYi5hdXRoLmJhY2tlbmRzLk1vZGVsQmFja2VuZCIsIl9hdXRoX3VzZXJfaWQiOiIxIn0=', '2018-04-30 20:36:11.799862'),
('w0e1vcuacy7udop8zy0x0js0dar727e3', 'MTcyNzAxYWViYzg0MTUwM2JjOGZjZDRmZjYwMjAxMzkxZjhiOGNlYTp7Il9hdXRoX3VzZXJfaGFzaCI6Ijc2MjEwNWQwMGFlZDgyYzY0YTBmMDEyNjdjYzVhZjRhMmU2MTcwNmMiLCJfYXV0aF91c2VyX2JhY2tlbmQiOiJkamFuZ28uY29udHJpYi5hdXRoLmJhY2tlbmRzLk1vZGVsQmFja2VuZCIsIl9hdXRoX3VzZXJfaWQiOiIxIn0=', '2018-04-30 22:02:48.764829'),
('w2apait0zfuyqzdzoevdsexanvixv62m', 'MTcyNzAxYWViYzg0MTUwM2JjOGZjZDRmZjYwMjAxMzkxZjhiOGNlYTp7Il9hdXRoX3VzZXJfaGFzaCI6Ijc2MjEwNWQwMGFlZDgyYzY0YTBmMDEyNjdjYzVhZjRhMmU2MTcwNmMiLCJfYXV0aF91c2VyX2JhY2tlbmQiOiJkamFuZ28uY29udHJpYi5hdXRoLmJhY2tlbmRzLk1vZGVsQmFja2VuZCIsIl9hdXRoX3VzZXJfaWQiOiIxIn0=', '2018-05-18 17:53:52.376810'),
('w35vmbtyo5h7fkzvvwfbt9aggrnjwg5s', 'MTcyNzAxYWViYzg0MTUwM2JjOGZjZDRmZjYwMjAxMzkxZjhiOGNlYTp7Il9hdXRoX3VzZXJfaGFzaCI6Ijc2MjEwNWQwMGFlZDgyYzY0YTBmMDEyNjdjYzVhZjRhMmU2MTcwNmMiLCJfYXV0aF91c2VyX2JhY2tlbmQiOiJkamFuZ28uY29udHJpYi5hdXRoLmJhY2tlbmRzLk1vZGVsQmFja2VuZCIsIl9hdXRoX3VzZXJfaWQiOiIxIn0=', '2018-04-04 05:23:04.858894'),
('w3dpcw3t2bo8kwwkvh3jdvjzfy49a1ml', 'MTcyNzAxYWViYzg0MTUwM2JjOGZjZDRmZjYwMjAxMzkxZjhiOGNlYTp7Il9hdXRoX3VzZXJfaGFzaCI6Ijc2MjEwNWQwMGFlZDgyYzY0YTBmMDEyNjdjYzVhZjRhMmU2MTcwNmMiLCJfYXV0aF91c2VyX2JhY2tlbmQiOiJkamFuZ28uY29udHJpYi5hdXRoLmJhY2tlbmRzLk1vZGVsQmFja2VuZCIsIl9hdXRoX3VzZXJfaWQiOiIxIn0=', '2018-04-30 20:44:59.537569'),
('w3pqed9bazrmpuh2uf4zlcg7igfyjhrt', 'MTcyNzAxYWViYzg0MTUwM2JjOGZjZDRmZjYwMjAxMzkxZjhiOGNlYTp7Il9hdXRoX3VzZXJfaGFzaCI6Ijc2MjEwNWQwMGFlZDgyYzY0YTBmMDEyNjdjYzVhZjRhMmU2MTcwNmMiLCJfYXV0aF91c2VyX2JhY2tlbmQiOiJkamFuZ28uY29udHJpYi5hdXRoLmJhY2tlbmRzLk1vZGVsQmFja2VuZCIsIl9hdXRoX3VzZXJfaWQiOiIxIn0=', '2018-04-30 20:31:39.209752'),
('w4y29agwnpouqutxc5y5l3av8dvx3c8x', 'MTcyNzAxYWViYzg0MTUwM2JjOGZjZDRmZjYwMjAxMzkxZjhiOGNlYTp7Il9hdXRoX3VzZXJfaGFzaCI6Ijc2MjEwNWQwMGFlZDgyYzY0YTBmMDEyNjdjYzVhZjRhMmU2MTcwNmMiLCJfYXV0aF91c2VyX2JhY2tlbmQiOiJkamFuZ28uY29udHJpYi5hdXRoLmJhY2tlbmRzLk1vZGVsQmFja2VuZCIsIl9hdXRoX3VzZXJfaWQiOiIxIn0=', '2018-04-30 20:55:54.438335'),
('w5174ij1m5uxr2l230z3p8zst39sa7kw', 'MTcyNzAxYWViYzg0MTUwM2JjOGZjZDRmZjYwMjAxMzkxZjhiOGNlYTp7Il9hdXRoX3VzZXJfaGFzaCI6Ijc2MjEwNWQwMGFlZDgyYzY0YTBmMDEyNjdjYzVhZjRhMmU2MTcwNmMiLCJfYXV0aF91c2VyX2JhY2tlbmQiOiJkamFuZ28uY29udHJpYi5hdXRoLmJhY2tlbmRzLk1vZGVsQmFja2VuZCIsIl9hdXRoX3VzZXJfaWQiOiIxIn0=', '2018-04-30 21:07:39.993472'),
('w5lebzyjbktqmeidrv61t3ckkydbd6d6', 'MTcyNzAxYWViYzg0MTUwM2JjOGZjZDRmZjYwMjAxMzkxZjhiOGNlYTp7Il9hdXRoX3VzZXJfaGFzaCI6Ijc2MjEwNWQwMGFlZDgyYzY0YTBmMDEyNjdjYzVhZjRhMmU2MTcwNmMiLCJfYXV0aF91c2VyX2JhY2tlbmQiOiJkamFuZ28uY29udHJpYi5hdXRoLmJhY2tlbmRzLk1vZGVsQmFja2VuZCIsIl9hdXRoX3VzZXJfaWQiOiIxIn0=', '2018-04-23 07:04:09.490659'),
('w5z6zu4oltngnme9pewnhsllgih88ku7', 'MTcyNzAxYWViYzg0MTUwM2JjOGZjZDRmZjYwMjAxMzkxZjhiOGNlYTp7Il9hdXRoX3VzZXJfaGFzaCI6Ijc2MjEwNWQwMGFlZDgyYzY0YTBmMDEyNjdjYzVhZjRhMmU2MTcwNmMiLCJfYXV0aF91c2VyX2JhY2tlbmQiOiJkamFuZ28uY29udHJpYi5hdXRoLmJhY2tlbmRzLk1vZGVsQmFja2VuZCIsIl9hdXRoX3VzZXJfaWQiOiIxIn0=', '2018-05-18 17:22:22.176353'),
('w6792leqq6re5jbomklqxe09hwm6k5n1', 'MTcyNzAxYWViYzg0MTUwM2JjOGZjZDRmZjYwMjAxMzkxZjhiOGNlYTp7Il9hdXRoX3VzZXJfaGFzaCI6Ijc2MjEwNWQwMGFlZDgyYzY0YTBmMDEyNjdjYzVhZjRhMmU2MTcwNmMiLCJfYXV0aF91c2VyX2JhY2tlbmQiOiJkamFuZ28uY29udHJpYi5hdXRoLmJhY2tlbmRzLk1vZGVsQmFja2VuZCIsIl9hdXRoX3VzZXJfaWQiOiIxIn0=', '2018-05-01 03:39:02.421165'),
('w6ha8g402nzt9vfjx1dojwza5b77i92f', 'MTcyNzAxYWViYzg0MTUwM2JjOGZjZDRmZjYwMjAxMzkxZjhiOGNlYTp7Il9hdXRoX3VzZXJfaGFzaCI6Ijc2MjEwNWQwMGFlZDgyYzY0YTBmMDEyNjdjYzVhZjRhMmU2MTcwNmMiLCJfYXV0aF91c2VyX2JhY2tlbmQiOiJkamFuZ28uY29udHJpYi5hdXRoLmJhY2tlbmRzLk1vZGVsQmFja2VuZCIsIl9hdXRoX3VzZXJfaWQiOiIxIn0=', '2018-04-30 21:59:36.476001'),
('w6xlcd0wn5i8tfk62qpl9ibm43da9rlq', 'MTcyNzAxYWViYzg0MTUwM2JjOGZjZDRmZjYwMjAxMzkxZjhiOGNlYTp7Il9hdXRoX3VzZXJfaGFzaCI6Ijc2MjEwNWQwMGFlZDgyYzY0YTBmMDEyNjdjYzVhZjRhMmU2MTcwNmMiLCJfYXV0aF91c2VyX2JhY2tlbmQiOiJkamFuZ28uY29udHJpYi5hdXRoLmJhY2tlbmRzLk1vZGVsQmFja2VuZCIsIl9hdXRoX3VzZXJfaWQiOiIxIn0=', '2018-05-30 21:37:31.720337'),
('w7n0sno1viw4lk0c5xas4xoeud4pt5hr', 'MTcyNzAxYWViYzg0MTUwM2JjOGZjZDRmZjYwMjAxMzkxZjhiOGNlYTp7Il9hdXRoX3VzZXJfaGFzaCI6Ijc2MjEwNWQwMGFlZDgyYzY0YTBmMDEyNjdjYzVhZjRhMmU2MTcwNmMiLCJfYXV0aF91c2VyX2JhY2tlbmQiOiJkamFuZ28uY29udHJpYi5hdXRoLmJhY2tlbmRzLk1vZGVsQmFja2VuZCIsIl9hdXRoX3VzZXJfaWQiOiIxIn0=', '2018-04-04 18:12:07.766147'),
('w7rwh7i4hrg2qkti7bs7dbo50iom0cpy', 'MTcyNzAxYWViYzg0MTUwM2JjOGZjZDRmZjYwMjAxMzkxZjhiOGNlYTp7Il9hdXRoX3VzZXJfaGFzaCI6Ijc2MjEwNWQwMGFlZDgyYzY0YTBmMDEyNjdjYzVhZjRhMmU2MTcwNmMiLCJfYXV0aF91c2VyX2JhY2tlbmQiOiJkamFuZ28uY29udHJpYi5hdXRoLmJhY2tlbmRzLk1vZGVsQmFja2VuZCIsIl9hdXRoX3VzZXJfaWQiOiIxIn0=', '2018-05-31 05:37:04.121757'),
('w82mzg3dgvo0iv40qp3zf3l7hguj2lpg', 'MTcyNzAxYWViYzg0MTUwM2JjOGZjZDRmZjYwMjAxMzkxZjhiOGNlYTp7Il9hdXRoX3VzZXJfaGFzaCI6Ijc2MjEwNWQwMGFlZDgyYzY0YTBmMDEyNjdjYzVhZjRhMmU2MTcwNmMiLCJfYXV0aF91c2VyX2JhY2tlbmQiOiJkamFuZ28uY29udHJpYi5hdXRoLmJhY2tlbmRzLk1vZGVsQmFja2VuZCIsIl9hdXRoX3VzZXJfaWQiOiIxIn0=', '2018-05-01 03:40:32.369581'),
('w8wnv2pnf55c2jkby1zam0bs319s7nx5', 'MTcyNzAxYWViYzg0MTUwM2JjOGZjZDRmZjYwMjAxMzkxZjhiOGNlYTp7Il9hdXRoX3VzZXJfaGFzaCI6Ijc2MjEwNWQwMGFlZDgyYzY0YTBmMDEyNjdjYzVhZjRhMmU2MTcwNmMiLCJfYXV0aF91c2VyX2JhY2tlbmQiOiJkamFuZ28uY29udHJpYi5hdXRoLmJhY2tlbmRzLk1vZGVsQmFja2VuZCIsIl9hdXRoX3VzZXJfaWQiOiIxIn0=', '2018-05-01 03:27:15.138198'),
('wathn2kihclb51ypx4figl71t4h0lcmo', 'MTcyNzAxYWViYzg0MTUwM2JjOGZjZDRmZjYwMjAxMzkxZjhiOGNlYTp7Il9hdXRoX3VzZXJfaGFzaCI6Ijc2MjEwNWQwMGFlZDgyYzY0YTBmMDEyNjdjYzVhZjRhMmU2MTcwNmMiLCJfYXV0aF91c2VyX2JhY2tlbmQiOiJkamFuZ28uY29udHJpYi5hdXRoLmJhY2tlbmRzLk1vZGVsQmFja2VuZCIsIl9hdXRoX3VzZXJfaWQiOiIxIn0=', '2018-05-18 17:30:09.575262'),
('wb6bn5ojy82by7n5rl0v70enpah6xr9x', 'MTcyNzAxYWViYzg0MTUwM2JjOGZjZDRmZjYwMjAxMzkxZjhiOGNlYTp7Il9hdXRoX3VzZXJfaGFzaCI6Ijc2MjEwNWQwMGFlZDgyYzY0YTBmMDEyNjdjYzVhZjRhMmU2MTcwNmMiLCJfYXV0aF91c2VyX2JhY2tlbmQiOiJkamFuZ28uY29udHJpYi5hdXRoLmJhY2tlbmRzLk1vZGVsQmFja2VuZCIsIl9hdXRoX3VzZXJfaWQiOiIxIn0=', '2018-04-30 21:07:19.385563'),
('weinawedsyak9ph1dxisr7otp0wqu40m', 'MTcyNzAxYWViYzg0MTUwM2JjOGZjZDRmZjYwMjAxMzkxZjhiOGNlYTp7Il9hdXRoX3VzZXJfaGFzaCI6Ijc2MjEwNWQwMGFlZDgyYzY0YTBmMDEyNjdjYzVhZjRhMmU2MTcwNmMiLCJfYXV0aF91c2VyX2JhY2tlbmQiOiJkamFuZ28uY29udHJpYi5hdXRoLmJhY2tlbmRzLk1vZGVsQmFja2VuZCIsIl9hdXRoX3VzZXJfaWQiOiIxIn0=', '2018-04-30 20:51:45.490390'),
('wf1g9ijc9y0klp4x0pljx19aamonojog', 'MTcyNzAxYWViYzg0MTUwM2JjOGZjZDRmZjYwMjAxMzkxZjhiOGNlYTp7Il9hdXRoX3VzZXJfaGFzaCI6Ijc2MjEwNWQwMGFlZDgyYzY0YTBmMDEyNjdjYzVhZjRhMmU2MTcwNmMiLCJfYXV0aF91c2VyX2JhY2tlbmQiOiJkamFuZ28uY29udHJpYi5hdXRoLmJhY2tlbmRzLk1vZGVsQmFja2VuZCIsIl9hdXRoX3VzZXJfaWQiOiIxIn0=', '2018-05-31 05:48:40.148579'),
('wffpkiv9qedx8mkf833r0anlcq0nvy9c', 'MTcyNzAxYWViYzg0MTUwM2JjOGZjZDRmZjYwMjAxMzkxZjhiOGNlYTp7Il9hdXRoX3VzZXJfaGFzaCI6Ijc2MjEwNWQwMGFlZDgyYzY0YTBmMDEyNjdjYzVhZjRhMmU2MTcwNmMiLCJfYXV0aF91c2VyX2JhY2tlbmQiOiJkamFuZ28uY29udHJpYi5hdXRoLmJhY2tlbmRzLk1vZGVsQmFja2VuZCIsIl9hdXRoX3VzZXJfaWQiOiIxIn0=', '2018-05-18 17:13:10.207072'),
('wgaeohsq1ohga2kywnprzs5sgbmzcnci', 'MTcyNzAxYWViYzg0MTUwM2JjOGZjZDRmZjYwMjAxMzkxZjhiOGNlYTp7Il9hdXRoX3VzZXJfaGFzaCI6Ijc2MjEwNWQwMGFlZDgyYzY0YTBmMDEyNjdjYzVhZjRhMmU2MTcwNmMiLCJfYXV0aF91c2VyX2JhY2tlbmQiOiJkamFuZ28uY29udHJpYi5hdXRoLmJhY2tlbmRzLk1vZGVsQmFja2VuZCIsIl9hdXRoX3VzZXJfaWQiOiIxIn0=', '2018-05-31 05:29:59.366930'),
('whyad65m3shph29tvjqocru1g09di9pk', 'MTcyNzAxYWViYzg0MTUwM2JjOGZjZDRmZjYwMjAxMzkxZjhiOGNlYTp7Il9hdXRoX3VzZXJfaGFzaCI6Ijc2MjEwNWQwMGFlZDgyYzY0YTBmMDEyNjdjYzVhZjRhMmU2MTcwNmMiLCJfYXV0aF91c2VyX2JhY2tlbmQiOiJkamFuZ28uY29udHJpYi5hdXRoLmJhY2tlbmRzLk1vZGVsQmFja2VuZCIsIl9hdXRoX3VzZXJfaWQiOiIxIn0=', '2018-04-05 19:11:44.369232'),
('wjbp6vcor2calhaj8593lepoh2zne30m', 'MTcyNzAxYWViYzg0MTUwM2JjOGZjZDRmZjYwMjAxMzkxZjhiOGNlYTp7Il9hdXRoX3VzZXJfaGFzaCI6Ijc2MjEwNWQwMGFlZDgyYzY0YTBmMDEyNjdjYzVhZjRhMmU2MTcwNmMiLCJfYXV0aF91c2VyX2JhY2tlbmQiOiJkamFuZ28uY29udHJpYi5hdXRoLmJhY2tlbmRzLk1vZGVsQmFja2VuZCIsIl9hdXRoX3VzZXJfaWQiOiIxIn0=', '2018-04-04 05:21:33.916986'),
('wk87kj1r4eo73jcwn8q2lg46tb40gz7b', 'MTcyNzAxYWViYzg0MTUwM2JjOGZjZDRmZjYwMjAxMzkxZjhiOGNlYTp7Il9hdXRoX3VzZXJfaGFzaCI6Ijc2MjEwNWQwMGFlZDgyYzY0YTBmMDEyNjdjYzVhZjRhMmU2MTcwNmMiLCJfYXV0aF91c2VyX2JhY2tlbmQiOiJkamFuZ28uY29udHJpYi5hdXRoLmJhY2tlbmRzLk1vZGVsQmFja2VuZCIsIl9hdXRoX3VzZXJfaWQiOiIxIn0=', '2018-05-31 04:34:05.780259'),
('wkr6wfr2pxorsmwvtg5i9td0itxuqpf5', 'MTcyNzAxYWViYzg0MTUwM2JjOGZjZDRmZjYwMjAxMzkxZjhiOGNlYTp7Il9hdXRoX3VzZXJfaGFzaCI6Ijc2MjEwNWQwMGFlZDgyYzY0YTBmMDEyNjdjYzVhZjRhMmU2MTcwNmMiLCJfYXV0aF91c2VyX2JhY2tlbmQiOiJkamFuZ28uY29udHJpYi5hdXRoLmJhY2tlbmRzLk1vZGVsQmFja2VuZCIsIl9hdXRoX3VzZXJfaWQiOiIxIn0=', '2018-05-18 17:11:51.818750'),
('wn0ns88ckpjv4veh5qfxdss78kprrqta', 'MTcyNzAxYWViYzg0MTUwM2JjOGZjZDRmZjYwMjAxMzkxZjhiOGNlYTp7Il9hdXRoX3VzZXJfaGFzaCI6Ijc2MjEwNWQwMGFlZDgyYzY0YTBmMDEyNjdjYzVhZjRhMmU2MTcwNmMiLCJfYXV0aF91c2VyX2JhY2tlbmQiOiJkamFuZ28uY29udHJpYi5hdXRoLmJhY2tlbmRzLk1vZGVsQmFja2VuZCIsIl9hdXRoX3VzZXJfaWQiOiIxIn0=', '2018-04-04 18:49:14.822989'),
('wnx8fb4kam4ubeuuk2f1bud3ikr3vlw6', 'MTcyNzAxYWViYzg0MTUwM2JjOGZjZDRmZjYwMjAxMzkxZjhiOGNlYTp7Il9hdXRoX3VzZXJfaGFzaCI6Ijc2MjEwNWQwMGFlZDgyYzY0YTBmMDEyNjdjYzVhZjRhMmU2MTcwNmMiLCJfYXV0aF91c2VyX2JhY2tlbmQiOiJkamFuZ28uY29udHJpYi5hdXRoLmJhY2tlbmRzLk1vZGVsQmFja2VuZCIsIl9hdXRoX3VzZXJfaWQiOiIxIn0=', '2018-05-31 05:36:58.983081'),
('wokq41mll8xju9uhsbmitygd8yy2i52k', 'MTcyNzAxYWViYzg0MTUwM2JjOGZjZDRmZjYwMjAxMzkxZjhiOGNlYTp7Il9hdXRoX3VzZXJfaGFzaCI6Ijc2MjEwNWQwMGFlZDgyYzY0YTBmMDEyNjdjYzVhZjRhMmU2MTcwNmMiLCJfYXV0aF91c2VyX2JhY2tlbmQiOiJkamFuZ28uY29udHJpYi5hdXRoLmJhY2tlbmRzLk1vZGVsQmFja2VuZCIsIl9hdXRoX3VzZXJfaWQiOiIxIn0=', '2018-04-23 07:08:05.923512'),
('wonkxcmfec0xgl60gtps52mo9nsf8urr', 'MTcyNzAxYWViYzg0MTUwM2JjOGZjZDRmZjYwMjAxMzkxZjhiOGNlYTp7Il9hdXRoX3VzZXJfaGFzaCI6Ijc2MjEwNWQwMGFlZDgyYzY0YTBmMDEyNjdjYzVhZjRhMmU2MTcwNmMiLCJfYXV0aF91c2VyX2JhY2tlbmQiOiJkamFuZ28uY29udHJpYi5hdXRoLmJhY2tlbmRzLk1vZGVsQmFja2VuZCIsIl9hdXRoX3VzZXJfaWQiOiIxIn0=', '2018-05-30 21:17:35.873929'),
('wpqxpcnmvyw9mfoz6gqdq399qxsvg07y', 'MTcyNzAxYWViYzg0MTUwM2JjOGZjZDRmZjYwMjAxMzkxZjhiOGNlYTp7Il9hdXRoX3VzZXJfaGFzaCI6Ijc2MjEwNWQwMGFlZDgyYzY0YTBmMDEyNjdjYzVhZjRhMmU2MTcwNmMiLCJfYXV0aF91c2VyX2JhY2tlbmQiOiJkamFuZ28uY29udHJpYi5hdXRoLmJhY2tlbmRzLk1vZGVsQmFja2VuZCIsIl9hdXRoX3VzZXJfaWQiOiIxIn0=', '2018-04-04 05:23:11.788321'),
('wq00al2v7plixabm6p3adi5m4q46e8n6', 'MTcyNzAxYWViYzg0MTUwM2JjOGZjZDRmZjYwMjAxMzkxZjhiOGNlYTp7Il9hdXRoX3VzZXJfaGFzaCI6Ijc2MjEwNWQwMGFlZDgyYzY0YTBmMDEyNjdjYzVhZjRhMmU2MTcwNmMiLCJfYXV0aF91c2VyX2JhY2tlbmQiOiJkamFuZ28uY29udHJpYi5hdXRoLmJhY2tlbmRzLk1vZGVsQmFja2VuZCIsIl9hdXRoX3VzZXJfaWQiOiIxIn0=', '2018-05-31 05:09:44.711373'),
('wsxsrzj2b6gd4wioecoy0tgpsye3gx5m', 'MTcyNzAxYWViYzg0MTUwM2JjOGZjZDRmZjYwMjAxMzkxZjhiOGNlYTp7Il9hdXRoX3VzZXJfaGFzaCI6Ijc2MjEwNWQwMGFlZDgyYzY0YTBmMDEyNjdjYzVhZjRhMmU2MTcwNmMiLCJfYXV0aF91c2VyX2JhY2tlbmQiOiJkamFuZ28uY29udHJpYi5hdXRoLmJhY2tlbmRzLk1vZGVsQmFja2VuZCIsIl9hdXRoX3VzZXJfaWQiOiIxIn0=', '2018-05-18 17:13:05.830740'),
('wtlnb7qspoia2fq5oou7zx0i96fxvwox', 'MTcyNzAxYWViYzg0MTUwM2JjOGZjZDRmZjYwMjAxMzkxZjhiOGNlYTp7Il9hdXRoX3VzZXJfaGFzaCI6Ijc2MjEwNWQwMGFlZDgyYzY0YTBmMDEyNjdjYzVhZjRhMmU2MTcwNmMiLCJfYXV0aF91c2VyX2JhY2tlbmQiOiJkamFuZ28uY29udHJpYi5hdXRoLmJhY2tlbmRzLk1vZGVsQmFja2VuZCIsIl9hdXRoX3VzZXJfaWQiOiIxIn0=', '2018-05-01 03:38:23.085646'),
('wtlnhkijj68e8ab72tcscgme81gvu92d', 'MTcyNzAxYWViYzg0MTUwM2JjOGZjZDRmZjYwMjAxMzkxZjhiOGNlYTp7Il9hdXRoX3VzZXJfaGFzaCI6Ijc2MjEwNWQwMGFlZDgyYzY0YTBmMDEyNjdjYzVhZjRhMmU2MTcwNmMiLCJfYXV0aF91c2VyX2JhY2tlbmQiOiJkamFuZ28uY29udHJpYi5hdXRoLmJhY2tlbmRzLk1vZGVsQmFja2VuZCIsIl9hdXRoX3VzZXJfaWQiOiIxIn0=', '2018-05-31 05:04:12.399665'),
('wxxyhe4aarjazar936o1d2d1xu7cxkeg', 'MTcyNzAxYWViYzg0MTUwM2JjOGZjZDRmZjYwMjAxMzkxZjhiOGNlYTp7Il9hdXRoX3VzZXJfaGFzaCI6Ijc2MjEwNWQwMGFlZDgyYzY0YTBmMDEyNjdjYzVhZjRhMmU2MTcwNmMiLCJfYXV0aF91c2VyX2JhY2tlbmQiOiJkamFuZ28uY29udHJpYi5hdXRoLmJhY2tlbmRzLk1vZGVsQmFja2VuZCIsIl9hdXRoX3VzZXJfaWQiOiIxIn0=', '2018-05-31 05:12:07.603654'),
('wz1877agbdtbarkm9xp35pe2bxip7o80', 'MTcyNzAxYWViYzg0MTUwM2JjOGZjZDRmZjYwMjAxMzkxZjhiOGNlYTp7Il9hdXRoX3VzZXJfaGFzaCI6Ijc2MjEwNWQwMGFlZDgyYzY0YTBmMDEyNjdjYzVhZjRhMmU2MTcwNmMiLCJfYXV0aF91c2VyX2JhY2tlbmQiOiJkamFuZ28uY29udHJpYi5hdXRoLmJhY2tlbmRzLk1vZGVsQmFja2VuZCIsIl9hdXRoX3VzZXJfaWQiOiIxIn0=', '2018-05-01 03:30:48.307007'),
('x0xlrce4ui8tncxj7j6tfrm44j0rbf0p', 'MTcyNzAxYWViYzg0MTUwM2JjOGZjZDRmZjYwMjAxMzkxZjhiOGNlYTp7Il9hdXRoX3VzZXJfaGFzaCI6Ijc2MjEwNWQwMGFlZDgyYzY0YTBmMDEyNjdjYzVhZjRhMmU2MTcwNmMiLCJfYXV0aF91c2VyX2JhY2tlbmQiOiJkamFuZ28uY29udHJpYi5hdXRoLmJhY2tlbmRzLk1vZGVsQmFja2VuZCIsIl9hdXRoX3VzZXJfaWQiOiIxIn0=', '2018-04-30 20:51:41.575703'),
('x10jjy6k0u2rblr89faeymmvp2bg0yiz', 'MTcyNzAxYWViYzg0MTUwM2JjOGZjZDRmZjYwMjAxMzkxZjhiOGNlYTp7Il9hdXRoX3VzZXJfaGFzaCI6Ijc2MjEwNWQwMGFlZDgyYzY0YTBmMDEyNjdjYzVhZjRhMmU2MTcwNmMiLCJfYXV0aF91c2VyX2JhY2tlbmQiOiJkamFuZ28uY29udHJpYi5hdXRoLmJhY2tlbmRzLk1vZGVsQmFja2VuZCIsIl9hdXRoX3VzZXJfaWQiOiIxIn0=', '2018-05-31 05:15:44.615478'),
('x16b5posgbikyx1hmqgh743tk82jo2lm', 'MTcyNzAxYWViYzg0MTUwM2JjOGZjZDRmZjYwMjAxMzkxZjhiOGNlYTp7Il9hdXRoX3VzZXJfaGFzaCI6Ijc2MjEwNWQwMGFlZDgyYzY0YTBmMDEyNjdjYzVhZjRhMmU2MTcwNmMiLCJfYXV0aF91c2VyX2JhY2tlbmQiOiJkamFuZ28uY29udHJpYi5hdXRoLmJhY2tlbmRzLk1vZGVsQmFja2VuZCIsIl9hdXRoX3VzZXJfaWQiOiIxIn0=', '2018-04-04 18:00:37.786573'),
('x1s30q08bat6gqlbee6fqtg6f535wuwu', 'MTcyNzAxYWViYzg0MTUwM2JjOGZjZDRmZjYwMjAxMzkxZjhiOGNlYTp7Il9hdXRoX3VzZXJfaGFzaCI6Ijc2MjEwNWQwMGFlZDgyYzY0YTBmMDEyNjdjYzVhZjRhMmU2MTcwNmMiLCJfYXV0aF91c2VyX2JhY2tlbmQiOiJkamFuZ28uY29udHJpYi5hdXRoLmJhY2tlbmRzLk1vZGVsQmFja2VuZCIsIl9hdXRoX3VzZXJfaWQiOiIxIn0=', '2018-05-18 17:13:21.732892'),
('x1t8a7az9c56x46n7v9n6w1ysfyo1h10', 'MTcyNzAxYWViYzg0MTUwM2JjOGZjZDRmZjYwMjAxMzkxZjhiOGNlYTp7Il9hdXRoX3VzZXJfaGFzaCI6Ijc2MjEwNWQwMGFlZDgyYzY0YTBmMDEyNjdjYzVhZjRhMmU2MTcwNmMiLCJfYXV0aF91c2VyX2JhY2tlbmQiOiJkamFuZ28uY29udHJpYi5hdXRoLmJhY2tlbmRzLk1vZGVsQmFja2VuZCIsIl9hdXRoX3VzZXJfaWQiOiIxIn0=', '2018-04-30 20:36:26.411585'),
('x3yzea053aaovnosvxhtcp67fuqsqomo', 'MTcyNzAxYWViYzg0MTUwM2JjOGZjZDRmZjYwMjAxMzkxZjhiOGNlYTp7Il9hdXRoX3VzZXJfaGFzaCI6Ijc2MjEwNWQwMGFlZDgyYzY0YTBmMDEyNjdjYzVhZjRhMmU2MTcwNmMiLCJfYXV0aF91c2VyX2JhY2tlbmQiOiJkamFuZ28uY29udHJpYi5hdXRoLmJhY2tlbmRzLk1vZGVsQmFja2VuZCIsIl9hdXRoX3VzZXJfaWQiOiIxIn0=', '2018-05-01 03:38:47.391294'),
('x4ql78i3uth80fik697vo7xovqmlajiw', 'MTcyNzAxYWViYzg0MTUwM2JjOGZjZDRmZjYwMjAxMzkxZjhiOGNlYTp7Il9hdXRoX3VzZXJfaGFzaCI6Ijc2MjEwNWQwMGFlZDgyYzY0YTBmMDEyNjdjYzVhZjRhMmU2MTcwNmMiLCJfYXV0aF91c2VyX2JhY2tlbmQiOiJkamFuZ28uY29udHJpYi5hdXRoLmJhY2tlbmRzLk1vZGVsQmFja2VuZCIsIl9hdXRoX3VzZXJfaWQiOiIxIn0=', '2018-05-31 17:43:40.953688'),
('x4umfrcu7ztyf3usg0cxwke024qq8wc0', 'MTcyNzAxYWViYzg0MTUwM2JjOGZjZDRmZjYwMjAxMzkxZjhiOGNlYTp7Il9hdXRoX3VzZXJfaGFzaCI6Ijc2MjEwNWQwMGFlZDgyYzY0YTBmMDEyNjdjYzVhZjRhMmU2MTcwNmMiLCJfYXV0aF91c2VyX2JhY2tlbmQiOiJkamFuZ28uY29udHJpYi5hdXRoLmJhY2tlbmRzLk1vZGVsQmFja2VuZCIsIl9hdXRoX3VzZXJfaWQiOiIxIn0=', '2018-05-30 21:32:27.806560'),
('x50a3lbpobuhzswhg5qhq6rsrk6ebfmn', 'MTcyNzAxYWViYzg0MTUwM2JjOGZjZDRmZjYwMjAxMzkxZjhiOGNlYTp7Il9hdXRoX3VzZXJfaGFzaCI6Ijc2MjEwNWQwMGFlZDgyYzY0YTBmMDEyNjdjYzVhZjRhMmU2MTcwNmMiLCJfYXV0aF91c2VyX2JhY2tlbmQiOiJkamFuZ28uY29udHJpYi5hdXRoLmJhY2tlbmRzLk1vZGVsQmFja2VuZCIsIl9hdXRoX3VzZXJfaWQiOiIxIn0=', '2018-05-01 03:27:37.139733'),
('x5bnvvu34925l6zakmgtoq61pzi8lkex', 'MTcyNzAxYWViYzg0MTUwM2JjOGZjZDRmZjYwMjAxMzkxZjhiOGNlYTp7Il9hdXRoX3VzZXJfaGFzaCI6Ijc2MjEwNWQwMGFlZDgyYzY0YTBmMDEyNjdjYzVhZjRhMmU2MTcwNmMiLCJfYXV0aF91c2VyX2JhY2tlbmQiOiJkamFuZ28uY29udHJpYi5hdXRoLmJhY2tlbmRzLk1vZGVsQmFja2VuZCIsIl9hdXRoX3VzZXJfaWQiOiIxIn0=', '2018-05-31 05:16:01.084126'),
('x5ilwb4zjj8wivc2anr6rewpe9xq30lw', 'MTcyNzAxYWViYzg0MTUwM2JjOGZjZDRmZjYwMjAxMzkxZjhiOGNlYTp7Il9hdXRoX3VzZXJfaGFzaCI6Ijc2MjEwNWQwMGFlZDgyYzY0YTBmMDEyNjdjYzVhZjRhMmU2MTcwNmMiLCJfYXV0aF91c2VyX2JhY2tlbmQiOiJkamFuZ28uY29udHJpYi5hdXRoLmJhY2tlbmRzLk1vZGVsQmFja2VuZCIsIl9hdXRoX3VzZXJfaWQiOiIxIn0=', '2018-05-18 19:24:47.179050'),
('x5j98bn3ii08cbm40qvcsqtndm4hndik', 'MTcyNzAxYWViYzg0MTUwM2JjOGZjZDRmZjYwMjAxMzkxZjhiOGNlYTp7Il9hdXRoX3VzZXJfaGFzaCI6Ijc2MjEwNWQwMGFlZDgyYzY0YTBmMDEyNjdjYzVhZjRhMmU2MTcwNmMiLCJfYXV0aF91c2VyX2JhY2tlbmQiOiJkamFuZ28uY29udHJpYi5hdXRoLmJhY2tlbmRzLk1vZGVsQmFja2VuZCIsIl9hdXRoX3VzZXJfaWQiOiIxIn0=', '2018-05-31 17:01:16.401097'),
('x5o4ae0wldcehfcrdiy1b2gozjb28dzg', 'MTcyNzAxYWViYzg0MTUwM2JjOGZjZDRmZjYwMjAxMzkxZjhiOGNlYTp7Il9hdXRoX3VzZXJfaGFzaCI6Ijc2MjEwNWQwMGFlZDgyYzY0YTBmMDEyNjdjYzVhZjRhMmU2MTcwNmMiLCJfYXV0aF91c2VyX2JhY2tlbmQiOiJkamFuZ28uY29udHJpYi5hdXRoLmJhY2tlbmRzLk1vZGVsQmFja2VuZCIsIl9hdXRoX3VzZXJfaWQiOiIxIn0=', '2018-05-31 05:27:03.148609'),
('x62paoo4p1v0vp6pkekrbl32rycmmhi2', 'MTcyNzAxYWViYzg0MTUwM2JjOGZjZDRmZjYwMjAxMzkxZjhiOGNlYTp7Il9hdXRoX3VzZXJfaGFzaCI6Ijc2MjEwNWQwMGFlZDgyYzY0YTBmMDEyNjdjYzVhZjRhMmU2MTcwNmMiLCJfYXV0aF91c2VyX2JhY2tlbmQiOiJkamFuZ28uY29udHJpYi5hdXRoLmJhY2tlbmRzLk1vZGVsQmFja2VuZCIsIl9hdXRoX3VzZXJfaWQiOiIxIn0=', '2018-05-01 03:40:37.683989'),
('x6ijr1dcc2t451t7xo1ooeqsrlpsjsti', 'MTcyNzAxYWViYzg0MTUwM2JjOGZjZDRmZjYwMjAxMzkxZjhiOGNlYTp7Il9hdXRoX3VzZXJfaGFzaCI6Ijc2MjEwNWQwMGFlZDgyYzY0YTBmMDEyNjdjYzVhZjRhMmU2MTcwNmMiLCJfYXV0aF91c2VyX2JhY2tlbmQiOiJkamFuZ28uY29udHJpYi5hdXRoLmJhY2tlbmRzLk1vZGVsQmFja2VuZCIsIl9hdXRoX3VzZXJfaWQiOiIxIn0=', '2018-05-30 21:36:20.654799'),
('x6n2gc6xte7sgmyekh4z7pctphozd0jf', 'MTcyNzAxYWViYzg0MTUwM2JjOGZjZDRmZjYwMjAxMzkxZjhiOGNlYTp7Il9hdXRoX3VzZXJfaGFzaCI6Ijc2MjEwNWQwMGFlZDgyYzY0YTBmMDEyNjdjYzVhZjRhMmU2MTcwNmMiLCJfYXV0aF91c2VyX2JhY2tlbmQiOiJkamFuZ28uY29udHJpYi5hdXRoLmJhY2tlbmRzLk1vZGVsQmFja2VuZCIsIl9hdXRoX3VzZXJfaWQiOiIxIn0=', '2018-05-31 18:18:45.607202'),
('x739t0vdi86qmebqps3bc7vchztmm49y', 'MTcyNzAxYWViYzg0MTUwM2JjOGZjZDRmZjYwMjAxMzkxZjhiOGNlYTp7Il9hdXRoX3VzZXJfaGFzaCI6Ijc2MjEwNWQwMGFlZDgyYzY0YTBmMDEyNjdjYzVhZjRhMmU2MTcwNmMiLCJfYXV0aF91c2VyX2JhY2tlbmQiOiJkamFuZ28uY29udHJpYi5hdXRoLmJhY2tlbmRzLk1vZGVsQmFja2VuZCIsIl9hdXRoX3VzZXJfaWQiOiIxIn0=', '2018-04-30 20:10:04.238074'),
('x9krhhdj9ohlj1fjy7chac634hqonuvl', 'MTcyNzAxYWViYzg0MTUwM2JjOGZjZDRmZjYwMjAxMzkxZjhiOGNlYTp7Il9hdXRoX3VzZXJfaGFzaCI6Ijc2MjEwNWQwMGFlZDgyYzY0YTBmMDEyNjdjYzVhZjRhMmU2MTcwNmMiLCJfYXV0aF91c2VyX2JhY2tlbmQiOiJkamFuZ28uY29udHJpYi5hdXRoLmJhY2tlbmRzLk1vZGVsQmFja2VuZCIsIl9hdXRoX3VzZXJfaWQiOiIxIn0=', '2018-05-31 18:39:09.759534'),
('xay9sksb4uxxvu5j0rpjv8p0yrrjjeno', 'MTcyNzAxYWViYzg0MTUwM2JjOGZjZDRmZjYwMjAxMzkxZjhiOGNlYTp7Il9hdXRoX3VzZXJfaGFzaCI6Ijc2MjEwNWQwMGFlZDgyYzY0YTBmMDEyNjdjYzVhZjRhMmU2MTcwNmMiLCJfYXV0aF91c2VyX2JhY2tlbmQiOiJkamFuZ28uY29udHJpYi5hdXRoLmJhY2tlbmRzLk1vZGVsQmFja2VuZCIsIl9hdXRoX3VzZXJfaWQiOiIxIn0=', '2018-05-31 17:29:31.566913'),
('xazu6ydr7mzkpcfqkdq7koiidnalkoht', 'MTcyNzAxYWViYzg0MTUwM2JjOGZjZDRmZjYwMjAxMzkxZjhiOGNlYTp7Il9hdXRoX3VzZXJfaGFzaCI6Ijc2MjEwNWQwMGFlZDgyYzY0YTBmMDEyNjdjYzVhZjRhMmU2MTcwNmMiLCJfYXV0aF91c2VyX2JhY2tlbmQiOiJkamFuZ28uY29udHJpYi5hdXRoLmJhY2tlbmRzLk1vZGVsQmFja2VuZCIsIl9hdXRoX3VzZXJfaWQiOiIxIn0=', '2018-04-04 05:33:45.827687'),
('xb2xt8cpg6x8my7dubvjrl9pcw70t492', 'MTcyNzAxYWViYzg0MTUwM2JjOGZjZDRmZjYwMjAxMzkxZjhiOGNlYTp7Il9hdXRoX3VzZXJfaGFzaCI6Ijc2MjEwNWQwMGFlZDgyYzY0YTBmMDEyNjdjYzVhZjRhMmU2MTcwNmMiLCJfYXV0aF91c2VyX2JhY2tlbmQiOiJkamFuZ28uY29udHJpYi5hdXRoLmJhY2tlbmRzLk1vZGVsQmFja2VuZCIsIl9hdXRoX3VzZXJfaWQiOiIxIn0=', '2018-05-01 03:18:39.985161'),
('xcmi5701px2z6hgio7b1defoi36845rl', 'MTcyNzAxYWViYzg0MTUwM2JjOGZjZDRmZjYwMjAxMzkxZjhiOGNlYTp7Il9hdXRoX3VzZXJfaGFzaCI6Ijc2MjEwNWQwMGFlZDgyYzY0YTBmMDEyNjdjYzVhZjRhMmU2MTcwNmMiLCJfYXV0aF91c2VyX2JhY2tlbmQiOiJkamFuZ28uY29udHJpYi5hdXRoLmJhY2tlbmRzLk1vZGVsQmFja2VuZCIsIl9hdXRoX3VzZXJfaWQiOiIxIn0=', '2018-05-18 17:11:25.221557'),
('xcrb1hocan4sngi7t9r9rk6q1mv0fi4s', 'MTcyNzAxYWViYzg0MTUwM2JjOGZjZDRmZjYwMjAxMzkxZjhiOGNlYTp7Il9hdXRoX3VzZXJfaGFzaCI6Ijc2MjEwNWQwMGFlZDgyYzY0YTBmMDEyNjdjYzVhZjRhMmU2MTcwNmMiLCJfYXV0aF91c2VyX2JhY2tlbmQiOiJkamFuZ28uY29udHJpYi5hdXRoLmJhY2tlbmRzLk1vZGVsQmFja2VuZCIsIl9hdXRoX3VzZXJfaWQiOiIxIn0=', '2018-05-18 17:29:49.898918'),
('xdy1cguporsabl570bc6ndq9qabpntm9', 'MTcyNzAxYWViYzg0MTUwM2JjOGZjZDRmZjYwMjAxMzkxZjhiOGNlYTp7Il9hdXRoX3VzZXJfaGFzaCI6Ijc2MjEwNWQwMGFlZDgyYzY0YTBmMDEyNjdjYzVhZjRhMmU2MTcwNmMiLCJfYXV0aF91c2VyX2JhY2tlbmQiOiJkamFuZ28uY29udHJpYi5hdXRoLmJhY2tlbmRzLk1vZGVsQmFja2VuZCIsIl9hdXRoX3VzZXJfaWQiOiIxIn0=', '2018-04-04 04:18:42.259501'),
('xgkcerbs429eofois34sojjhxc9sn3uy', 'MTcyNzAxYWViYzg0MTUwM2JjOGZjZDRmZjYwMjAxMzkxZjhiOGNlYTp7Il9hdXRoX3VzZXJfaGFzaCI6Ijc2MjEwNWQwMGFlZDgyYzY0YTBmMDEyNjdjYzVhZjRhMmU2MTcwNmMiLCJfYXV0aF91c2VyX2JhY2tlbmQiOiJkamFuZ28uY29udHJpYi5hdXRoLmJhY2tlbmRzLk1vZGVsQmFja2VuZCIsIl9hdXRoX3VzZXJfaWQiOiIxIn0=', '2018-05-18 17:47:59.024394'),
('xhdglkxj2npz44yb8oka6rzbjlsocd46', 'MTcyNzAxYWViYzg0MTUwM2JjOGZjZDRmZjYwMjAxMzkxZjhiOGNlYTp7Il9hdXRoX3VzZXJfaGFzaCI6Ijc2MjEwNWQwMGFlZDgyYzY0YTBmMDEyNjdjYzVhZjRhMmU2MTcwNmMiLCJfYXV0aF91c2VyX2JhY2tlbmQiOiJkamFuZ28uY29udHJpYi5hdXRoLmJhY2tlbmRzLk1vZGVsQmFja2VuZCIsIl9hdXRoX3VzZXJfaWQiOiIxIn0=', '2018-05-31 04:54:12.713322'),
('xhu40z35urrs7bmn7klgig3na0rlb4xp', 'MTcyNzAxYWViYzg0MTUwM2JjOGZjZDRmZjYwMjAxMzkxZjhiOGNlYTp7Il9hdXRoX3VzZXJfaGFzaCI6Ijc2MjEwNWQwMGFlZDgyYzY0YTBmMDEyNjdjYzVhZjRhMmU2MTcwNmMiLCJfYXV0aF91c2VyX2JhY2tlbmQiOiJkamFuZ28uY29udHJpYi5hdXRoLmJhY2tlbmRzLk1vZGVsQmFja2VuZCIsIl9hdXRoX3VzZXJfaWQiOiIxIn0=', '2018-04-04 03:42:26.919979'),
('xivvayp7d75gvlar51kpey6ltvfmhsax', 'MTcyNzAxYWViYzg0MTUwM2JjOGZjZDRmZjYwMjAxMzkxZjhiOGNlYTp7Il9hdXRoX3VzZXJfaGFzaCI6Ijc2MjEwNWQwMGFlZDgyYzY0YTBmMDEyNjdjYzVhZjRhMmU2MTcwNmMiLCJfYXV0aF91c2VyX2JhY2tlbmQiOiJkamFuZ28uY29udHJpYi5hdXRoLmJhY2tlbmRzLk1vZGVsQmFja2VuZCIsIl9hdXRoX3VzZXJfaWQiOiIxIn0=', '2018-04-30 20:11:31.364438'),
('xl8tj3htpbvdsyrgxd2n44gpnhzhccvk', 'MTcyNzAxYWViYzg0MTUwM2JjOGZjZDRmZjYwMjAxMzkxZjhiOGNlYTp7Il9hdXRoX3VzZXJfaGFzaCI6Ijc2MjEwNWQwMGFlZDgyYzY0YTBmMDEyNjdjYzVhZjRhMmU2MTcwNmMiLCJfYXV0aF91c2VyX2JhY2tlbmQiOiJkamFuZ28uY29udHJpYi5hdXRoLmJhY2tlbmRzLk1vZGVsQmFja2VuZCIsIl9hdXRoX3VzZXJfaWQiOiIxIn0=', '2018-05-01 03:51:51.112706'),
('xl8wmlsigl1217xgk434337gsdinwxkp', 'MTcyNzAxYWViYzg0MTUwM2JjOGZjZDRmZjYwMjAxMzkxZjhiOGNlYTp7Il9hdXRoX3VzZXJfaGFzaCI6Ijc2MjEwNWQwMGFlZDgyYzY0YTBmMDEyNjdjYzVhZjRhMmU2MTcwNmMiLCJfYXV0aF91c2VyX2JhY2tlbmQiOiJkamFuZ28uY29udHJpYi5hdXRoLmJhY2tlbmRzLk1vZGVsQmFja2VuZCIsIl9hdXRoX3VzZXJfaWQiOiIxIn0=', '2018-04-05 19:11:48.013330'),
('xng6w0hu227tzxk2qq3exqw2spv49ni0', 'MTcyNzAxYWViYzg0MTUwM2JjOGZjZDRmZjYwMjAxMzkxZjhiOGNlYTp7Il9hdXRoX3VzZXJfaGFzaCI6Ijc2MjEwNWQwMGFlZDgyYzY0YTBmMDEyNjdjYzVhZjRhMmU2MTcwNmMiLCJfYXV0aF91c2VyX2JhY2tlbmQiOiJkamFuZ28uY29udHJpYi5hdXRoLmJhY2tlbmRzLk1vZGVsQmFja2VuZCIsIl9hdXRoX3VzZXJfaWQiOiIxIn0=', '2018-05-31 18:01:30.587282'),
('xojycjzbnlb4xlye4poyrnryr6ubewou', 'MTcyNzAxYWViYzg0MTUwM2JjOGZjZDRmZjYwMjAxMzkxZjhiOGNlYTp7Il9hdXRoX3VzZXJfaGFzaCI6Ijc2MjEwNWQwMGFlZDgyYzY0YTBmMDEyNjdjYzVhZjRhMmU2MTcwNmMiLCJfYXV0aF91c2VyX2JhY2tlbmQiOiJkamFuZ28uY29udHJpYi5hdXRoLmJhY2tlbmRzLk1vZGVsQmFja2VuZCIsIl9hdXRoX3VzZXJfaWQiOiIxIn0=', '2018-05-01 03:48:27.701335'),
('xpn7nisiu045b255jahsi1tl3f9x4jz0', 'MTcyNzAxYWViYzg0MTUwM2JjOGZjZDRmZjYwMjAxMzkxZjhiOGNlYTp7Il9hdXRoX3VzZXJfaGFzaCI6Ijc2MjEwNWQwMGFlZDgyYzY0YTBmMDEyNjdjYzVhZjRhMmU2MTcwNmMiLCJfYXV0aF91c2VyX2JhY2tlbmQiOiJkamFuZ28uY29udHJpYi5hdXRoLmJhY2tlbmRzLk1vZGVsQmFja2VuZCIsIl9hdXRoX3VzZXJfaWQiOiIxIn0=', '2018-04-05 21:02:09.322065'),
('xpvcovl3d63nopegckj43ko6499xlykc', 'MTcyNzAxYWViYzg0MTUwM2JjOGZjZDRmZjYwMjAxMzkxZjhiOGNlYTp7Il9hdXRoX3VzZXJfaGFzaCI6Ijc2MjEwNWQwMGFlZDgyYzY0YTBmMDEyNjdjYzVhZjRhMmU2MTcwNmMiLCJfYXV0aF91c2VyX2JhY2tlbmQiOiJkamFuZ28uY29udHJpYi5hdXRoLmJhY2tlbmRzLk1vZGVsQmFja2VuZCIsIl9hdXRoX3VzZXJfaWQiOiIxIn0=', '2018-05-18 17:23:31.356046'),
('xqhwmzyqdmhj2x10sdd0mvtvbpjcen94', 'MTcyNzAxYWViYzg0MTUwM2JjOGZjZDRmZjYwMjAxMzkxZjhiOGNlYTp7Il9hdXRoX3VzZXJfaGFzaCI6Ijc2MjEwNWQwMGFlZDgyYzY0YTBmMDEyNjdjYzVhZjRhMmU2MTcwNmMiLCJfYXV0aF91c2VyX2JhY2tlbmQiOiJkamFuZ28uY29udHJpYi5hdXRoLmJhY2tlbmRzLk1vZGVsQmFja2VuZCIsIl9hdXRoX3VzZXJfaWQiOiIxIn0=', '2018-05-31 18:18:14.752741'),
('xr68p8xha6dajr0t2ob6pecjljs66o8j', 'MTcyNzAxYWViYzg0MTUwM2JjOGZjZDRmZjYwMjAxMzkxZjhiOGNlYTp7Il9hdXRoX3VzZXJfaGFzaCI6Ijc2MjEwNWQwMGFlZDgyYzY0YTBmMDEyNjdjYzVhZjRhMmU2MTcwNmMiLCJfYXV0aF91c2VyX2JhY2tlbmQiOiJkamFuZ28uY29udHJpYi5hdXRoLmJhY2tlbmRzLk1vZGVsQmFja2VuZCIsIl9hdXRoX3VzZXJfaWQiOiIxIn0=', '2018-05-18 17:54:35.120997'),
('xtqvprn9ypbxv3zt4af1z2b50qcobhbk', 'MTcyNzAxYWViYzg0MTUwM2JjOGZjZDRmZjYwMjAxMzkxZjhiOGNlYTp7Il9hdXRoX3VzZXJfaGFzaCI6Ijc2MjEwNWQwMGFlZDgyYzY0YTBmMDEyNjdjYzVhZjRhMmU2MTcwNmMiLCJfYXV0aF91c2VyX2JhY2tlbmQiOiJkamFuZ28uY29udHJpYi5hdXRoLmJhY2tlbmRzLk1vZGVsQmFja2VuZCIsIl9hdXRoX3VzZXJfaWQiOiIxIn0=', '2018-04-30 22:03:25.511572'),
('xu7879aqriwbnygt09z504rscd2cq477', 'MTcyNzAxYWViYzg0MTUwM2JjOGZjZDRmZjYwMjAxMzkxZjhiOGNlYTp7Il9hdXRoX3VzZXJfaGFzaCI6Ijc2MjEwNWQwMGFlZDgyYzY0YTBmMDEyNjdjYzVhZjRhMmU2MTcwNmMiLCJfYXV0aF91c2VyX2JhY2tlbmQiOiJkamFuZ28uY29udHJpYi5hdXRoLmJhY2tlbmRzLk1vZGVsQmFja2VuZCIsIl9hdXRoX3VzZXJfaWQiOiIxIn0=', '2018-05-18 17:22:53.787029'),
('xupt6zfzooqmceead4udj1pvs9rmrsrm', 'MTcyNzAxYWViYzg0MTUwM2JjOGZjZDRmZjYwMjAxMzkxZjhiOGNlYTp7Il9hdXRoX3VzZXJfaGFzaCI6Ijc2MjEwNWQwMGFlZDgyYzY0YTBmMDEyNjdjYzVhZjRhMmU2MTcwNmMiLCJfYXV0aF91c2VyX2JhY2tlbmQiOiJkamFuZ28uY29udHJpYi5hdXRoLmJhY2tlbmRzLk1vZGVsQmFja2VuZCIsIl9hdXRoX3VzZXJfaWQiOiIxIn0=', '2018-04-03 06:12:13.170653'),
('xx2abcc69zkta0uhujszoinpweu3lauf', 'MTcyNzAxYWViYzg0MTUwM2JjOGZjZDRmZjYwMjAxMzkxZjhiOGNlYTp7Il9hdXRoX3VzZXJfaGFzaCI6Ijc2MjEwNWQwMGFlZDgyYzY0YTBmMDEyNjdjYzVhZjRhMmU2MTcwNmMiLCJfYXV0aF91c2VyX2JhY2tlbmQiOiJkamFuZ28uY29udHJpYi5hdXRoLmJhY2tlbmRzLk1vZGVsQmFja2VuZCIsIl9hdXRoX3VzZXJfaWQiOiIxIn0=', '2018-05-31 05:16:10.550166'),
('xxlaovzinu9kf4zi43rpvtms9xsu3uce', 'MTcyNzAxYWViYzg0MTUwM2JjOGZjZDRmZjYwMjAxMzkxZjhiOGNlYTp7Il9hdXRoX3VzZXJfaGFzaCI6Ijc2MjEwNWQwMGFlZDgyYzY0YTBmMDEyNjdjYzVhZjRhMmU2MTcwNmMiLCJfYXV0aF91c2VyX2JhY2tlbmQiOiJkamFuZ28uY29udHJpYi5hdXRoLmJhY2tlbmRzLk1vZGVsQmFja2VuZCIsIl9hdXRoX3VzZXJfaWQiOiIxIn0=', '2018-04-30 20:41:26.213036'),
('xypj2qkr2ox3fbe21wbhgsgvf3m0kgfa', 'MTcyNzAxYWViYzg0MTUwM2JjOGZjZDRmZjYwMjAxMzkxZjhiOGNlYTp7Il9hdXRoX3VzZXJfaGFzaCI6Ijc2MjEwNWQwMGFlZDgyYzY0YTBmMDEyNjdjYzVhZjRhMmU2MTcwNmMiLCJfYXV0aF91c2VyX2JhY2tlbmQiOiJkamFuZ28uY29udHJpYi5hdXRoLmJhY2tlbmRzLk1vZGVsQmFja2VuZCIsIl9hdXRoX3VzZXJfaWQiOiIxIn0=', '2018-04-30 21:16:36.857015'),
('xz11493hucetm58komwhxcpjkf6wx1rm', 'MTcyNzAxYWViYzg0MTUwM2JjOGZjZDRmZjYwMjAxMzkxZjhiOGNlYTp7Il9hdXRoX3VzZXJfaGFzaCI6Ijc2MjEwNWQwMGFlZDgyYzY0YTBmMDEyNjdjYzVhZjRhMmU2MTcwNmMiLCJfYXV0aF91c2VyX2JhY2tlbmQiOiJkamFuZ28uY29udHJpYi5hdXRoLmJhY2tlbmRzLk1vZGVsQmFja2VuZCIsIl9hdXRoX3VzZXJfaWQiOiIxIn0=', '2018-04-04 18:49:01.671722'),
('xzf3p20mpvy1sdmgl1no7hdzqgn3dfcy', 'MTcyNzAxYWViYzg0MTUwM2JjOGZjZDRmZjYwMjAxMzkxZjhiOGNlYTp7Il9hdXRoX3VzZXJfaGFzaCI6Ijc2MjEwNWQwMGFlZDgyYzY0YTBmMDEyNjdjYzVhZjRhMmU2MTcwNmMiLCJfYXV0aF91c2VyX2JhY2tlbmQiOiJkamFuZ28uY29udHJpYi5hdXRoLmJhY2tlbmRzLk1vZGVsQmFja2VuZCIsIl9hdXRoX3VzZXJfaWQiOiIxIn0=', '2018-05-31 16:30:04.218103'),
('y06xk9d5docuxoc31rksw9najf4jjgsh', 'MTcyNzAxYWViYzg0MTUwM2JjOGZjZDRmZjYwMjAxMzkxZjhiOGNlYTp7Il9hdXRoX3VzZXJfaGFzaCI6Ijc2MjEwNWQwMGFlZDgyYzY0YTBmMDEyNjdjYzVhZjRhMmU2MTcwNmMiLCJfYXV0aF91c2VyX2JhY2tlbmQiOiJkamFuZ28uY29udHJpYi5hdXRoLmJhY2tlbmRzLk1vZGVsQmFja2VuZCIsIl9hdXRoX3VzZXJfaWQiOiIxIn0=', '2018-05-31 18:42:08.816252'),
('y0vx8qh3cudheq4wzcmo6b2waoe5kpkt', 'MTcyNzAxYWViYzg0MTUwM2JjOGZjZDRmZjYwMjAxMzkxZjhiOGNlYTp7Il9hdXRoX3VzZXJfaGFzaCI6Ijc2MjEwNWQwMGFlZDgyYzY0YTBmMDEyNjdjYzVhZjRhMmU2MTcwNmMiLCJfYXV0aF91c2VyX2JhY2tlbmQiOiJkamFuZ28uY29udHJpYi5hdXRoLmJhY2tlbmRzLk1vZGVsQmFja2VuZCIsIl9hdXRoX3VzZXJfaWQiOiIxIn0=', '2018-05-31 04:58:30.847101'),
('y17nh8pc7m6gvnwl3x7ipdwtespln23v', 'MTcyNzAxYWViYzg0MTUwM2JjOGZjZDRmZjYwMjAxMzkxZjhiOGNlYTp7Il9hdXRoX3VzZXJfaGFzaCI6Ijc2MjEwNWQwMGFlZDgyYzY0YTBmMDEyNjdjYzVhZjRhMmU2MTcwNmMiLCJfYXV0aF91c2VyX2JhY2tlbmQiOiJkamFuZ28uY29udHJpYi5hdXRoLmJhY2tlbmRzLk1vZGVsQmFja2VuZCIsIl9hdXRoX3VzZXJfaWQiOiIxIn0=', '2018-04-30 19:57:18.502172'),
('y1nga9mbo5rcvd2rh2chf3b4ejdnzq18', 'MTcyNzAxYWViYzg0MTUwM2JjOGZjZDRmZjYwMjAxMzkxZjhiOGNlYTp7Il9hdXRoX3VzZXJfaGFzaCI6Ijc2MjEwNWQwMGFlZDgyYzY0YTBmMDEyNjdjYzVhZjRhMmU2MTcwNmMiLCJfYXV0aF91c2VyX2JhY2tlbmQiOiJkamFuZ28uY29udHJpYi5hdXRoLmJhY2tlbmRzLk1vZGVsQmFja2VuZCIsIl9hdXRoX3VzZXJfaWQiOiIxIn0=', '2018-05-31 04:58:51.891937'),
('y28ig1zi8pb3nw5rjnhuc26z920ozxtm', 'MTcyNzAxYWViYzg0MTUwM2JjOGZjZDRmZjYwMjAxMzkxZjhiOGNlYTp7Il9hdXRoX3VzZXJfaGFzaCI6Ijc2MjEwNWQwMGFlZDgyYzY0YTBmMDEyNjdjYzVhZjRhMmU2MTcwNmMiLCJfYXV0aF91c2VyX2JhY2tlbmQiOiJkamFuZ28uY29udHJpYi5hdXRoLmJhY2tlbmRzLk1vZGVsQmFja2VuZCIsIl9hdXRoX3VzZXJfaWQiOiIxIn0=', '2018-05-30 21:33:23.002976'),
('y2ebdp4weozhsdgndn55j50rxvqe2d5c', 'MTcyNzAxYWViYzg0MTUwM2JjOGZjZDRmZjYwMjAxMzkxZjhiOGNlYTp7Il9hdXRoX3VzZXJfaGFzaCI6Ijc2MjEwNWQwMGFlZDgyYzY0YTBmMDEyNjdjYzVhZjRhMmU2MTcwNmMiLCJfYXV0aF91c2VyX2JhY2tlbmQiOiJkamFuZ28uY29udHJpYi5hdXRoLmJhY2tlbmRzLk1vZGVsQmFja2VuZCIsIl9hdXRoX3VzZXJfaWQiOiIxIn0=', '2018-05-30 21:18:07.889285'),
('y2q916zoe1opu0w6enqw5w9kkddth7q5', 'MTcyNzAxYWViYzg0MTUwM2JjOGZjZDRmZjYwMjAxMzkxZjhiOGNlYTp7Il9hdXRoX3VzZXJfaGFzaCI6Ijc2MjEwNWQwMGFlZDgyYzY0YTBmMDEyNjdjYzVhZjRhMmU2MTcwNmMiLCJfYXV0aF91c2VyX2JhY2tlbmQiOiJkamFuZ28uY29udHJpYi5hdXRoLmJhY2tlbmRzLk1vZGVsQmFja2VuZCIsIl9hdXRoX3VzZXJfaWQiOiIxIn0=', '2018-04-30 21:44:59.903585'),
('y30vkwyan566k04h9ss10m7q9s9naex3', 'MTcyNzAxYWViYzg0MTUwM2JjOGZjZDRmZjYwMjAxMzkxZjhiOGNlYTp7Il9hdXRoX3VzZXJfaGFzaCI6Ijc2MjEwNWQwMGFlZDgyYzY0YTBmMDEyNjdjYzVhZjRhMmU2MTcwNmMiLCJfYXV0aF91c2VyX2JhY2tlbmQiOiJkamFuZ28uY29udHJpYi5hdXRoLmJhY2tlbmRzLk1vZGVsQmFja2VuZCIsIl9hdXRoX3VzZXJfaWQiOiIxIn0=', '2018-05-01 03:45:34.272768'),
('y4i8zfoqo7btsgzvkrrrd1q9x3px5eym', 'MTcyNzAxYWViYzg0MTUwM2JjOGZjZDRmZjYwMjAxMzkxZjhiOGNlYTp7Il9hdXRoX3VzZXJfaGFzaCI6Ijc2MjEwNWQwMGFlZDgyYzY0YTBmMDEyNjdjYzVhZjRhMmU2MTcwNmMiLCJfYXV0aF91c2VyX2JhY2tlbmQiOiJkamFuZ28uY29udHJpYi5hdXRoLmJhY2tlbmRzLk1vZGVsQmFja2VuZCIsIl9hdXRoX3VzZXJfaWQiOiIxIn0=', '2018-05-30 21:17:04.473473'),
('y6ydo7sxk5z7he67nvy63t3epgcdtmvk', 'MTcyNzAxYWViYzg0MTUwM2JjOGZjZDRmZjYwMjAxMzkxZjhiOGNlYTp7Il9hdXRoX3VzZXJfaGFzaCI6Ijc2MjEwNWQwMGFlZDgyYzY0YTBmMDEyNjdjYzVhZjRhMmU2MTcwNmMiLCJfYXV0aF91c2VyX2JhY2tlbmQiOiJkamFuZ28uY29udHJpYi5hdXRoLmJhY2tlbmRzLk1vZGVsQmFja2VuZCIsIl9hdXRoX3VzZXJfaWQiOiIxIn0=', '2018-04-05 20:51:56.604554'),
('y7nxng55f5lncxb1bvvaarqrc1tibfnc', 'MTcyNzAxYWViYzg0MTUwM2JjOGZjZDRmZjYwMjAxMzkxZjhiOGNlYTp7Il9hdXRoX3VzZXJfaGFzaCI6Ijc2MjEwNWQwMGFlZDgyYzY0YTBmMDEyNjdjYzVhZjRhMmU2MTcwNmMiLCJfYXV0aF91c2VyX2JhY2tlbmQiOiJkamFuZ28uY29udHJpYi5hdXRoLmJhY2tlbmRzLk1vZGVsQmFja2VuZCIsIl9hdXRoX3VzZXJfaWQiOiIxIn0=', '2018-05-31 18:41:45.867005'),
('y943zvj2ua85i0wlmcl8z1xy4y13cs2h', 'MTcyNzAxYWViYzg0MTUwM2JjOGZjZDRmZjYwMjAxMzkxZjhiOGNlYTp7Il9hdXRoX3VzZXJfaGFzaCI6Ijc2MjEwNWQwMGFlZDgyYzY0YTBmMDEyNjdjYzVhZjRhMmU2MTcwNmMiLCJfYXV0aF91c2VyX2JhY2tlbmQiOiJkamFuZ28uY29udHJpYi5hdXRoLmJhY2tlbmRzLk1vZGVsQmFja2VuZCIsIl9hdXRoX3VzZXJfaWQiOiIxIn0=', '2018-05-18 17:13:16.410767'),
('y9s259o8nviws7whs6x8sfnu6unzzuc1', 'MTcyNzAxYWViYzg0MTUwM2JjOGZjZDRmZjYwMjAxMzkxZjhiOGNlYTp7Il9hdXRoX3VzZXJfaGFzaCI6Ijc2MjEwNWQwMGFlZDgyYzY0YTBmMDEyNjdjYzVhZjRhMmU2MTcwNmMiLCJfYXV0aF91c2VyX2JhY2tlbmQiOiJkamFuZ28uY29udHJpYi5hdXRoLmJhY2tlbmRzLk1vZGVsQmFja2VuZCIsIl9hdXRoX3VzZXJfaWQiOiIxIn0=', '2018-04-30 22:09:35.524675'),
('yb9m3mazzn1954uoyrzxq78a37a2r3iu', 'MTcyNzAxYWViYzg0MTUwM2JjOGZjZDRmZjYwMjAxMzkxZjhiOGNlYTp7Il9hdXRoX3VzZXJfaGFzaCI6Ijc2MjEwNWQwMGFlZDgyYzY0YTBmMDEyNjdjYzVhZjRhMmU2MTcwNmMiLCJfYXV0aF91c2VyX2JhY2tlbmQiOiJkamFuZ28uY29udHJpYi5hdXRoLmJhY2tlbmRzLk1vZGVsQmFja2VuZCIsIl9hdXRoX3VzZXJfaWQiOiIxIn0=', '2018-06-03 02:11:29.332208'),
('ybbc3drqn6p0nn31fkqvfgh6u0xtxkgu', 'MTcyNzAxYWViYzg0MTUwM2JjOGZjZDRmZjYwMjAxMzkxZjhiOGNlYTp7Il9hdXRoX3VzZXJfaGFzaCI6Ijc2MjEwNWQwMGFlZDgyYzY0YTBmMDEyNjdjYzVhZjRhMmU2MTcwNmMiLCJfYXV0aF91c2VyX2JhY2tlbmQiOiJkamFuZ28uY29udHJpYi5hdXRoLmJhY2tlbmRzLk1vZGVsQmFja2VuZCIsIl9hdXRoX3VzZXJfaWQiOiIxIn0=', '2018-05-01 03:26:20.964312'),
('ycaozi426jk5qalpgpkxd8w7bomwm526', 'MTcyNzAxYWViYzg0MTUwM2JjOGZjZDRmZjYwMjAxMzkxZjhiOGNlYTp7Il9hdXRoX3VzZXJfaGFzaCI6Ijc2MjEwNWQwMGFlZDgyYzY0YTBmMDEyNjdjYzVhZjRhMmU2MTcwNmMiLCJfYXV0aF91c2VyX2JhY2tlbmQiOiJkamFuZ28uY29udHJpYi5hdXRoLmJhY2tlbmRzLk1vZGVsQmFja2VuZCIsIl9hdXRoX3VzZXJfaWQiOiIxIn0=', '2018-04-30 20:59:24.450971'),
('ye6gg6ggnk0syq5l6tsqpgn9kqsxivhh', 'MTcyNzAxYWViYzg0MTUwM2JjOGZjZDRmZjYwMjAxMzkxZjhiOGNlYTp7Il9hdXRoX3VzZXJfaGFzaCI6Ijc2MjEwNWQwMGFlZDgyYzY0YTBmMDEyNjdjYzVhZjRhMmU2MTcwNmMiLCJfYXV0aF91c2VyX2JhY2tlbmQiOiJkamFuZ28uY29udHJpYi5hdXRoLmJhY2tlbmRzLk1vZGVsQmFja2VuZCIsIl9hdXRoX3VzZXJfaWQiOiIxIn0=', '2018-05-01 03:22:09.033963'),
('yedc46xjqynxjh6zrlohswfbmb5gqmov', 'MTcyNzAxYWViYzg0MTUwM2JjOGZjZDRmZjYwMjAxMzkxZjhiOGNlYTp7Il9hdXRoX3VzZXJfaGFzaCI6Ijc2MjEwNWQwMGFlZDgyYzY0YTBmMDEyNjdjYzVhZjRhMmU2MTcwNmMiLCJfYXV0aF91c2VyX2JhY2tlbmQiOiJkamFuZ28uY29udHJpYi5hdXRoLmJhY2tlbmRzLk1vZGVsQmFja2VuZCIsIl9hdXRoX3VzZXJfaWQiOiIxIn0=', '2018-05-18 17:22:11.555331'),
('yf051ua6o9vkq2ecjhswy15t4lg60tqf', 'MTcyNzAxYWViYzg0MTUwM2JjOGZjZDRmZjYwMjAxMzkxZjhiOGNlYTp7Il9hdXRoX3VzZXJfaGFzaCI6Ijc2MjEwNWQwMGFlZDgyYzY0YTBmMDEyNjdjYzVhZjRhMmU2MTcwNmMiLCJfYXV0aF91c2VyX2JhY2tlbmQiOiJkamFuZ28uY29udHJpYi5hdXRoLmJhY2tlbmRzLk1vZGVsQmFja2VuZCIsIl9hdXRoX3VzZXJfaWQiOiIxIn0=', '2018-05-31 17:15:06.598210'),
('yfbvqohb72xn76c23kqkg6y84g1o3w17', 'MTcyNzAxYWViYzg0MTUwM2JjOGZjZDRmZjYwMjAxMzkxZjhiOGNlYTp7Il9hdXRoX3VzZXJfaGFzaCI6Ijc2MjEwNWQwMGFlZDgyYzY0YTBmMDEyNjdjYzVhZjRhMmU2MTcwNmMiLCJfYXV0aF91c2VyX2JhY2tlbmQiOiJkamFuZ28uY29udHJpYi5hdXRoLmJhY2tlbmRzLk1vZGVsQmFja2VuZCIsIl9hdXRoX3VzZXJfaWQiOiIxIn0=', '2018-05-31 04:54:06.077089'),
('yfspy00ysfduyds5enx888wopt6mkcck', 'MTcyNzAxYWViYzg0MTUwM2JjOGZjZDRmZjYwMjAxMzkxZjhiOGNlYTp7Il9hdXRoX3VzZXJfaGFzaCI6Ijc2MjEwNWQwMGFlZDgyYzY0YTBmMDEyNjdjYzVhZjRhMmU2MTcwNmMiLCJfYXV0aF91c2VyX2JhY2tlbmQiOiJkamFuZ28uY29udHJpYi5hdXRoLmJhY2tlbmRzLk1vZGVsQmFja2VuZCIsIl9hdXRoX3VzZXJfaWQiOiIxIn0=', '2018-04-30 22:03:03.188501');
INSERT INTO `django_session` (`session_key`, `session_data`, `expire_date`) VALUES
('yg50jskrywhryp7a24r6nwuhprok4ov7', 'MTcyNzAxYWViYzg0MTUwM2JjOGZjZDRmZjYwMjAxMzkxZjhiOGNlYTp7Il9hdXRoX3VzZXJfaGFzaCI6Ijc2MjEwNWQwMGFlZDgyYzY0YTBmMDEyNjdjYzVhZjRhMmU2MTcwNmMiLCJfYXV0aF91c2VyX2JhY2tlbmQiOiJkamFuZ28uY29udHJpYi5hdXRoLmJhY2tlbmRzLk1vZGVsQmFja2VuZCIsIl9hdXRoX3VzZXJfaWQiOiIxIn0=', '2018-04-04 05:32:00.414895'),
('yheuyz2thnbbxbubdy5fyuxixpk1tklw', 'MTcyNzAxYWViYzg0MTUwM2JjOGZjZDRmZjYwMjAxMzkxZjhiOGNlYTp7Il9hdXRoX3VzZXJfaGFzaCI6Ijc2MjEwNWQwMGFlZDgyYzY0YTBmMDEyNjdjYzVhZjRhMmU2MTcwNmMiLCJfYXV0aF91c2VyX2JhY2tlbmQiOiJkamFuZ28uY29udHJpYi5hdXRoLmJhY2tlbmRzLk1vZGVsQmFja2VuZCIsIl9hdXRoX3VzZXJfaWQiOiIxIn0=', '2018-05-31 04:44:59.125895'),
('yhk7amvxj13d4qg0umq896rrh2dsceah', 'MTcyNzAxYWViYzg0MTUwM2JjOGZjZDRmZjYwMjAxMzkxZjhiOGNlYTp7Il9hdXRoX3VzZXJfaGFzaCI6Ijc2MjEwNWQwMGFlZDgyYzY0YTBmMDEyNjdjYzVhZjRhMmU2MTcwNmMiLCJfYXV0aF91c2VyX2JhY2tlbmQiOiJkamFuZ28uY29udHJpYi5hdXRoLmJhY2tlbmRzLk1vZGVsQmFja2VuZCIsIl9hdXRoX3VzZXJfaWQiOiIxIn0=', '2018-05-31 18:02:24.494716'),
('yk22lgw4t0bbzo6hjfy33scxfub1nkl6', 'MTcyNzAxYWViYzg0MTUwM2JjOGZjZDRmZjYwMjAxMzkxZjhiOGNlYTp7Il9hdXRoX3VzZXJfaGFzaCI6Ijc2MjEwNWQwMGFlZDgyYzY0YTBmMDEyNjdjYzVhZjRhMmU2MTcwNmMiLCJfYXV0aF91c2VyX2JhY2tlbmQiOiJkamFuZ28uY29udHJpYi5hdXRoLmJhY2tlbmRzLk1vZGVsQmFja2VuZCIsIl9hdXRoX3VzZXJfaWQiOiIxIn0=', '2018-04-04 18:07:38.919536'),
('ylzcl1mwpljliv0sh2pwkp444v4jtoip', 'MTcyNzAxYWViYzg0MTUwM2JjOGZjZDRmZjYwMjAxMzkxZjhiOGNlYTp7Il9hdXRoX3VzZXJfaGFzaCI6Ijc2MjEwNWQwMGFlZDgyYzY0YTBmMDEyNjdjYzVhZjRhMmU2MTcwNmMiLCJfYXV0aF91c2VyX2JhY2tlbmQiOiJkamFuZ28uY29udHJpYi5hdXRoLmJhY2tlbmRzLk1vZGVsQmFja2VuZCIsIl9hdXRoX3VzZXJfaWQiOiIxIn0=', '2018-05-18 17:48:52.130016'),
('ym941aifp4g9ush0cqb0vkmfhoea9sz4', 'MTcyNzAxYWViYzg0MTUwM2JjOGZjZDRmZjYwMjAxMzkxZjhiOGNlYTp7Il9hdXRoX3VzZXJfaGFzaCI6Ijc2MjEwNWQwMGFlZDgyYzY0YTBmMDEyNjdjYzVhZjRhMmU2MTcwNmMiLCJfYXV0aF91c2VyX2JhY2tlbmQiOiJkamFuZ28uY29udHJpYi5hdXRoLmJhY2tlbmRzLk1vZGVsQmFja2VuZCIsIl9hdXRoX3VzZXJfaWQiOiIxIn0=', '2018-04-30 20:00:58.477074'),
('ymdfuuv9qbgidw4c4dt23gzg7w5b8hwg', 'MTcyNzAxYWViYzg0MTUwM2JjOGZjZDRmZjYwMjAxMzkxZjhiOGNlYTp7Il9hdXRoX3VzZXJfaGFzaCI6Ijc2MjEwNWQwMGFlZDgyYzY0YTBmMDEyNjdjYzVhZjRhMmU2MTcwNmMiLCJfYXV0aF91c2VyX2JhY2tlbmQiOiJkamFuZ28uY29udHJpYi5hdXRoLmJhY2tlbmRzLk1vZGVsQmFja2VuZCIsIl9hdXRoX3VzZXJfaWQiOiIxIn0=', '2018-05-18 19:24:24.080576'),
('ymeh4s26xumz5fkgtdtcbd9d19tm14f0', 'MTcyNzAxYWViYzg0MTUwM2JjOGZjZDRmZjYwMjAxMzkxZjhiOGNlYTp7Il9hdXRoX3VzZXJfaGFzaCI6Ijc2MjEwNWQwMGFlZDgyYzY0YTBmMDEyNjdjYzVhZjRhMmU2MTcwNmMiLCJfYXV0aF91c2VyX2JhY2tlbmQiOiJkamFuZ28uY29udHJpYi5hdXRoLmJhY2tlbmRzLk1vZGVsQmFja2VuZCIsIl9hdXRoX3VzZXJfaWQiOiIxIn0=', '2018-04-23 07:17:50.292848'),
('yn082h7mcqyy5alidj4xhd4nx1t83q3h', 'MTcyNzAxYWViYzg0MTUwM2JjOGZjZDRmZjYwMjAxMzkxZjhiOGNlYTp7Il9hdXRoX3VzZXJfaGFzaCI6Ijc2MjEwNWQwMGFlZDgyYzY0YTBmMDEyNjdjYzVhZjRhMmU2MTcwNmMiLCJfYXV0aF91c2VyX2JhY2tlbmQiOiJkamFuZ28uY29udHJpYi5hdXRoLmJhY2tlbmRzLk1vZGVsQmFja2VuZCIsIl9hdXRoX3VzZXJfaWQiOiIxIn0=', '2018-05-31 05:09:41.185048'),
('yntm4lyl9kf15x8rlyvvia8w9j5jukfr', 'MTcyNzAxYWViYzg0MTUwM2JjOGZjZDRmZjYwMjAxMzkxZjhiOGNlYTp7Il9hdXRoX3VzZXJfaGFzaCI6Ijc2MjEwNWQwMGFlZDgyYzY0YTBmMDEyNjdjYzVhZjRhMmU2MTcwNmMiLCJfYXV0aF91c2VyX2JhY2tlbmQiOiJkamFuZ28uY29udHJpYi5hdXRoLmJhY2tlbmRzLk1vZGVsQmFja2VuZCIsIl9hdXRoX3VzZXJfaWQiOiIxIn0=', '2018-05-31 05:10:02.437118'),
('yo32e5c07tu37ynvut1eohfftihivmxw', 'MTcyNzAxYWViYzg0MTUwM2JjOGZjZDRmZjYwMjAxMzkxZjhiOGNlYTp7Il9hdXRoX3VzZXJfaGFzaCI6Ijc2MjEwNWQwMGFlZDgyYzY0YTBmMDEyNjdjYzVhZjRhMmU2MTcwNmMiLCJfYXV0aF91c2VyX2JhY2tlbmQiOiJkamFuZ28uY29udHJpYi5hdXRoLmJhY2tlbmRzLk1vZGVsQmFja2VuZCIsIl9hdXRoX3VzZXJfaWQiOiIxIn0=', '2018-05-31 17:44:04.865060'),
('yo4f3g9rk6o6ff9ughlqyvk1k62ikl8l', 'MTcyNzAxYWViYzg0MTUwM2JjOGZjZDRmZjYwMjAxMzkxZjhiOGNlYTp7Il9hdXRoX3VzZXJfaGFzaCI6Ijc2MjEwNWQwMGFlZDgyYzY0YTBmMDEyNjdjYzVhZjRhMmU2MTcwNmMiLCJfYXV0aF91c2VyX2JhY2tlbmQiOiJkamFuZ28uY29udHJpYi5hdXRoLmJhY2tlbmRzLk1vZGVsQmFja2VuZCIsIl9hdXRoX3VzZXJfaWQiOiIxIn0=', '2018-04-30 21:13:07.182023'),
('yor8fluyhghjfyhh7uq1jjfyfckesw59', 'MTcyNzAxYWViYzg0MTUwM2JjOGZjZDRmZjYwMjAxMzkxZjhiOGNlYTp7Il9hdXRoX3VzZXJfaGFzaCI6Ijc2MjEwNWQwMGFlZDgyYzY0YTBmMDEyNjdjYzVhZjRhMmU2MTcwNmMiLCJfYXV0aF91c2VyX2JhY2tlbmQiOiJkamFuZ28uY29udHJpYi5hdXRoLmJhY2tlbmRzLk1vZGVsQmFja2VuZCIsIl9hdXRoX3VzZXJfaWQiOiIxIn0=', '2018-04-30 20:59:45.097600'),
('yp5bkhofhdv6hgz8165o2ezm30za7tfm', 'MTcyNzAxYWViYzg0MTUwM2JjOGZjZDRmZjYwMjAxMzkxZjhiOGNlYTp7Il9hdXRoX3VzZXJfaGFzaCI6Ijc2MjEwNWQwMGFlZDgyYzY0YTBmMDEyNjdjYzVhZjRhMmU2MTcwNmMiLCJfYXV0aF91c2VyX2JhY2tlbmQiOiJkamFuZ28uY29udHJpYi5hdXRoLmJhY2tlbmRzLk1vZGVsQmFja2VuZCIsIl9hdXRoX3VzZXJfaWQiOiIxIn0=', '2018-04-30 22:10:11.829867'),
('yqlpphxvpesh4zcf3sx08nu2fwvdx0aa', 'MTcyNzAxYWViYzg0MTUwM2JjOGZjZDRmZjYwMjAxMzkxZjhiOGNlYTp7Il9hdXRoX3VzZXJfaGFzaCI6Ijc2MjEwNWQwMGFlZDgyYzY0YTBmMDEyNjdjYzVhZjRhMmU2MTcwNmMiLCJfYXV0aF91c2VyX2JhY2tlbmQiOiJkamFuZ28uY29udHJpYi5hdXRoLmJhY2tlbmRzLk1vZGVsQmFja2VuZCIsIl9hdXRoX3VzZXJfaWQiOiIxIn0=', '2018-04-23 07:07:38.356381'),
('yr2ko5y4f1spsfj3kuxlsqi1jodl3gtu', 'MTcyNzAxYWViYzg0MTUwM2JjOGZjZDRmZjYwMjAxMzkxZjhiOGNlYTp7Il9hdXRoX3VzZXJfaGFzaCI6Ijc2MjEwNWQwMGFlZDgyYzY0YTBmMDEyNjdjYzVhZjRhMmU2MTcwNmMiLCJfYXV0aF91c2VyX2JhY2tlbmQiOiJkamFuZ28uY29udHJpYi5hdXRoLmJhY2tlbmRzLk1vZGVsQmFja2VuZCIsIl9hdXRoX3VzZXJfaWQiOiIxIn0=', '2018-05-31 05:00:47.811005'),
('ys1itgdrrjlu5mwkf34n4a17cwyktx9t', 'MTcyNzAxYWViYzg0MTUwM2JjOGZjZDRmZjYwMjAxMzkxZjhiOGNlYTp7Il9hdXRoX3VzZXJfaGFzaCI6Ijc2MjEwNWQwMGFlZDgyYzY0YTBmMDEyNjdjYzVhZjRhMmU2MTcwNmMiLCJfYXV0aF91c2VyX2JhY2tlbmQiOiJkamFuZ28uY29udHJpYi5hdXRoLmJhY2tlbmRzLk1vZGVsQmFja2VuZCIsIl9hdXRoX3VzZXJfaWQiOiIxIn0=', '2018-05-31 18:40:53.176037'),
('ys8psp2exqjw898herbmi4ferz7f7quz', 'MTcyNzAxYWViYzg0MTUwM2JjOGZjZDRmZjYwMjAxMzkxZjhiOGNlYTp7Il9hdXRoX3VzZXJfaGFzaCI6Ijc2MjEwNWQwMGFlZDgyYzY0YTBmMDEyNjdjYzVhZjRhMmU2MTcwNmMiLCJfYXV0aF91c2VyX2JhY2tlbmQiOiJkamFuZ28uY29udHJpYi5hdXRoLmJhY2tlbmRzLk1vZGVsQmFja2VuZCIsIl9hdXRoX3VzZXJfaWQiOiIxIn0=', '2018-05-18 19:24:52.752232'),
('yt9aq99e09ru1sey2pb3q23uzp62ikba', 'MTcyNzAxYWViYzg0MTUwM2JjOGZjZDRmZjYwMjAxMzkxZjhiOGNlYTp7Il9hdXRoX3VzZXJfaGFzaCI6Ijc2MjEwNWQwMGFlZDgyYzY0YTBmMDEyNjdjYzVhZjRhMmU2MTcwNmMiLCJfYXV0aF91c2VyX2JhY2tlbmQiOiJkamFuZ28uY29udHJpYi5hdXRoLmJhY2tlbmRzLk1vZGVsQmFja2VuZCIsIl9hdXRoX3VzZXJfaWQiOiIxIn0=', '2018-04-30 21:41:57.739650'),
('yvk79nzi8en76e1woc9usis9p1n4fdmz', 'MTcyNzAxYWViYzg0MTUwM2JjOGZjZDRmZjYwMjAxMzkxZjhiOGNlYTp7Il9hdXRoX3VzZXJfaGFzaCI6Ijc2MjEwNWQwMGFlZDgyYzY0YTBmMDEyNjdjYzVhZjRhMmU2MTcwNmMiLCJfYXV0aF91c2VyX2JhY2tlbmQiOiJkamFuZ28uY29udHJpYi5hdXRoLmJhY2tlbmRzLk1vZGVsQmFja2VuZCIsIl9hdXRoX3VzZXJfaWQiOiIxIn0=', '2018-05-31 05:40:04.048679'),
('ywxntklf4a902env34hxs9zkg3rp7avg', 'MTcyNzAxYWViYzg0MTUwM2JjOGZjZDRmZjYwMjAxMzkxZjhiOGNlYTp7Il9hdXRoX3VzZXJfaGFzaCI6Ijc2MjEwNWQwMGFlZDgyYzY0YTBmMDEyNjdjYzVhZjRhMmU2MTcwNmMiLCJfYXV0aF91c2VyX2JhY2tlbmQiOiJkamFuZ28uY29udHJpYi5hdXRoLmJhY2tlbmRzLk1vZGVsQmFja2VuZCIsIl9hdXRoX3VzZXJfaWQiOiIxIn0=', '2018-04-30 21:16:49.858169'),
('yxn16zryrwyixfigucvzidr2gtkinlls', 'MTcyNzAxYWViYzg0MTUwM2JjOGZjZDRmZjYwMjAxMzkxZjhiOGNlYTp7Il9hdXRoX3VzZXJfaGFzaCI6Ijc2MjEwNWQwMGFlZDgyYzY0YTBmMDEyNjdjYzVhZjRhMmU2MTcwNmMiLCJfYXV0aF91c2VyX2JhY2tlbmQiOiJkamFuZ28uY29udHJpYi5hdXRoLmJhY2tlbmRzLk1vZGVsQmFja2VuZCIsIl9hdXRoX3VzZXJfaWQiOiIxIn0=', '2018-05-31 05:50:39.881188'),
('yy54kl78qmbqye9eawp7cdgabwfuq5sx', 'MTcyNzAxYWViYzg0MTUwM2JjOGZjZDRmZjYwMjAxMzkxZjhiOGNlYTp7Il9hdXRoX3VzZXJfaGFzaCI6Ijc2MjEwNWQwMGFlZDgyYzY0YTBmMDEyNjdjYzVhZjRhMmU2MTcwNmMiLCJfYXV0aF91c2VyX2JhY2tlbmQiOiJkamFuZ28uY29udHJpYi5hdXRoLmJhY2tlbmRzLk1vZGVsQmFja2VuZCIsIl9hdXRoX3VzZXJfaWQiOiIxIn0=', '2018-05-31 18:43:19.002472'),
('yyaqlziazoxnpnji137zb61on1x5zp49', 'MTcyNzAxYWViYzg0MTUwM2JjOGZjZDRmZjYwMjAxMzkxZjhiOGNlYTp7Il9hdXRoX3VzZXJfaGFzaCI6Ijc2MjEwNWQwMGFlZDgyYzY0YTBmMDEyNjdjYzVhZjRhMmU2MTcwNmMiLCJfYXV0aF91c2VyX2JhY2tlbmQiOiJkamFuZ28uY29udHJpYi5hdXRoLmJhY2tlbmRzLk1vZGVsQmFja2VuZCIsIl9hdXRoX3VzZXJfaWQiOiIxIn0=', '2018-05-01 03:22:04.246284'),
('yyslf18qmvucl2ghczelu4q7268xuvlm', 'MTcyNzAxYWViYzg0MTUwM2JjOGZjZDRmZjYwMjAxMzkxZjhiOGNlYTp7Il9hdXRoX3VzZXJfaGFzaCI6Ijc2MjEwNWQwMGFlZDgyYzY0YTBmMDEyNjdjYzVhZjRhMmU2MTcwNmMiLCJfYXV0aF91c2VyX2JhY2tlbmQiOiJkamFuZ28uY29udHJpYi5hdXRoLmJhY2tlbmRzLk1vZGVsQmFja2VuZCIsIl9hdXRoX3VzZXJfaWQiOiIxIn0=', '2018-05-18 17:22:16.329950'),
('yz6si7wvxtzyrj98z3r25obd6sdzccct', 'MTcyNzAxYWViYzg0MTUwM2JjOGZjZDRmZjYwMjAxMzkxZjhiOGNlYTp7Il9hdXRoX3VzZXJfaGFzaCI6Ijc2MjEwNWQwMGFlZDgyYzY0YTBmMDEyNjdjYzVhZjRhMmU2MTcwNmMiLCJfYXV0aF91c2VyX2JhY2tlbmQiOiJkamFuZ28uY29udHJpYi5hdXRoLmJhY2tlbmRzLk1vZGVsQmFja2VuZCIsIl9hdXRoX3VzZXJfaWQiOiIxIn0=', '2018-05-31 04:38:22.414968'),
('yzp5jcc978d4h6onvyxmegg0b102kq1y', 'MTcyNzAxYWViYzg0MTUwM2JjOGZjZDRmZjYwMjAxMzkxZjhiOGNlYTp7Il9hdXRoX3VzZXJfaGFzaCI6Ijc2MjEwNWQwMGFlZDgyYzY0YTBmMDEyNjdjYzVhZjRhMmU2MTcwNmMiLCJfYXV0aF91c2VyX2JhY2tlbmQiOiJkamFuZ28uY29udHJpYi5hdXRoLmJhY2tlbmRzLk1vZGVsQmFja2VuZCIsIl9hdXRoX3VzZXJfaWQiOiIxIn0=', '2018-04-04 18:12:03.412932'),
('z0dexl0f30b9bmkhj62d7wn4anri3zaw', 'MTcyNzAxYWViYzg0MTUwM2JjOGZjZDRmZjYwMjAxMzkxZjhiOGNlYTp7Il9hdXRoX3VzZXJfaGFzaCI6Ijc2MjEwNWQwMGFlZDgyYzY0YTBmMDEyNjdjYzVhZjRhMmU2MTcwNmMiLCJfYXV0aF91c2VyX2JhY2tlbmQiOiJkamFuZ28uY29udHJpYi5hdXRoLmJhY2tlbmRzLk1vZGVsQmFja2VuZCIsIl9hdXRoX3VzZXJfaWQiOiIxIn0=', '2018-05-31 17:17:34.289422'),
('z0p8mpc4dubqnf5i9o1p3dm9irx8075x', 'MTcyNzAxYWViYzg0MTUwM2JjOGZjZDRmZjYwMjAxMzkxZjhiOGNlYTp7Il9hdXRoX3VzZXJfaGFzaCI6Ijc2MjEwNWQwMGFlZDgyYzY0YTBmMDEyNjdjYzVhZjRhMmU2MTcwNmMiLCJfYXV0aF91c2VyX2JhY2tlbmQiOiJkamFuZ28uY29udHJpYi5hdXRoLmJhY2tlbmRzLk1vZGVsQmFja2VuZCIsIl9hdXRoX3VzZXJfaWQiOiIxIn0=', '2018-05-18 17:21:54.468866'),
('z0wkad1ogx6ms5yug9yc3xwmlb0x9ohx', 'MTcyNzAxYWViYzg0MTUwM2JjOGZjZDRmZjYwMjAxMzkxZjhiOGNlYTp7Il9hdXRoX3VzZXJfaGFzaCI6Ijc2MjEwNWQwMGFlZDgyYzY0YTBmMDEyNjdjYzVhZjRhMmU2MTcwNmMiLCJfYXV0aF91c2VyX2JhY2tlbmQiOiJkamFuZ28uY29udHJpYi5hdXRoLmJhY2tlbmRzLk1vZGVsQmFja2VuZCIsIl9hdXRoX3VzZXJfaWQiOiIxIn0=', '2018-05-31 17:41:40.336173'),
('z1b3br0me9wk7n25a45iq9dkxf590m6j', 'MTcyNzAxYWViYzg0MTUwM2JjOGZjZDRmZjYwMjAxMzkxZjhiOGNlYTp7Il9hdXRoX3VzZXJfaGFzaCI6Ijc2MjEwNWQwMGFlZDgyYzY0YTBmMDEyNjdjYzVhZjRhMmU2MTcwNmMiLCJfYXV0aF91c2VyX2JhY2tlbmQiOiJkamFuZ28uY29udHJpYi5hdXRoLmJhY2tlbmRzLk1vZGVsQmFja2VuZCIsIl9hdXRoX3VzZXJfaWQiOiIxIn0=', '2018-05-31 17:53:56.836504'),
('z1tbh91cgdwwfaxl9eywjzw83pcf3f6n', 'MTcyNzAxYWViYzg0MTUwM2JjOGZjZDRmZjYwMjAxMzkxZjhiOGNlYTp7Il9hdXRoX3VzZXJfaGFzaCI6Ijc2MjEwNWQwMGFlZDgyYzY0YTBmMDEyNjdjYzVhZjRhMmU2MTcwNmMiLCJfYXV0aF91c2VyX2JhY2tlbmQiOiJkamFuZ28uY29udHJpYi5hdXRoLmJhY2tlbmRzLk1vZGVsQmFja2VuZCIsIl9hdXRoX3VzZXJfaWQiOiIxIn0=', '2018-04-04 18:12:32.844444'),
('z1z25l3dvfag77sisbmtt986eyu4m0ga', 'MTcyNzAxYWViYzg0MTUwM2JjOGZjZDRmZjYwMjAxMzkxZjhiOGNlYTp7Il9hdXRoX3VzZXJfaGFzaCI6Ijc2MjEwNWQwMGFlZDgyYzY0YTBmMDEyNjdjYzVhZjRhMmU2MTcwNmMiLCJfYXV0aF91c2VyX2JhY2tlbmQiOiJkamFuZ28uY29udHJpYi5hdXRoLmJhY2tlbmRzLk1vZGVsQmFja2VuZCIsIl9hdXRoX3VzZXJfaWQiOiIxIn0=', '2018-04-04 05:56:07.364360'),
('z25n56z72iv103hp0s88qljgoqicto66', 'MTcyNzAxYWViYzg0MTUwM2JjOGZjZDRmZjYwMjAxMzkxZjhiOGNlYTp7Il9hdXRoX3VzZXJfaGFzaCI6Ijc2MjEwNWQwMGFlZDgyYzY0YTBmMDEyNjdjYzVhZjRhMmU2MTcwNmMiLCJfYXV0aF91c2VyX2JhY2tlbmQiOiJkamFuZ28uY29udHJpYi5hdXRoLmJhY2tlbmRzLk1vZGVsQmFja2VuZCIsIl9hdXRoX3VzZXJfaWQiOiIxIn0=', '2018-04-04 04:10:39.819073'),
('z27wgt744irtgom4hddro4bdj5y6k9j8', 'MTcyNzAxYWViYzg0MTUwM2JjOGZjZDRmZjYwMjAxMzkxZjhiOGNlYTp7Il9hdXRoX3VzZXJfaGFzaCI6Ijc2MjEwNWQwMGFlZDgyYzY0YTBmMDEyNjdjYzVhZjRhMmU2MTcwNmMiLCJfYXV0aF91c2VyX2JhY2tlbmQiOiJkamFuZ28uY29udHJpYi5hdXRoLmJhY2tlbmRzLk1vZGVsQmFja2VuZCIsIl9hdXRoX3VzZXJfaWQiOiIxIn0=', '2018-04-04 18:42:36.899435'),
('z35mvkr5q873qpau3t1e5kji2gab1svi', 'MTcyNzAxYWViYzg0MTUwM2JjOGZjZDRmZjYwMjAxMzkxZjhiOGNlYTp7Il9hdXRoX3VzZXJfaGFzaCI6Ijc2MjEwNWQwMGFlZDgyYzY0YTBmMDEyNjdjYzVhZjRhMmU2MTcwNmMiLCJfYXV0aF91c2VyX2JhY2tlbmQiOiJkamFuZ28uY29udHJpYi5hdXRoLmJhY2tlbmRzLk1vZGVsQmFja2VuZCIsIl9hdXRoX3VzZXJfaWQiOiIxIn0=', '2018-04-30 21:59:07.779508'),
('z37htzqvu6exx69ogj25kpjlvdek8j4i', 'MTcyNzAxYWViYzg0MTUwM2JjOGZjZDRmZjYwMjAxMzkxZjhiOGNlYTp7Il9hdXRoX3VzZXJfaGFzaCI6Ijc2MjEwNWQwMGFlZDgyYzY0YTBmMDEyNjdjYzVhZjRhMmU2MTcwNmMiLCJfYXV0aF91c2VyX2JhY2tlbmQiOiJkamFuZ28uY29udHJpYi5hdXRoLmJhY2tlbmRzLk1vZGVsQmFja2VuZCIsIl9hdXRoX3VzZXJfaWQiOiIxIn0=', '2018-05-18 17:29:00.027092'),
('z56wvmd374aui8pw3fnyauy3g4kuuoin', 'MTcyNzAxYWViYzg0MTUwM2JjOGZjZDRmZjYwMjAxMzkxZjhiOGNlYTp7Il9hdXRoX3VzZXJfaGFzaCI6Ijc2MjEwNWQwMGFlZDgyYzY0YTBmMDEyNjdjYzVhZjRhMmU2MTcwNmMiLCJfYXV0aF91c2VyX2JhY2tlbmQiOiJkamFuZ28uY29udHJpYi5hdXRoLmJhY2tlbmRzLk1vZGVsQmFja2VuZCIsIl9hdXRoX3VzZXJfaWQiOiIxIn0=', '2018-04-23 07:17:38.702535'),
('z7gtehnacxxwi8mzl7bo82ob0yt3jcpc', 'MTcyNzAxYWViYzg0MTUwM2JjOGZjZDRmZjYwMjAxMzkxZjhiOGNlYTp7Il9hdXRoX3VzZXJfaGFzaCI6Ijc2MjEwNWQwMGFlZDgyYzY0YTBmMDEyNjdjYzVhZjRhMmU2MTcwNmMiLCJfYXV0aF91c2VyX2JhY2tlbmQiOiJkamFuZ28uY29udHJpYi5hdXRoLmJhY2tlbmRzLk1vZGVsQmFja2VuZCIsIl9hdXRoX3VzZXJfaWQiOiIxIn0=', '2018-04-05 20:53:08.318128'),
('z937lid9qrzlbb9f6m9siwo0wepfawm2', 'MTcyNzAxYWViYzg0MTUwM2JjOGZjZDRmZjYwMjAxMzkxZjhiOGNlYTp7Il9hdXRoX3VzZXJfaGFzaCI6Ijc2MjEwNWQwMGFlZDgyYzY0YTBmMDEyNjdjYzVhZjRhMmU2MTcwNmMiLCJfYXV0aF91c2VyX2JhY2tlbmQiOiJkamFuZ28uY29udHJpYi5hdXRoLmJhY2tlbmRzLk1vZGVsQmFja2VuZCIsIl9hdXRoX3VzZXJfaWQiOiIxIn0=', '2018-04-30 21:07:14.247825'),
('z9tj65i8twm1qh2p287hqf6szrq6husy', 'MTcyNzAxYWViYzg0MTUwM2JjOGZjZDRmZjYwMjAxMzkxZjhiOGNlYTp7Il9hdXRoX3VzZXJfaGFzaCI6Ijc2MjEwNWQwMGFlZDgyYzY0YTBmMDEyNjdjYzVhZjRhMmU2MTcwNmMiLCJfYXV0aF91c2VyX2JhY2tlbmQiOiJkamFuZ28uY29udHJpYi5hdXRoLmJhY2tlbmRzLk1vZGVsQmFja2VuZCIsIl9hdXRoX3VzZXJfaWQiOiIxIn0=', '2018-05-01 03:52:24.838180'),
('zaog4ceqwwub443hkczoyeolochphyx6', 'MTcyNzAxYWViYzg0MTUwM2JjOGZjZDRmZjYwMjAxMzkxZjhiOGNlYTp7Il9hdXRoX3VzZXJfaGFzaCI6Ijc2MjEwNWQwMGFlZDgyYzY0YTBmMDEyNjdjYzVhZjRhMmU2MTcwNmMiLCJfYXV0aF91c2VyX2JhY2tlbmQiOiJkamFuZ28uY29udHJpYi5hdXRoLmJhY2tlbmRzLk1vZGVsQmFja2VuZCIsIl9hdXRoX3VzZXJfaWQiOiIxIn0=', '2018-04-05 20:53:25.128869'),
('zbtbppa46tlp0v7c2zfkbmq00wgx0pnj', 'MTcyNzAxYWViYzg0MTUwM2JjOGZjZDRmZjYwMjAxMzkxZjhiOGNlYTp7Il9hdXRoX3VzZXJfaGFzaCI6Ijc2MjEwNWQwMGFlZDgyYzY0YTBmMDEyNjdjYzVhZjRhMmU2MTcwNmMiLCJfYXV0aF91c2VyX2JhY2tlbmQiOiJkamFuZ28uY29udHJpYi5hdXRoLmJhY2tlbmRzLk1vZGVsQmFja2VuZCIsIl9hdXRoX3VzZXJfaWQiOiIxIn0=', '2018-05-31 17:42:37.652115'),
('zc3lpnpi2r9yjgixqn5b9rirstmf3ta2', 'MTcyNzAxYWViYzg0MTUwM2JjOGZjZDRmZjYwMjAxMzkxZjhiOGNlYTp7Il9hdXRoX3VzZXJfaGFzaCI6Ijc2MjEwNWQwMGFlZDgyYzY0YTBmMDEyNjdjYzVhZjRhMmU2MTcwNmMiLCJfYXV0aF91c2VyX2JhY2tlbmQiOiJkamFuZ28uY29udHJpYi5hdXRoLmJhY2tlbmRzLk1vZGVsQmFja2VuZCIsIl9hdXRoX3VzZXJfaWQiOiIxIn0=', '2018-04-30 21:16:04.922732'),
('zcud8tz0s4mw0esz5bek8lg2ufkh1mb9', 'MTcyNzAxYWViYzg0MTUwM2JjOGZjZDRmZjYwMjAxMzkxZjhiOGNlYTp7Il9hdXRoX3VzZXJfaGFzaCI6Ijc2MjEwNWQwMGFlZDgyYzY0YTBmMDEyNjdjYzVhZjRhMmU2MTcwNmMiLCJfYXV0aF91c2VyX2JhY2tlbmQiOiJkamFuZ28uY29udHJpYi5hdXRoLmJhY2tlbmRzLk1vZGVsQmFja2VuZCIsIl9hdXRoX3VzZXJfaWQiOiIxIn0=', '2018-04-30 20:05:12.346198'),
('zd6o9gadaxuye9gc4b1mt47j6y3a1lwx', 'MTcyNzAxYWViYzg0MTUwM2JjOGZjZDRmZjYwMjAxMzkxZjhiOGNlYTp7Il9hdXRoX3VzZXJfaGFzaCI6Ijc2MjEwNWQwMGFlZDgyYzY0YTBmMDEyNjdjYzVhZjRhMmU2MTcwNmMiLCJfYXV0aF91c2VyX2JhY2tlbmQiOiJkamFuZ28uY29udHJpYi5hdXRoLmJhY2tlbmRzLk1vZGVsQmFja2VuZCIsIl9hdXRoX3VzZXJfaWQiOiIxIn0=', '2018-05-24 23:12:14.580754'),
('zdn2w85kno50mj7au9frds44gvfardoq', 'MTcyNzAxYWViYzg0MTUwM2JjOGZjZDRmZjYwMjAxMzkxZjhiOGNlYTp7Il9hdXRoX3VzZXJfaGFzaCI6Ijc2MjEwNWQwMGFlZDgyYzY0YTBmMDEyNjdjYzVhZjRhMmU2MTcwNmMiLCJfYXV0aF91c2VyX2JhY2tlbmQiOiJkamFuZ28uY29udHJpYi5hdXRoLmJhY2tlbmRzLk1vZGVsQmFja2VuZCIsIl9hdXRoX3VzZXJfaWQiOiIxIn0=', '2018-05-31 04:48:26.617396'),
('zebluymsir6kilt2vyrskya8094lp2eh', 'MTcyNzAxYWViYzg0MTUwM2JjOGZjZDRmZjYwMjAxMzkxZjhiOGNlYTp7Il9hdXRoX3VzZXJfaGFzaCI6Ijc2MjEwNWQwMGFlZDgyYzY0YTBmMDEyNjdjYzVhZjRhMmU2MTcwNmMiLCJfYXV0aF91c2VyX2JhY2tlbmQiOiJkamFuZ28uY29udHJpYi5hdXRoLmJhY2tlbmRzLk1vZGVsQmFja2VuZCIsIl9hdXRoX3VzZXJfaWQiOiIxIn0=', '2018-04-02 22:59:18.827728'),
('zf6q8jrk8edh0mutsg64h13qou2ofip7', 'MTcyNzAxYWViYzg0MTUwM2JjOGZjZDRmZjYwMjAxMzkxZjhiOGNlYTp7Il9hdXRoX3VzZXJfaGFzaCI6Ijc2MjEwNWQwMGFlZDgyYzY0YTBmMDEyNjdjYzVhZjRhMmU2MTcwNmMiLCJfYXV0aF91c2VyX2JhY2tlbmQiOiJkamFuZ28uY29udHJpYi5hdXRoLmJhY2tlbmRzLk1vZGVsQmFja2VuZCIsIl9hdXRoX3VzZXJfaWQiOiIxIn0=', '2018-04-30 20:44:08.768195'),
('zfwujt6xmd59xpc9mv1zh6mly5aa5pho', 'MTcyNzAxYWViYzg0MTUwM2JjOGZjZDRmZjYwMjAxMzkxZjhiOGNlYTp7Il9hdXRoX3VzZXJfaGFzaCI6Ijc2MjEwNWQwMGFlZDgyYzY0YTBmMDEyNjdjYzVhZjRhMmU2MTcwNmMiLCJfYXV0aF91c2VyX2JhY2tlbmQiOiJkamFuZ28uY29udHJpYi5hdXRoLmJhY2tlbmRzLk1vZGVsQmFja2VuZCIsIl9hdXRoX3VzZXJfaWQiOiIxIn0=', '2018-04-04 04:18:33.879199'),
('zg18tkbn7f8tw0ifmc4f5n3id44es84v', 'MTcyNzAxYWViYzg0MTUwM2JjOGZjZDRmZjYwMjAxMzkxZjhiOGNlYTp7Il9hdXRoX3VzZXJfaGFzaCI6Ijc2MjEwNWQwMGFlZDgyYzY0YTBmMDEyNjdjYzVhZjRhMmU2MTcwNmMiLCJfYXV0aF91c2VyX2JhY2tlbmQiOiJkamFuZ28uY29udHJpYi5hdXRoLmJhY2tlbmRzLk1vZGVsQmFja2VuZCIsIl9hdXRoX3VzZXJfaWQiOiIxIn0=', '2018-05-01 03:26:47.865176'),
('zi3swl2ngq02oamuh6d1za7dedrbwwao', 'MTcyNzAxYWViYzg0MTUwM2JjOGZjZDRmZjYwMjAxMzkxZjhiOGNlYTp7Il9hdXRoX3VzZXJfaGFzaCI6Ijc2MjEwNWQwMGFlZDgyYzY0YTBmMDEyNjdjYzVhZjRhMmU2MTcwNmMiLCJfYXV0aF91c2VyX2JhY2tlbmQiOiJkamFuZ28uY29udHJpYi5hdXRoLmJhY2tlbmRzLk1vZGVsQmFja2VuZCIsIl9hdXRoX3VzZXJfaWQiOiIxIn0=', '2018-04-23 07:06:03.554177'),
('zjj5x3h1uodp5xw2qxwbjeyh4453rb1r', 'MTcyNzAxYWViYzg0MTUwM2JjOGZjZDRmZjYwMjAxMzkxZjhiOGNlYTp7Il9hdXRoX3VzZXJfaGFzaCI6Ijc2MjEwNWQwMGFlZDgyYzY0YTBmMDEyNjdjYzVhZjRhMmU2MTcwNmMiLCJfYXV0aF91c2VyX2JhY2tlbmQiOiJkamFuZ28uY29udHJpYi5hdXRoLmJhY2tlbmRzLk1vZGVsQmFja2VuZCIsIl9hdXRoX3VzZXJfaWQiOiIxIn0=', '2018-04-23 07:17:22.456172'),
('zjqaizsdlwqyebvavup3bn57piby4eob', 'MTcyNzAxYWViYzg0MTUwM2JjOGZjZDRmZjYwMjAxMzkxZjhiOGNlYTp7Il9hdXRoX3VzZXJfaGFzaCI6Ijc2MjEwNWQwMGFlZDgyYzY0YTBmMDEyNjdjYzVhZjRhMmU2MTcwNmMiLCJfYXV0aF91c2VyX2JhY2tlbmQiOiJkamFuZ28uY29udHJpYi5hdXRoLmJhY2tlbmRzLk1vZGVsQmFja2VuZCIsIl9hdXRoX3VzZXJfaWQiOiIxIn0=', '2018-05-31 05:32:07.853014'),
('zjyvboaf9krf4e49ki1e02w7u1e9xfph', 'MTcyNzAxYWViYzg0MTUwM2JjOGZjZDRmZjYwMjAxMzkxZjhiOGNlYTp7Il9hdXRoX3VzZXJfaGFzaCI6Ijc2MjEwNWQwMGFlZDgyYzY0YTBmMDEyNjdjYzVhZjRhMmU2MTcwNmMiLCJfYXV0aF91c2VyX2JhY2tlbmQiOiJkamFuZ28uY29udHJpYi5hdXRoLmJhY2tlbmRzLk1vZGVsQmFja2VuZCIsIl9hdXRoX3VzZXJfaWQiOiIxIn0=', '2018-05-01 03:22:38.645896'),
('zk6kdg3ifjmkdibom1ndnnchglre4xi4', 'MTcyNzAxYWViYzg0MTUwM2JjOGZjZDRmZjYwMjAxMzkxZjhiOGNlYTp7Il9hdXRoX3VzZXJfaGFzaCI6Ijc2MjEwNWQwMGFlZDgyYzY0YTBmMDEyNjdjYzVhZjRhMmU2MTcwNmMiLCJfYXV0aF91c2VyX2JhY2tlbmQiOiJkamFuZ28uY29udHJpYi5hdXRoLmJhY2tlbmRzLk1vZGVsQmFja2VuZCIsIl9hdXRoX3VzZXJfaWQiOiIxIn0=', '2018-04-05 20:51:09.367271'),
('zkeqk28ats22k74jqi3xobse73itg8oh', 'MTcyNzAxYWViYzg0MTUwM2JjOGZjZDRmZjYwMjAxMzkxZjhiOGNlYTp7Il9hdXRoX3VzZXJfaGFzaCI6Ijc2MjEwNWQwMGFlZDgyYzY0YTBmMDEyNjdjYzVhZjRhMmU2MTcwNmMiLCJfYXV0aF91c2VyX2JhY2tlbmQiOiJkamFuZ28uY29udHJpYi5hdXRoLmJhY2tlbmRzLk1vZGVsQmFja2VuZCIsIl9hdXRoX3VzZXJfaWQiOiIxIn0=', '2018-05-18 17:53:47.733355'),
('zkij1g045kfvkhp59uwwr9sxib4s1nds', 'MTcyNzAxYWViYzg0MTUwM2JjOGZjZDRmZjYwMjAxMzkxZjhiOGNlYTp7Il9hdXRoX3VzZXJfaGFzaCI6Ijc2MjEwNWQwMGFlZDgyYzY0YTBmMDEyNjdjYzVhZjRhMmU2MTcwNmMiLCJfYXV0aF91c2VyX2JhY2tlbmQiOiJkamFuZ28uY29udHJpYi5hdXRoLmJhY2tlbmRzLk1vZGVsQmFja2VuZCIsIl9hdXRoX3VzZXJfaWQiOiIxIn0=', '2018-04-30 20:51:33.216448'),
('zmd25l2wuksx7hqd58sfd46z6fd4lqmr', 'MTcyNzAxYWViYzg0MTUwM2JjOGZjZDRmZjYwMjAxMzkxZjhiOGNlYTp7Il9hdXRoX3VzZXJfaGFzaCI6Ijc2MjEwNWQwMGFlZDgyYzY0YTBmMDEyNjdjYzVhZjRhMmU2MTcwNmMiLCJfYXV0aF91c2VyX2JhY2tlbmQiOiJkamFuZ28uY29udHJpYi5hdXRoLmJhY2tlbmRzLk1vZGVsQmFja2VuZCIsIl9hdXRoX3VzZXJfaWQiOiIxIn0=', '2018-05-31 03:39:46.890829'),
('zmfm35yyzs9gtpvr5bqxgbhwq0397hfc', 'MTcyNzAxYWViYzg0MTUwM2JjOGZjZDRmZjYwMjAxMzkxZjhiOGNlYTp7Il9hdXRoX3VzZXJfaGFzaCI6Ijc2MjEwNWQwMGFlZDgyYzY0YTBmMDEyNjdjYzVhZjRhMmU2MTcwNmMiLCJfYXV0aF91c2VyX2JhY2tlbmQiOiJkamFuZ28uY29udHJpYi5hdXRoLmJhY2tlbmRzLk1vZGVsQmFja2VuZCIsIl9hdXRoX3VzZXJfaWQiOiIxIn0=', '2018-04-05 20:51:05.259060'),
('znhif24v7gpmlmskqt35ljngdvg25o4c', 'MTcyNzAxYWViYzg0MTUwM2JjOGZjZDRmZjYwMjAxMzkxZjhiOGNlYTp7Il9hdXRoX3VzZXJfaGFzaCI6Ijc2MjEwNWQwMGFlZDgyYzY0YTBmMDEyNjdjYzVhZjRhMmU2MTcwNmMiLCJfYXV0aF91c2VyX2JhY2tlbmQiOiJkamFuZ28uY29udHJpYi5hdXRoLmJhY2tlbmRzLk1vZGVsQmFja2VuZCIsIl9hdXRoX3VzZXJfaWQiOiIxIn0=', '2018-05-31 05:10:14.729705'),
('znm8fbaeuyhzlrhjysv6y5k4v4tcp30b', 'MTcyNzAxYWViYzg0MTUwM2JjOGZjZDRmZjYwMjAxMzkxZjhiOGNlYTp7Il9hdXRoX3VzZXJfaGFzaCI6Ijc2MjEwNWQwMGFlZDgyYzY0YTBmMDEyNjdjYzVhZjRhMmU2MTcwNmMiLCJfYXV0aF91c2VyX2JhY2tlbmQiOiJkamFuZ28uY29udHJpYi5hdXRoLmJhY2tlbmRzLk1vZGVsQmFja2VuZCIsIl9hdXRoX3VzZXJfaWQiOiIxIn0=', '2018-05-01 03:48:14.571753'),
('znp81zsm340bup4b521ltypuknqc3qxo', 'MTcyNzAxYWViYzg0MTUwM2JjOGZjZDRmZjYwMjAxMzkxZjhiOGNlYTp7Il9hdXRoX3VzZXJfaGFzaCI6Ijc2MjEwNWQwMGFlZDgyYzY0YTBmMDEyNjdjYzVhZjRhMmU2MTcwNmMiLCJfYXV0aF91c2VyX2JhY2tlbmQiOiJkamFuZ28uY29udHJpYi5hdXRoLmJhY2tlbmRzLk1vZGVsQmFja2VuZCIsIl9hdXRoX3VzZXJfaWQiOiIxIn0=', '2018-05-31 04:52:58.554908'),
('zojib8za0jw6eqqp9z77u3fnqqt9krdo', 'MTcyNzAxYWViYzg0MTUwM2JjOGZjZDRmZjYwMjAxMzkxZjhiOGNlYTp7Il9hdXRoX3VzZXJfaGFzaCI6Ijc2MjEwNWQwMGFlZDgyYzY0YTBmMDEyNjdjYzVhZjRhMmU2MTcwNmMiLCJfYXV0aF91c2VyX2JhY2tlbmQiOiJkamFuZ28uY29udHJpYi5hdXRoLmJhY2tlbmRzLk1vZGVsQmFja2VuZCIsIl9hdXRoX3VzZXJfaWQiOiIxIn0=', '2018-05-01 03:52:14.569633'),
('zos70uynv25gp19msd0668nm4vpawfxu', 'MTcyNzAxYWViYzg0MTUwM2JjOGZjZDRmZjYwMjAxMzkxZjhiOGNlYTp7Il9hdXRoX3VzZXJfaGFzaCI6Ijc2MjEwNWQwMGFlZDgyYzY0YTBmMDEyNjdjYzVhZjRhMmU2MTcwNmMiLCJfYXV0aF91c2VyX2JhY2tlbmQiOiJkamFuZ28uY29udHJpYi5hdXRoLmJhY2tlbmRzLk1vZGVsQmFja2VuZCIsIl9hdXRoX3VzZXJfaWQiOiIxIn0=', '2018-04-30 20:00:25.753224'),
('zpa7pu65tipsqw7kmrcsp06n8v3snd68', 'MTcyNzAxYWViYzg0MTUwM2JjOGZjZDRmZjYwMjAxMzkxZjhiOGNlYTp7Il9hdXRoX3VzZXJfaGFzaCI6Ijc2MjEwNWQwMGFlZDgyYzY0YTBmMDEyNjdjYzVhZjRhMmU2MTcwNmMiLCJfYXV0aF91c2VyX2JhY2tlbmQiOiJkamFuZ28uY29udHJpYi5hdXRoLmJhY2tlbmRzLk1vZGVsQmFja2VuZCIsIl9hdXRoX3VzZXJfaWQiOiIxIn0=', '2018-05-18 17:54:51.433843'),
('zpjfqr4imqetrox220zo3wz7om23opq1', 'MTcyNzAxYWViYzg0MTUwM2JjOGZjZDRmZjYwMjAxMzkxZjhiOGNlYTp7Il9hdXRoX3VzZXJfaGFzaCI6Ijc2MjEwNWQwMGFlZDgyYzY0YTBmMDEyNjdjYzVhZjRhMmU2MTcwNmMiLCJfYXV0aF91c2VyX2JhY2tlbmQiOiJkamFuZ28uY29udHJpYi5hdXRoLmJhY2tlbmRzLk1vZGVsQmFja2VuZCIsIl9hdXRoX3VzZXJfaWQiOiIxIn0=', '2018-04-30 19:29:03.537901'),
('zpre1b4ojv358nkcuie4ymxyv0138b0t', 'MTcyNzAxYWViYzg0MTUwM2JjOGZjZDRmZjYwMjAxMzkxZjhiOGNlYTp7Il9hdXRoX3VzZXJfaGFzaCI6Ijc2MjEwNWQwMGFlZDgyYzY0YTBmMDEyNjdjYzVhZjRhMmU2MTcwNmMiLCJfYXV0aF91c2VyX2JhY2tlbmQiOiJkamFuZ28uY29udHJpYi5hdXRoLmJhY2tlbmRzLk1vZGVsQmFja2VuZCIsIl9hdXRoX3VzZXJfaWQiOiIxIn0=', '2018-05-18 17:49:04.641661'),
('zpz07368f9zcch6gn0m74bmibmjdde4c', 'MTcyNzAxYWViYzg0MTUwM2JjOGZjZDRmZjYwMjAxMzkxZjhiOGNlYTp7Il9hdXRoX3VzZXJfaGFzaCI6Ijc2MjEwNWQwMGFlZDgyYzY0YTBmMDEyNjdjYzVhZjRhMmU2MTcwNmMiLCJfYXV0aF91c2VyX2JhY2tlbmQiOiJkamFuZ28uY29udHJpYi5hdXRoLmJhY2tlbmRzLk1vZGVsQmFja2VuZCIsIl9hdXRoX3VzZXJfaWQiOiIxIn0=', '2018-05-31 05:15:04.556917'),
('zq69wku6348rdefeasgjmc7m48vxpm79', 'MTcyNzAxYWViYzg0MTUwM2JjOGZjZDRmZjYwMjAxMzkxZjhiOGNlYTp7Il9hdXRoX3VzZXJfaGFzaCI6Ijc2MjEwNWQwMGFlZDgyYzY0YTBmMDEyNjdjYzVhZjRhMmU2MTcwNmMiLCJfYXV0aF91c2VyX2JhY2tlbmQiOiJkamFuZ28uY29udHJpYi5hdXRoLmJhY2tlbmRzLk1vZGVsQmFja2VuZCIsIl9hdXRoX3VzZXJfaWQiOiIxIn0=', '2018-05-31 17:12:59.131901'),
('zqj54obnc16mmgkdopgsc05yc9b8c982', 'MTcyNzAxYWViYzg0MTUwM2JjOGZjZDRmZjYwMjAxMzkxZjhiOGNlYTp7Il9hdXRoX3VzZXJfaGFzaCI6Ijc2MjEwNWQwMGFlZDgyYzY0YTBmMDEyNjdjYzVhZjRhMmU2MTcwNmMiLCJfYXV0aF91c2VyX2JhY2tlbmQiOiJkamFuZ28uY29udHJpYi5hdXRoLmJhY2tlbmRzLk1vZGVsQmFja2VuZCIsIl9hdXRoX3VzZXJfaWQiOiIxIn0=', '2018-04-30 20:01:07.442677'),
('zqwzkelb8mqb5h4thdr7jm766nv39z4a', 'MTcyNzAxYWViYzg0MTUwM2JjOGZjZDRmZjYwMjAxMzkxZjhiOGNlYTp7Il9hdXRoX3VzZXJfaGFzaCI6Ijc2MjEwNWQwMGFlZDgyYzY0YTBmMDEyNjdjYzVhZjRhMmU2MTcwNmMiLCJfYXV0aF91c2VyX2JhY2tlbmQiOiJkamFuZ28uY29udHJpYi5hdXRoLmJhY2tlbmRzLk1vZGVsQmFja2VuZCIsIl9hdXRoX3VzZXJfaWQiOiIxIn0=', '2018-04-04 04:19:03.377475'),
('zu0pyn4v90i8xfdybxmzxt8mgbsw90ph', 'MTcyNzAxYWViYzg0MTUwM2JjOGZjZDRmZjYwMjAxMzkxZjhiOGNlYTp7Il9hdXRoX3VzZXJfaGFzaCI6Ijc2MjEwNWQwMGFlZDgyYzY0YTBmMDEyNjdjYzVhZjRhMmU2MTcwNmMiLCJfYXV0aF91c2VyX2JhY2tlbmQiOiJkamFuZ28uY29udHJpYi5hdXRoLmJhY2tlbmRzLk1vZGVsQmFja2VuZCIsIl9hdXRoX3VzZXJfaWQiOiIxIn0=', '2018-05-31 05:13:30.452023'),
('zu5hwmywknbopcrn939wrm6devt7lsvx', 'MTcyNzAxYWViYzg0MTUwM2JjOGZjZDRmZjYwMjAxMzkxZjhiOGNlYTp7Il9hdXRoX3VzZXJfaGFzaCI6Ijc2MjEwNWQwMGFlZDgyYzY0YTBmMDEyNjdjYzVhZjRhMmU2MTcwNmMiLCJfYXV0aF91c2VyX2JhY2tlbmQiOiJkamFuZ28uY29udHJpYi5hdXRoLmJhY2tlbmRzLk1vZGVsQmFja2VuZCIsIl9hdXRoX3VzZXJfaWQiOiIxIn0=', '2018-04-05 21:02:17.686422'),
('zu6opwj1cd27j8gukydn9ymfa9uz846g', 'MTcyNzAxYWViYzg0MTUwM2JjOGZjZDRmZjYwMjAxMzkxZjhiOGNlYTp7Il9hdXRoX3VzZXJfaGFzaCI6Ijc2MjEwNWQwMGFlZDgyYzY0YTBmMDEyNjdjYzVhZjRhMmU2MTcwNmMiLCJfYXV0aF91c2VyX2JhY2tlbmQiOiJkamFuZ28uY29udHJpYi5hdXRoLmJhY2tlbmRzLk1vZGVsQmFja2VuZCIsIl9hdXRoX3VzZXJfaWQiOiIxIn0=', '2018-04-23 07:02:24.337679'),
('zw9md0n4rej2e0pnzflw90bf3878fvjk', 'MTcyNzAxYWViYzg0MTUwM2JjOGZjZDRmZjYwMjAxMzkxZjhiOGNlYTp7Il9hdXRoX3VzZXJfaGFzaCI6Ijc2MjEwNWQwMGFlZDgyYzY0YTBmMDEyNjdjYzVhZjRhMmU2MTcwNmMiLCJfYXV0aF91c2VyX2JhY2tlbmQiOiJkamFuZ28uY29udHJpYi5hdXRoLmJhY2tlbmRzLk1vZGVsQmFja2VuZCIsIl9hdXRoX3VzZXJfaWQiOiIxIn0=', '2018-05-01 03:46:32.647049'),
('zx0a4oiazgxarm4jg3it2zzycfuccplm', 'MTcyNzAxYWViYzg0MTUwM2JjOGZjZDRmZjYwMjAxMzkxZjhiOGNlYTp7Il9hdXRoX3VzZXJfaGFzaCI6Ijc2MjEwNWQwMGFlZDgyYzY0YTBmMDEyNjdjYzVhZjRhMmU2MTcwNmMiLCJfYXV0aF91c2VyX2JhY2tlbmQiOiJkamFuZ28uY29udHJpYi5hdXRoLmJhY2tlbmRzLk1vZGVsQmFja2VuZCIsIl9hdXRoX3VzZXJfaWQiOiIxIn0=', '2018-05-31 18:19:39.323344'),
('zyc7ngeaw4vpvpizjs2nw1ck04uj1xa9', 'MTcyNzAxYWViYzg0MTUwM2JjOGZjZDRmZjYwMjAxMzkxZjhiOGNlYTp7Il9hdXRoX3VzZXJfaGFzaCI6Ijc2MjEwNWQwMGFlZDgyYzY0YTBmMDEyNjdjYzVhZjRhMmU2MTcwNmMiLCJfYXV0aF91c2VyX2JhY2tlbmQiOiJkamFuZ28uY29udHJpYi5hdXRoLmJhY2tlbmRzLk1vZGVsQmFja2VuZCIsIl9hdXRoX3VzZXJfaWQiOiIxIn0=', '2018-04-04 18:51:21.113757'),
('zyry0l1ltlwd6fyu47w5rsvfntlmhxd0', 'MTcyNzAxYWViYzg0MTUwM2JjOGZjZDRmZjYwMjAxMzkxZjhiOGNlYTp7Il9hdXRoX3VzZXJfaGFzaCI6Ijc2MjEwNWQwMGFlZDgyYzY0YTBmMDEyNjdjYzVhZjRhMmU2MTcwNmMiLCJfYXV0aF91c2VyX2JhY2tlbmQiOiJkamFuZ28uY29udHJpYi5hdXRoLmJhY2tlbmRzLk1vZGVsQmFja2VuZCIsIl9hdXRoX3VzZXJfaWQiOiIxIn0=', '2018-05-31 03:40:04.823974'),
('zzv6ajdg9f1h0ghjr7vaalwvy8ub0f0d', 'MTcyNzAxYWViYzg0MTUwM2JjOGZjZDRmZjYwMjAxMzkxZjhiOGNlYTp7Il9hdXRoX3VzZXJfaGFzaCI6Ijc2MjEwNWQwMGFlZDgyYzY0YTBmMDEyNjdjYzVhZjRhMmU2MTcwNmMiLCJfYXV0aF91c2VyX2JhY2tlbmQiOiJkamFuZ28uY29udHJpYi5hdXRoLmJhY2tlbmRzLk1vZGVsQmFja2VuZCIsIl9hdXRoX3VzZXJfaWQiOiIxIn0=', '2018-04-04 18:10:27.503543');

-- --------------------------------------------------------

--
-- Estructura de tabla para la tabla `django_site`
--

CREATE TABLE `django_site` (
  `id` int(11) NOT NULL,
  `domain` varchar(100) NOT NULL,
  `name` varchar(50) NOT NULL
) ENGINE=InnoDB DEFAULT CHARSET=latin1;

--
-- Volcado de datos para la tabla `django_site`
--

INSERT INTO `django_site` (`id`, `domain`, `name`) VALUES
(1, 'example.com', 'example.com');

-- --------------------------------------------------------

--
-- Estructura de tabla para la tabla `estatus_de_acciones_correctivas`
--

CREATE TABLE `estatus_de_acciones_correctivas` (
  `id` int(11) NOT NULL,
  `valor` int(11) DEFAULT NULL,
  `nombre` varchar(50) COLLATE utf8_spanish_ci NOT NULL
) ENGINE=InnoDB DEFAULT CHARSET=utf8 COLLATE=utf8_spanish_ci;

--
-- Volcado de datos para la tabla `estatus_de_acciones_correctivas`
--

INSERT INTO `estatus_de_acciones_correctivas` (`id`, `valor`, `nombre`) VALUES
(1, 0, 'En ejecución'),
(2, 1, 'Aplicado sin resultados'),
(3, 2, 'Aplicado con resultados postivos');

-- --------------------------------------------------------

--
-- Estructura de tabla para la tabla `estatus_de_productos`
--

CREATE TABLE `estatus_de_productos` (
  `id` int(11) NOT NULL,
  `valor` int(11) DEFAULT NULL,
  `nombre` varchar(30) NOT NULL,
  `descripcion` longtext NOT NULL
) ENGINE=InnoDB DEFAULT CHARSET=latin1;

--
-- Volcado de datos para la tabla `estatus_de_productos`
--

INSERT INTO `estatus_de_productos` (`id`, `valor`, `nombre`, `descripcion`) VALUES
(1, 0, 'Inicializado', 'El producto ya fue registrado pero falta ajustar o agregar documento físico.'),
(2, 1, 'Producto agregado', 'El documento se encuentra disponible para revisar.'),
(3, 2, 'Revisado internamente', 'El documento fue revisado por el equipo de trabajo.'),
(4, 3, 'Autorizado por cliente', 'Vestibulum hendrerit consequat finibus. Aliquam sit amet accumsan nunc. Sed condimentum, leo in accumsan malesuada, metus ex dictum purus, nec rutrum metus lacus at arcu. Aliquam erat volutpat. Lorem ipsum dolor sit amet, consectetur adipiscing elit. Praesent gravida lacus sed mauris ornare laoreet. Nunc viverra finibus dapibus. Suspendisse pellentesque mi tortor, nec volutpat massa venenatis ut. Quisque lobortis mi orci.'),
(5, 4, 'Verificado', 'El documento se encuentra autorizado y autorizado por el cliente.'),
(6, 5, 'Cerrado', 'El documento ya se encuentra finalizado y no se permiten cambios.');

-- --------------------------------------------------------

--
-- Estructura de tabla para la tabla `eventos`
--

CREATE TABLE `eventos` (
  `id` int(11) NOT NULL,
  `nombre` varchar(30) NOT NULL,
  `descripcion` longtext NOT NULL
) ENGINE=InnoDB DEFAULT CHARSET=latin1;

--
-- Volcado de datos para la tabla `eventos`
--

INSERT INTO `eventos` (`id`, `nombre`, `descripcion`) VALUES
(1, 'Reunión interna', 'Se realiza con las personas que participan en el proyecto tanto equipo de trabajo como administradores de proyecto.'),
(2, 'Reunion externa', 'Se realiza con el cliente o personas externas a la organización que están involucradas en el proyecto.'),
(3, 'Revisión', 'Se realiza con el equipo de trabajo y el cliente.'),
(4, 'Liberación de módulo', 'Se entrega un fragmento funcional del sistema.'),
(5, 'Entrega de producto', 'Se entrega el producto final al cliente para finalizar el proyecto.'),
(6, 'Auditoria interna', 'Se realiza por responsables del seguimiento que pertenecen a la organización.'),
(7, 'Auditoria externa', 'Se realiza por revisores externos a la organización.'),
(8, 'Termino de fase', 'Se da por terminado un periodo de tiempo en el proyecto que contiene una serie de entregables y producto.'),
(9, 'Cierre de proyecto', 'Se da por terminado el desarrollo y se formaliza el cierre de proyecto.');

-- --------------------------------------------------------

--
-- Estructura de tabla para la tabla `eventos_de_proyecto`
--

CREATE TABLE `eventos_de_proyecto` (
  `id` int(11) NOT NULL,
  `fecha` date NOT NULL,
  `evento_id` int(11) NOT NULL,
  `proyecto_id` int(11) NOT NULL,
  `hora` time(6) NOT NULL
) ENGINE=InnoDB DEFAULT CHARSET=latin1;

-- --------------------------------------------------------

--
-- Estructura de tabla para la tabla `eventos_de_proyecto_asistentes`
--

CREATE TABLE `eventos_de_proyecto_asistentes` (
  `id` int(11) NOT NULL,
  `eventodeproyecto_id` int(11) NOT NULL,
  `user_id` int(11) NOT NULL
) ENGINE=InnoDB DEFAULT CHARSET=latin1;

-- --------------------------------------------------------

--
-- Estructura de tabla para la tabla `fases`
--

CREATE TABLE `fases` (
  `id` int(11) NOT NULL,
  `nombre` varchar(20) NOT NULL,
  `objetivo` longtext NOT NULL,
  `permiso_de_fase_id` int(11) NOT NULL
) ENGINE=InnoDB DEFAULT CHARSET=latin1;

--
-- Volcado de datos para la tabla `fases`
--

INSERT INTO `fases` (`id`, `nombre`, `objetivo`, `permiso_de_fase_id`) VALUES
(1, 'Evaluación', 'Evaluar los documentos de gestión de riesgos, el cual es verificado contra los criterios de aceptación establecidos y se evalúan los resultados de medición de los documentos de gestión de riesgos.', 137),
(3, 'Análisis', 'Verificar y validar requisitos, verificar contenido de documento de requisitos, así como evaluar las mediciones realizadas.', 136),
(4, 'Desarrollo', 'Evaluar el cumplimiento de los requisitos y diseño del sistema contra el código fuente y el cumplimiento de los criterios de aceptación.', 139),
(6, 'Diseño', 'Verificar y validar el diseño del sistema y evaluar resultados de medición en diseño de sistema.', 138),
(7, 'Pruebas', 'Evaluar los resultados de las pruebas y contenido de reportes de pruebas, obtener los indices de calidad asociados a las pruebas.', 140),
(9, 'Liberación', 'Evaluar el procedimiento de entrega y evidencia generada.', 141),
(10, 'Cierre', 'Evaluar contenido en el documento de cierre del proyecto.', 142);

-- --------------------------------------------------------

--
-- Estructura de tabla para la tabla `fases_de_proyecto`
--

CREATE TABLE `fases_de_proyecto` (
  `id` int(11) NOT NULL,
  `fecha_de_inicio` date NOT NULL,
  `fecha_de_cierre` date NOT NULL,
  `fase_id` int(11) NOT NULL,
  `proyecto_id` int(11) NOT NULL
) ENGINE=InnoDB DEFAULT CHARSET=latin1;

--
-- Volcado de datos para la tabla `fases_de_proyecto`
--

INSERT INTO `fases_de_proyecto` (`id`, `fecha_de_inicio`, `fecha_de_cierre`, `fase_id`, `proyecto_id`) VALUES
(87, '2018-05-17', '2018-05-17', 7, 71),
(88, '2018-05-18', '2018-05-18', 4, 71);

-- --------------------------------------------------------

--
-- Estructura de tabla para la tabla `fases_productos_de_trabajo`
--

CREATE TABLE `fases_productos_de_trabajo` (
  `id` int(11) NOT NULL,
  `fase_id` int(11) NOT NULL,
  `productodetrabajo_id` int(11) NOT NULL
) ENGINE=InnoDB DEFAULT CHARSET=utf8 COLLATE=utf8_spanish_ci;

--
-- Volcado de datos para la tabla `fases_productos_de_trabajo`
--

INSERT INTO `fases_productos_de_trabajo` (`id`, `fase_id`, `productodetrabajo_id`) VALUES
(13, 1, 2),
(14, 3, 1),
(15, 4, 1),
(16, 4, 3),
(17, 4, 6),
(18, 6, 1),
(19, 6, 6),
(21, 7, 1),
(22, 7, 7),
(20, 7, 8),
(23, 9, 9),
(24, 10, 10);

-- --------------------------------------------------------

--
-- Estructura de tabla para la tabla `fases_roles`
--

CREATE TABLE `fases_roles` (
  `id` int(11) NOT NULL,
  `fase_id` int(11) NOT NULL,
  `rol_id` int(11) NOT NULL
) ENGINE=InnoDB DEFAULT CHARSET=utf8 COLLATE=utf8_spanish_ci;

--
-- Volcado de datos para la tabla `fases_roles`
--

INSERT INTO `fases_roles` (`id`, `fase_id`, `rol_id`) VALUES
(26, 1, 5),
(27, 1, 6),
(28, 3, 1),
(29, 3, 6),
(30, 4, 3),
(31, 4, 6),
(40, 4, 7),
(32, 6, 2),
(33, 6, 6),
(34, 7, 4),
(35, 7, 6),
(36, 9, 5),
(37, 9, 6),
(38, 10, 5),
(39, 10, 6);

-- --------------------------------------------------------

--
-- Estructura de tabla para la tabla `formatos`
--

CREATE TABLE `formatos` (
  `id` int(11) NOT NULL,
  `mimeType` longtext,
  `extension` longtext NOT NULL,
  `programa` longtext NOT NULL
) ENGINE=InnoDB DEFAULT CHARSET=latin1;

--
-- Volcado de datos para la tabla `formatos`
--

INSERT INTO `formatos` (`id`, `mimeType`, `extension`, `programa`) VALUES
(1, 'application/msword', 'doc', 'Microsoft Word'),
(2, 'image/jpeg', 'jpg', 'JPG images'),
(3, 'application/pdf', 'pdf', 'Portable Document Format (PDF)'),
(4, 'application/vnd.ms-excel', 'xls', 'Microsoft Excel'),
(5, 'application/zip', 'zip', 'ZIP archive'),
(6, 'text/plain', 'txt', 'Text document'),
(7, 'text/x-python-script', 'py', 'Python document'),
(8, 'image/jpeg', 'jpeg', 'JPEG images');

-- --------------------------------------------------------

--
-- Estructura de tabla para la tabla `historico_de_metricas`
--

CREATE TABLE `historico_de_metricas` (
  `id` int(11) NOT NULL,
  `dato` int(11) NOT NULL,
  `fecha` date NOT NULL,
  `metrica_id` int(11) NOT NULL
) ENGINE=InnoDB DEFAULT CHARSET=latin1;

--
-- Volcado de datos para la tabla `historico_de_metricas`
--

INSERT INTO `historico_de_metricas` (`id`, `dato`, `fecha`, `metrica_id`) VALUES
(356, 1, '2018-05-17', 75),
(357, 1, '2018-05-17', 76);

-- --------------------------------------------------------

--
-- Estructura de tabla para la tabla `metricas`
--

CREATE TABLE `metricas` (
  `id` int(11) NOT NULL,
  `nombre` varchar(50) NOT NULL,
  `descripcion` longtext NOT NULL,
  `comando` varchar(100) DEFAULT NULL,
  `codigo` varchar(10) DEFAULT NULL,
  `tipo` varchar(20) NOT NULL
) ENGINE=InnoDB DEFAULT CHARSET=latin1;

--
-- Volcado de datos para la tabla `metricas`
--

INSERT INTO `metricas` (`id`, `nombre`, `descripcion`, `comando`, `codigo`, `tipo`) VALUES
(2, 'Grado de validación de requisitos', 'Porcentaje total de requisitos validados por el cliente.', NULL, 'GVR', 'M'),
(3, 'Defectos identificados', 'Número de defectos detectados en el producto de trabajo.', NULL, NULL, 'M'),
(7, 'Lineas de código', 'Lineas de código total por archivo.', 'radon raw path', 'LOC', 'A'),
(10, 'Complejidad ciclomática', 'Indice de condicionales o ciclos anidados.\r\n\r\nTabla de indices\r\n0 - 5	A	bajo - bloques sencillos\r\n6 - 10	B	bajo- bloques bien estructurados y estables\r\n11 - 20	C	moderado - bloques significativamente complejos\r\n21 - 30	D	más que moderado - bloques más complejos\r\n31 - 40	E	Alto - alarma, bloques complejos\r\n41+	F	Muy alto - bloques inestables propensos a errores', 'radon cc path -a', 'CC', 'A'),
(11, 'Eficiencia de eliminación de defectos', 'Tiempo que se tarda en resolver defectos a partir de que fueron detectados.', NULL, 'EED', 'M'),
(13, 'Capacidad de verificación', 'Nivel en el que un documento es susceptible a ser verificado.', NULL, NULL, 'M'),
(14, 'Comprensión', 'Nivel en el que un documento es claramente legible.', NULL, NULL, 'M'),
(15, 'Cohesión', 'Distancia en lineas de código entre módulos que tienen relación.', NULL, NULL, 'M'),
(16, 'Acoplamiento', 'Nivel de dependencia entre funciones de diferentes módulos.', NULL, 'AC', 'M'),
(17, 'Mantenibilidad', 'Capacidad del código para ser modificado.\r\n\r\nTabla de indices de mantenibilidad\r\n100 - 20	A	Muy alto\r\n19 - 10	B	Medio\r\n9 - 0	C	Extremadamente bajo', 'radon mi -s path', 'MI', 'A'),
(18, 'Desviación del estándar de código', 'Errores de sintaxis de acuerdo al estándar pep8.', 'pycodestyle --first path', 'DEC', 'A'),
(19, 'Lineas lógicas de código', 'lineas de código correspondientes a sentencias.', 'radon raw path', 'LLOC', 'A'),
(20, 'Completitud', '', NULL, NULL, 'M'),
(21, 'Densidad de defectos', '', NULL, NULL, 'I'),
(22, 'Número de requisitos', 'Cantidad de requisitos registrados en el documento de requisitos.', NULL, NULL, 'M');

-- --------------------------------------------------------

--
-- Estructura de tabla para la tabla `metricas_de_producto`
--

CREATE TABLE `metricas_de_producto` (
  `id` int(11) NOT NULL,
  `indice` int(11) DEFAULT NULL,
  `metrica_id` int(11) NOT NULL,
  `producto_id` int(11) NOT NULL,
  `desviacion` int(11)
) ENGINE=InnoDB DEFAULT CHARSET=latin1;

--
-- Volcado de datos para la tabla `metricas_de_producto`
--

INSERT INTO `metricas_de_producto` (`id`, `indice`, `metrica_id`, `producto_id`, `desviacion`) VALUES
(75, 0, 3, 118, 0),
(76, 1, 2, 118, 1);

-- --------------------------------------------------------

--
-- Estructura de tabla para la tabla `metricas_metricas_relacionadas`
--

CREATE TABLE `metricas_metricas_relacionadas` (
  `id` int(11) NOT NULL,
  `from_metrica_id` int(11) NOT NULL,
  `to_metrica_id` int(11) NOT NULL
) ENGINE=InnoDB DEFAULT CHARSET=utf8 COLLATE=utf8_spanish_ci;

--
-- Volcado de datos para la tabla `metricas_metricas_relacionadas`
--

INSERT INTO `metricas_metricas_relacionadas` (`id`, `from_metrica_id`, `to_metrica_id`) VALUES
(4, 19, 21),
(2, 21, 19);

-- --------------------------------------------------------

--
-- Estructura de tabla para la tabla `productos_de_trabajo`
--

CREATE TABLE `productos_de_trabajo` (
  `id` int(11) NOT NULL,
  `nombre` longtext NOT NULL,
  `descripcion` longtext NOT NULL,
  `imagen` varchar(100) DEFAULT NULL,
  `plantilla` varchar(100) DEFAULT NULL
) ENGINE=InnoDB DEFAULT CHARSET=latin1;

--
-- Volcado de datos para la tabla `productos_de_trabajo`
--

INSERT INTO `productos_de_trabajo` (`id`, `nombre`, `descripcion`, `imagen`, `plantilla`) VALUES
(1, 'Documento de requisitos', 'Repositorio central que contiene la información actualizada de cada uno de los requisitos detectados.\r\n Descripción de los requisitos del cliente que deben ser satisfechos por el equipo de desarrollo.', '', 'formats/Jurans_Quality_Hanfbook_Fifth_Edition.pdf'),
(2, 'Documento de gestión de riesgos', 'Permite identificar riesgos potenciales que afecten el cumplimiento de los objetivos del proyecto y medidas para poder prevenir o reducir su impacto en el proyecto.', '', 'formats/Inscripcion_Semestral_FORM__18-2.pdf'),
(3, 'Código fuente', 'Son unidades de código fuente que agrupan funcionalidad del sistema.', '', 'formats/views.py'),
(6, 'Diagrama de diseño de sistema', 'Documentación que define la arquitectura de la solución e identifica todos los componentes del sistema.', '', ''),
(7, 'Plan de pruebas', 'Documentación que describe las pruebas que serán llevadas a cabo para demostrar al cliente que la solución satisface los requerimientos definidos.', '', ''),
(8, 'Reporte de pruebas', 'Documentación que describe los resultados de las pruebas, los cuales ayudarán a comprobar el “buen” funcionamiento del software.', '', ''),
(9, 'Procedimiento de entrega', 'Documento que proporciona el conjunto de actividades necesarias para llevar a cabo las entregas software y de documentación asociada.', '', ''),
(10, 'Documento de cierre de proyecto', 'En el se formaliza el cierre del proyecto y da por cumplido los requisitos y obligaciones establecidos en el contrato.', '', '');

-- --------------------------------------------------------

--
-- Estructura de tabla para la tabla `productos_de_trabajo_de_fase`
--

CREATE TABLE `productos_de_trabajo_de_fase` (
  `id` int(11) NOT NULL,
  `estatus_id` int(11) NOT NULL,
  `fase_id` int(11) DEFAULT NULL,
  `producto_id` int(11) NOT NULL,
  `archivo` varchar(100) DEFAULT NULL,
  `foto` varchar(100) DEFAULT NULL,
  `ultima_actualizacion` datetime(6) NOT NULL
) ENGINE=InnoDB DEFAULT CHARSET=latin1;

--
-- Volcado de datos para la tabla `productos_de_trabajo_de_fase`
--

INSERT INTO `productos_de_trabajo_de_fase` (`id`, `estatus_id`, `fase_id`, `producto_id`, `archivo`, `foto`, `ultima_actualizacion`) VALUES
(79, 3, NULL, 2, '', '', '2018-05-16 21:56:23.418912'),
(80, 1, NULL, 2, '', '', '2018-05-16 22:02:06.461613'),
(81, 1, NULL, 2, '', '', '2018-05-16 22:02:13.573984'),
(82, 1, NULL, 2, '', '', '2018-05-16 22:02:46.178313'),
(83, 1, NULL, 2, '', '', '2018-05-17 03:22:54.606359'),
(84, 1, NULL, 2, '', '', '2018-05-17 03:24:34.592703'),
(118, 5, 87, 1, '', '', '2018-05-17 19:14:06.680020'),
(119, 1, 88, 3, '', '', '2018-05-18 22:19:37.598054');

-- --------------------------------------------------------

--
-- Estructura de tabla para la tabla `productos_de_trabajo_formatos`
--

CREATE TABLE `productos_de_trabajo_formatos` (
  `id` int(11) NOT NULL,
  `productodetrabajo_id` int(11) NOT NULL,
  `formato_id` int(11) NOT NULL
) ENGINE=InnoDB DEFAULT CHARSET=latin1;

--
-- Volcado de datos para la tabla `productos_de_trabajo_formatos`
--

INSERT INTO `productos_de_trabajo_formatos` (`id`, `productodetrabajo_id`, `formato_id`) VALUES
(7, 1, 1),
(8, 1, 4),
(11, 2, 1),
(12, 2, 3),
(1, 3, 6),
(2, 3, 7),
(3, 6, 2),
(4, 6, 3),
(9, 7, 1),
(10, 7, 3),
(16, 8, 1),
(17, 8, 3),
(13, 9, 1),
(14, 9, 3),
(15, 9, 6),
(5, 10, 1),
(6, 10, 3);

-- --------------------------------------------------------

--
-- Estructura de tabla para la tabla `productos_de_trabajo_metricas`
--

CREATE TABLE `productos_de_trabajo_metricas` (
  `id` int(11) NOT NULL,
  `productodetrabajo_id` int(11) NOT NULL,
  `metrica_id` int(11) NOT NULL
) ENGINE=InnoDB DEFAULT CHARSET=latin1;

--
-- Volcado de datos para la tabla `productos_de_trabajo_metricas`
--

INSERT INTO `productos_de_trabajo_metricas` (`id`, `productodetrabajo_id`, `metrica_id`) VALUES
(18, 1, 2),
(19, 1, 3),
(25, 2, 3),
(27, 2, 13),
(28, 2, 14),
(1, 3, 3),
(3, 3, 7),
(6, 3, 10),
(7, 3, 15),
(8, 3, 16),
(9, 3, 17),
(10, 3, 18),
(11, 3, 19),
(34, 3, 21),
(12, 6, 2),
(13, 6, 3),
(15, 6, 15),
(21, 7, 3),
(23, 7, 14),
(31, 8, 3),
(33, 8, 13),
(29, 9, 13),
(16, 10, 2);

-- --------------------------------------------------------

--
-- Estructura de tabla para la tabla `proyectos`
--

CREATE TABLE `proyectos` (
  `id` int(11) NOT NULL,
  `nombre` varchar(50) NOT NULL,
  `cliente` varchar(50) NOT NULL,
  `nombre_del_equipo` varchar(50) NOT NULL,
  `metodologia` varchar(50) NOT NULL,
  `usuario_registro_id` int(11) NOT NULL,
  `estatus` tinyint(1) NOT NULL
) ENGINE=InnoDB DEFAULT CHARSET=latin1;

--
-- Volcado de datos para la tabla `proyectos`
--

INSERT INTO `proyectos` (`id`, `nombre`, `cliente`, `nombre_del_equipo`, `metodologia`, `usuario_registro_id`, `estatus`) VALUES
(61, 'hjj', 'ghj', 'gjh', 'g', 3, 0),
(71, 'yiuy', 'iy', 'iuy', 'iu', 1, 1);

-- --------------------------------------------------------

--
-- Estructura de tabla para la tabla `rangos_de_metricas`
--

CREATE TABLE `rangos_de_metricas` (
  `id` int(11) NOT NULL,
  `limite_superior` int(11) NOT NULL,
  `limite_inferior` int(11) NOT NULL,
  `etiqueta` longtext COLLATE utf8_spanish_ci NOT NULL,
  `metrica_id` int(11) NOT NULL
) ENGINE=InnoDB DEFAULT CHARSET=utf8 COLLATE=utf8_spanish_ci;

--
-- Volcado de datos para la tabla `rangos_de_metricas`
--

INSERT INTO `rangos_de_metricas` (`id`, `limite_superior`, `limite_inferior`, `etiqueta`, `metrica_id`) VALUES
(2, 100, 20, 'A - Muy alto', 17),
(3, 19, 10, 'B - Medio', 17),
(4, 9, 0, 'C - Extremadamente bajo', 17),
(7, 5, 0, 'A Bajo - bloques sencillos', 10),
(8, 10, 6, 'B Bajo- bloques bien estructurados y estables', 10),
(9, 20, 11, 'C Moderado - bloques significativamente complejos', 10),
(10, 30, 21, 'D Más que moderado - bloques más complejos', 10),
(11, 40, 31, 'E Alto - alarma, bloques complejos', 10),
(12, 100, 41, 'F Muy alto - bloques inestables propensos a errores', 10);

-- --------------------------------------------------------

--
-- Estructura de tabla para la tabla `roles`
--

CREATE TABLE `roles` (
  `id` int(11) NOT NULL,
  `nombre` varchar(50) NOT NULL,
  `descripcion` longtext NOT NULL
) ENGINE=InnoDB DEFAULT CHARSET=latin1;

--
-- Volcado de datos para la tabla `roles`
--

INSERT INTO `roles` (`id`, `nombre`, `descripcion`) VALUES
(1, 'Analista', 'Es la persona encargada de abstraer las características y funcionalidad deseada, por lo que es el responsable de identificar los requisitos, es importante que se apoye con el cliente y equipo de trabajo para la validación y verificación de los requisitos.'),
(2, 'Arquitecto', 'Este rol es el encargado de seleccionar la arquitectura adecuada para el proyecto y diseñar los módulos que componen el sistema, se recomienda que esta persona tenga conocimiento teórico de las diferentes arquitecturas y tecnologías para ser implementadas en el diseño.'),
(3, 'Desarrollador', 'Es el encargado de implementar en código la funcionalidad indicada en los requisitos, se recomienda que este tenga experiencia de haber desarrollado por lo menos un proyecto con la tecnología seleccionada para el actual proyecto.'),
(4, 'Tester', 'Es el encargado de ejecutar el plan de pruebas, se recomienda que esta persona tenga conocimiento en los tipos y técnicas de prueba de software.'),
(5, 'Líder de proyecto', 'Es el responsable de coordinar los esfuerzos del equipo de desarrollo y dirigirlos para obtener el máximo rendimiento posible, así como dar solución en primer nivel de las no conformidades identificadas.'),
(6, 'Gerente de calidad', 'Es el responsable de verificar los productos de trabajo y valorar su calidad, este debe tener conocimiento de los estándares que implementa la organización, así como conocimiento general de estándares y modelos de calidad.'),
(7, 'Cliente', 'Persona que solicita el proyecto y es el encargado de dar la aprobación final del producto.');

-- --------------------------------------------------------

--
-- Estructura de tabla para la tabla `roles_de_proyecto`
--

CREATE TABLE `roles_de_proyecto` (
  `id` int(11) NOT NULL,
  `proyecto_id` int(11) NOT NULL,
  `rol_id` int(11) NOT NULL,
  `usuario_id` int(11) NOT NULL,
  `enterado` tinyint(1) NOT NULL,
  `fecha_de_enterado` datetime(6) DEFAULT NULL
) ENGINE=InnoDB DEFAULT CHARSET=latin1;

--
-- Volcado de datos para la tabla `roles_de_proyecto`
--

INSERT INTO `roles_de_proyecto` (`id`, `proyecto_id`, `rol_id`, `usuario_id`, `enterado`, `fecha_de_enterado`) VALUES
(249, 71, 4, 1, 0, NULL),
(250, 71, 7, 1, 0, NULL),
(251, 71, 6, 1, 0, NULL);

-- --------------------------------------------------------

--
-- Estructura de tabla para la tabla `roles_permisos`
--

CREATE TABLE `roles_permisos` (
  `id` int(11) NOT NULL,
  `rol_id` int(11) NOT NULL,
  `permission_id` int(11) NOT NULL
) ENGINE=InnoDB DEFAULT CHARSET=utf8 COLLATE=utf8_spanish_ci;

--
-- Volcado de datos para la tabla `roles_permisos`
--

INSERT INTO `roles_permisos` (`id`, `rol_id`, `permission_id`) VALUES
(71, 1, 136),
(74, 1, 158),
(72, 1, 173),
(73, 1, 174),
(70, 1, 176),
(76, 2, 138),
(79, 2, 158),
(77, 2, 173),
(78, 2, 174),
(75, 2, 176),
(66, 3, 139),
(67, 3, 155),
(68, 3, 173),
(69, 3, 174),
(65, 3, 176),
(97, 4, 140),
(98, 4, 173),
(99, 4, 174),
(96, 4, 176),
(85, 5, 136),
(86, 5, 137),
(87, 5, 138),
(88, 5, 139),
(89, 5, 140),
(92, 5, 141),
(94, 5, 142),
(95, 5, 158),
(90, 5, 173),
(91, 5, 174),
(93, 5, 176),
(83, 6, 173),
(84, 6, 174),
(82, 6, 176),
(81, 7, 159),
(80, 7, 176);

--
-- Índices para tablas volcadas
--

--
-- Indices de la tabla `acciones_correctivas_de_metrica`
--
ALTER TABLE `acciones_correctivas_de_metrica`
  ADD PRIMARY KEY (`id`),
  ADD KEY `acciones_correctivas_metrica_de_producto__5adb4a20_fk_metricas_` (`metrica_de_producto_id`),
  ADD KEY `acciones_correctivas_de_metrica_estado_id_06da760a` (`estado_id`),
  ADD KEY `acciones_correctivas_responsable_id_d3370646_fk_auth_user` (`responsable_id`);

--
-- Indices de la tabla `auth_group`
--
ALTER TABLE `auth_group`
  ADD PRIMARY KEY (`id`),
  ADD UNIQUE KEY `name` (`name`);

--
-- Indices de la tabla `auth_group_permissions`
--
ALTER TABLE `auth_group_permissions`
  ADD PRIMARY KEY (`id`),
  ADD UNIQUE KEY `auth_group_permissions_group_id_permission_id_0cd325b0_uniq` (`group_id`,`permission_id`),
  ADD KEY `auth_group_permissio_permission_id_84c5c92e_fk_auth_perm` (`permission_id`);

--
-- Indices de la tabla `auth_permission`
--
ALTER TABLE `auth_permission`
  ADD PRIMARY KEY (`id`),
  ADD UNIQUE KEY `auth_permission_content_type_id_codename_01ab375a_uniq` (`content_type_id`,`codename`);

--
-- Indices de la tabla `auth_user`
--
ALTER TABLE `auth_user`
  ADD PRIMARY KEY (`id`),
  ADD UNIQUE KEY `username` (`username`);

--
-- Indices de la tabla `auth_user_groups`
--
ALTER TABLE `auth_user_groups`
  ADD PRIMARY KEY (`id`),
  ADD UNIQUE KEY `auth_user_groups_user_id_group_id_94350c0c_uniq` (`user_id`,`group_id`),
  ADD KEY `auth_user_groups_group_id_97559544_fk_auth_group_id` (`group_id`);

--
-- Indices de la tabla `auth_user_user_permissions`
--
ALTER TABLE `auth_user_user_permissions`
  ADD PRIMARY KEY (`id`),
  ADD UNIQUE KEY `auth_user_user_permissions_user_id_permission_id_14a6b632_uniq` (`user_id`,`permission_id`),
  ADD KEY `auth_user_user_permi_permission_id_1fbb5f2c_fk_auth_perm` (`permission_id`);

--
-- Indices de la tabla `criterios_de_aceptacion`
--
ALTER TABLE `criterios_de_aceptacion`
  ADD PRIMARY KEY (`id`);

--
-- Indices de la tabla `criterios_de_producto`
--
ALTER TABLE `criterios_de_producto`
  ADD PRIMARY KEY (`id`),
  ADD UNIQUE KEY `criterios_de_producto_de_productos_de_trabajo_de__43d200ef_uniq` (`producto_id`,`criterio_id`),
  ADD KEY `criterios_de_product_criterio_id_10a3e3e5_fk_criterios` (`criterio_id`);

--
-- Indices de la tabla `django_admin_log`
--
ALTER TABLE `django_admin_log`
  ADD PRIMARY KEY (`id`),
  ADD KEY `django_admin_log_content_type_id_c4bce8eb_fk_django_co` (`content_type_id`),
  ADD KEY `django_admin_log_user_id_c564eba6_fk` (`user_id`);

--
-- Indices de la tabla `django_content_type`
--
ALTER TABLE `django_content_type`
  ADD PRIMARY KEY (`id`),
  ADD UNIQUE KEY `django_content_type_app_label_model_76bd3d3b_uniq` (`app_label`,`model`);

--
-- Indices de la tabla `django_cron_cronjoblog`
--
ALTER TABLE `django_cron_cronjoblog`
  ADD PRIMARY KEY (`id`),
  ADD KEY `django_cron_cronjoblog_code_is_success_ran_at_time_84da9606_idx` (`code`,`is_success`,`ran_at_time`),
  ADD KEY `django_cron_cronjoblog_code_start_time_ran_at_time_8b50b8fa_idx` (`code`,`start_time`,`ran_at_time`),
  ADD KEY `django_cron_cronjoblog_code_start_time_4fc78f9d_idx` (`code`,`start_time`),
  ADD KEY `django_cron_cronjoblog_code_48865653` (`code`),
  ADD KEY `django_cron_cronjoblog_start_time_d68c0dd9` (`start_time`),
  ADD KEY `django_cron_cronjoblog_end_time_7918602a` (`end_time`),
  ADD KEY `django_cron_cronjoblog_ran_at_time_7fed2751` (`ran_at_time`);

--
-- Indices de la tabla `django_migrations`
--
ALTER TABLE `django_migrations`
  ADD PRIMARY KEY (`id`);

--
-- Indices de la tabla `django_session`
--
ALTER TABLE `django_session`
  ADD PRIMARY KEY (`session_key`),
  ADD KEY `django_session_expire_date_a5c62663` (`expire_date`);

--
-- Indices de la tabla `django_site`
--
ALTER TABLE `django_site`
  ADD PRIMARY KEY (`id`),
  ADD UNIQUE KEY `django_site_domain_a2e37b91_uniq` (`domain`);

--
-- Indices de la tabla `estatus_de_acciones_correctivas`
--
ALTER TABLE `estatus_de_acciones_correctivas`
  ADD PRIMARY KEY (`id`);

--
-- Indices de la tabla `estatus_de_productos`
--
ALTER TABLE `estatus_de_productos`
  ADD PRIMARY KEY (`id`);

--
-- Indices de la tabla `eventos`
--
ALTER TABLE `eventos`
  ADD PRIMARY KEY (`id`);

--
-- Indices de la tabla `eventos_de_proyecto`
--
ALTER TABLE `eventos_de_proyecto`
  ADD PRIMARY KEY (`id`),
  ADD KEY `eventos_de_proyecto_evento_id_3a638fff_fk_eventos_id` (`evento_id`),
  ADD KEY `eventos_de_proyecto_proyecto_id_610948c2_fk_proyectos_id` (`proyecto_id`);

--
-- Indices de la tabla `eventos_de_proyecto_asistentes`
--
ALTER TABLE `eventos_de_proyecto_asistentes`
  ADD PRIMARY KEY (`id`),
  ADD UNIQUE KEY `eventos_de_proyecto_asis_eventodeproyecto_id_user_7e55727d_uniq` (`eventodeproyecto_id`,`user_id`),
  ADD KEY `eventos_de_proyecto_asistentes_user_id_3a35c15f_fk_auth_user_id` (`user_id`);

--
-- Indices de la tabla `fases`
--
ALTER TABLE `fases`
  ADD PRIMARY KEY (`id`),
  ADD KEY `fases_permiso_de_fase_id_2d574dae_fk_auth_permission_id` (`permiso_de_fase_id`);

--
-- Indices de la tabla `fases_de_proyecto`
--
ALTER TABLE `fases_de_proyecto`
  ADD PRIMARY KEY (`id`),
  ADD KEY `fases_de_proyecto_fase_id_b9ab610a_fk_fases_id` (`fase_id`),
  ADD KEY `fases_de_proyecto_proyecto_id_8b955bb8_fk_proyectos_id` (`proyecto_id`);

--
-- Indices de la tabla `fases_productos_de_trabajo`
--
ALTER TABLE `fases_productos_de_trabajo`
  ADD PRIMARY KEY (`id`),
  ADD UNIQUE KEY `fases_productos_de_traba_fase_id_productodetrabaj_4d418709_uniq` (`fase_id`,`productodetrabajo_id`),
  ADD KEY `fases_productos_de_t_productodetrabajo_id_cce42533_fk_productos` (`productodetrabajo_id`);

--
-- Indices de la tabla `fases_roles`
--
ALTER TABLE `fases_roles`
  ADD PRIMARY KEY (`id`),
  ADD UNIQUE KEY `fases_roles_fase_id_rol_id_0675a29b_uniq` (`fase_id`,`rol_id`),
  ADD KEY `fases_roles_rol_id_a37767b1_fk_roles_id` (`rol_id`);

--
-- Indices de la tabla `formatos`
--
ALTER TABLE `formatos`
  ADD PRIMARY KEY (`id`);

--
-- Indices de la tabla `historico_de_metricas`
--
ALTER TABLE `historico_de_metricas`
  ADD PRIMARY KEY (`id`),
  ADD UNIQUE KEY `historico_de_metricas_metrica_id_fecha_ef24a35a_uniq` (`metrica_id`,`fecha`),
  ADD KEY `historico_de_metricas_metrica_id_9f4ea867` (`metrica_id`);

--
-- Indices de la tabla `metricas`
--
ALTER TABLE `metricas`
  ADD PRIMARY KEY (`id`);

--
-- Indices de la tabla `metricas_de_producto`
--
ALTER TABLE `metricas_de_producto`
  ADD PRIMARY KEY (`id`),
  ADD UNIQUE KEY `inicio_metricadeproducto_id_producto_id_metrica_id_45b2f83b_uniq` (`producto_id`,`metrica_id`),
  ADD KEY `inicio_metricadeprod_metrica_id_5a288f2c_fk_inicio_me` (`metrica_id`);

--
-- Indices de la tabla `metricas_metricas_relacionadas`
--
ALTER TABLE `metricas_metricas_relacionadas`
  ADD PRIMARY KEY (`id`),
  ADD UNIQUE KEY `metricas_metricas_relaci_from_metrica_id_to_metri_0106500c_uniq` (`from_metrica_id`,`to_metrica_id`),
  ADD KEY `metricas_metricas_re_to_metrica_id_2e985baa_fk_metricas_` (`to_metrica_id`);

--
-- Indices de la tabla `productos_de_trabajo`
--
ALTER TABLE `productos_de_trabajo`
  ADD PRIMARY KEY (`id`);

--
-- Indices de la tabla `productos_de_trabajo_de_fase`
--
ALTER TABLE `productos_de_trabajo_de_fase`
  ADD PRIMARY KEY (`id`),
  ADD KEY `productos_de_trabajo_producto_id_34aa4ebb_fk_productos` (`producto_id`),
  ADD KEY `productos_de_trabajo_fase_id_7dcf1b4e_fk_fases_de_` (`fase_id`),
  ADD KEY `productos_de_trabajo_estatus_id_ea7fd78f_fk_estatus_d` (`estatus_id`);

--
-- Indices de la tabla `productos_de_trabajo_formatos`
--
ALTER TABLE `productos_de_trabajo_formatos`
  ADD PRIMARY KEY (`id`),
  ADD UNIQUE KEY `productos_de_trabajo_for_productodetrabajo_id_for_ad34b44d_uniq` (`productodetrabajo_id`,`formato_id`),
  ADD KEY `productos_de_trabajo_formatos_formato_id_944c3d05_fk_formatos_id` (`formato_id`);

--
-- Indices de la tabla `productos_de_trabajo_metricas`
--
ALTER TABLE `productos_de_trabajo_metricas`
  ADD PRIMARY KEY (`id`),
  ADD UNIQUE KEY `productos_de_trabajo_met_productodetrabajo_id_met_64c16284_uniq` (`productodetrabajo_id`,`metrica_id`),
  ADD KEY `productos_de_trabajo_metricas_metrica_id_0b2f2ab9_fk_metricas_id` (`metrica_id`);

--
-- Indices de la tabla `proyectos`
--
ALTER TABLE `proyectos`
  ADD PRIMARY KEY (`id`),
  ADD UNIQUE KEY `proyectos_nombre_cliente_nombre_del_equipo_5a0d7ad3_uniq` (`nombre`,`cliente`,`nombre_del_equipo`),
  ADD KEY `proyectos_usuario_registro_id_07399320_fk_auth_user_id` (`usuario_registro_id`);

--
-- Indices de la tabla `rangos_de_metricas`
--
ALTER TABLE `rangos_de_metricas`
  ADD PRIMARY KEY (`id`),
  ADD KEY `rangos_de_metricas_metrica_id_0dfee67f_fk_metricas_id` (`metrica_id`);

--
-- Indices de la tabla `roles`
--
ALTER TABLE `roles`
  ADD PRIMARY KEY (`id`);

--
-- Indices de la tabla `roles_de_proyecto`
--
ALTER TABLE `roles_de_proyecto`
  ADD PRIMARY KEY (`id`),
  ADD UNIQUE KEY `roles_de_proyecto_id_rol_id_id_usuario_id__5bbc7cde_uniq` (`rol_id`,`usuario_id`,`proyecto_id`),
  ADD KEY `roles_de_proyecto_proyecto_id_0c126be0_fk_proyectos_id` (`proyecto_id`),
  ADD KEY `roles_de_proyecto_usuario_id_fc165b6b_fk_auth_user_id` (`usuario_id`);

--
-- Indices de la tabla `roles_permisos`
--
ALTER TABLE `roles_permisos`
  ADD PRIMARY KEY (`id`),
  ADD UNIQUE KEY `roles_permisos_rol_id_permission_id_6f5c9ebf_uniq` (`rol_id`,`permission_id`),
  ADD KEY `roles_permisos_permission_id_32bc9271_fk_auth_permission_id` (`permission_id`);

--
-- AUTO_INCREMENT de las tablas volcadas
--

--
-- AUTO_INCREMENT de la tabla `acciones_correctivas_de_metrica`
--
ALTER TABLE `acciones_correctivas_de_metrica`
  MODIFY `id` int(11) NOT NULL AUTO_INCREMENT, AUTO_INCREMENT=22;

--
-- AUTO_INCREMENT de la tabla `auth_group`
--
ALTER TABLE `auth_group`
  MODIFY `id` int(11) NOT NULL AUTO_INCREMENT, AUTO_INCREMENT=4;

--
-- AUTO_INCREMENT de la tabla `auth_group_permissions`
--
ALTER TABLE `auth_group_permissions`
  MODIFY `id` int(11) NOT NULL AUTO_INCREMENT, AUTO_INCREMENT=63;

--
-- AUTO_INCREMENT de la tabla `auth_permission`
--
ALTER TABLE `auth_permission`
  MODIFY `id` int(11) NOT NULL AUTO_INCREMENT, AUTO_INCREMENT=201;

--
-- AUTO_INCREMENT de la tabla `auth_user`
--
ALTER TABLE `auth_user`
  MODIFY `id` int(11) NOT NULL AUTO_INCREMENT, AUTO_INCREMENT=4;

--
-- AUTO_INCREMENT de la tabla `auth_user_groups`
--
ALTER TABLE `auth_user_groups`
  MODIFY `id` int(11) NOT NULL AUTO_INCREMENT;

--
-- AUTO_INCREMENT de la tabla `auth_user_user_permissions`
--
ALTER TABLE `auth_user_user_permissions`
  MODIFY `id` int(11) NOT NULL AUTO_INCREMENT, AUTO_INCREMENT=276;

--
-- AUTO_INCREMENT de la tabla `criterios_de_aceptacion`
--
ALTER TABLE `criterios_de_aceptacion`
  MODIFY `id` int(11) NOT NULL AUTO_INCREMENT, AUTO_INCREMENT=20;

--
-- AUTO_INCREMENT de la tabla `criterios_de_producto`
--
ALTER TABLE `criterios_de_producto`
  MODIFY `id` int(11) NOT NULL AUTO_INCREMENT, AUTO_INCREMENT=158;

--
-- AUTO_INCREMENT de la tabla `django_admin_log`
--
ALTER TABLE `django_admin_log`
  MODIFY `id` int(11) NOT NULL AUTO_INCREMENT, AUTO_INCREMENT=492;

--
-- AUTO_INCREMENT de la tabla `django_content_type`
--
ALTER TABLE `django_content_type`
  MODIFY `id` int(11) NOT NULL AUTO_INCREMENT, AUTO_INCREMENT=32;

--
-- AUTO_INCREMENT de la tabla `django_cron_cronjoblog`
--
ALTER TABLE `django_cron_cronjoblog`
  MODIFY `id` int(11) NOT NULL AUTO_INCREMENT;

--
-- AUTO_INCREMENT de la tabla `django_migrations`
--
ALTER TABLE `django_migrations`
  MODIFY `id` int(11) NOT NULL AUTO_INCREMENT, AUTO_INCREMENT=151;

--
-- AUTO_INCREMENT de la tabla `django_site`
--
ALTER TABLE `django_site`
  MODIFY `id` int(11) NOT NULL AUTO_INCREMENT, AUTO_INCREMENT=2;

--
-- AUTO_INCREMENT de la tabla `estatus_de_acciones_correctivas`
--
ALTER TABLE `estatus_de_acciones_correctivas`
  MODIFY `id` int(11) NOT NULL AUTO_INCREMENT, AUTO_INCREMENT=4;

--
-- AUTO_INCREMENT de la tabla `estatus_de_productos`
--
ALTER TABLE `estatus_de_productos`
  MODIFY `id` int(11) NOT NULL AUTO_INCREMENT, AUTO_INCREMENT=7;

--
-- AUTO_INCREMENT de la tabla `eventos`
--
ALTER TABLE `eventos`
  MODIFY `id` int(11) NOT NULL AUTO_INCREMENT, AUTO_INCREMENT=10;

--
-- AUTO_INCREMENT de la tabla `eventos_de_proyecto`
--
ALTER TABLE `eventos_de_proyecto`
  MODIFY `id` int(11) NOT NULL AUTO_INCREMENT, AUTO_INCREMENT=80;

--
-- AUTO_INCREMENT de la tabla `eventos_de_proyecto_asistentes`
--
ALTER TABLE `eventos_de_proyecto_asistentes`
  MODIFY `id` int(11) NOT NULL AUTO_INCREMENT, AUTO_INCREMENT=81;

--
-- AUTO_INCREMENT de la tabla `fases`
--
ALTER TABLE `fases`
  MODIFY `id` int(11) NOT NULL AUTO_INCREMENT, AUTO_INCREMENT=11;

--
-- AUTO_INCREMENT de la tabla `fases_de_proyecto`
--
ALTER TABLE `fases_de_proyecto`
  MODIFY `id` int(11) NOT NULL AUTO_INCREMENT, AUTO_INCREMENT=89;

--
-- AUTO_INCREMENT de la tabla `fases_productos_de_trabajo`
--
ALTER TABLE `fases_productos_de_trabajo`
  MODIFY `id` int(11) NOT NULL AUTO_INCREMENT, AUTO_INCREMENT=25;

--
-- AUTO_INCREMENT de la tabla `fases_roles`
--
ALTER TABLE `fases_roles`
  MODIFY `id` int(11) NOT NULL AUTO_INCREMENT, AUTO_INCREMENT=41;

--
-- AUTO_INCREMENT de la tabla `formatos`
--
ALTER TABLE `formatos`
  MODIFY `id` int(11) NOT NULL AUTO_INCREMENT, AUTO_INCREMENT=9;

--
-- AUTO_INCREMENT de la tabla `historico_de_metricas`
--
ALTER TABLE `historico_de_metricas`
  MODIFY `id` int(11) NOT NULL AUTO_INCREMENT, AUTO_INCREMENT=358;

--
-- AUTO_INCREMENT de la tabla `metricas`
--
ALTER TABLE `metricas`
  MODIFY `id` int(11) NOT NULL AUTO_INCREMENT, AUTO_INCREMENT=23;

--
-- AUTO_INCREMENT de la tabla `metricas_de_producto`
--
ALTER TABLE `metricas_de_producto`
  MODIFY `id` int(11) NOT NULL AUTO_INCREMENT, AUTO_INCREMENT=77;

--
-- AUTO_INCREMENT de la tabla `metricas_metricas_relacionadas`
--
ALTER TABLE `metricas_metricas_relacionadas`
  MODIFY `id` int(11) NOT NULL AUTO_INCREMENT, AUTO_INCREMENT=9;

--
-- AUTO_INCREMENT de la tabla `productos_de_trabajo`
--
ALTER TABLE `productos_de_trabajo`
  MODIFY `id` int(11) NOT NULL AUTO_INCREMENT, AUTO_INCREMENT=11;

--
-- AUTO_INCREMENT de la tabla `productos_de_trabajo_de_fase`
--
ALTER TABLE `productos_de_trabajo_de_fase`
  MODIFY `id` int(11) NOT NULL AUTO_INCREMENT, AUTO_INCREMENT=120;

--
-- AUTO_INCREMENT de la tabla `productos_de_trabajo_formatos`
--
ALTER TABLE `productos_de_trabajo_formatos`
  MODIFY `id` int(11) NOT NULL AUTO_INCREMENT, AUTO_INCREMENT=18;

--
-- AUTO_INCREMENT de la tabla `productos_de_trabajo_metricas`
--
ALTER TABLE `productos_de_trabajo_metricas`
  MODIFY `id` int(11) NOT NULL AUTO_INCREMENT, AUTO_INCREMENT=35;

--
-- AUTO_INCREMENT de la tabla `proyectos`
--
ALTER TABLE `proyectos`
  MODIFY `id` int(11) NOT NULL AUTO_INCREMENT, AUTO_INCREMENT=72;

--
-- AUTO_INCREMENT de la tabla `rangos_de_metricas`
--
ALTER TABLE `rangos_de_metricas`
  MODIFY `id` int(11) NOT NULL AUTO_INCREMENT, AUTO_INCREMENT=13;

--
-- AUTO_INCREMENT de la tabla `roles`
--
ALTER TABLE `roles`
  MODIFY `id` int(11) NOT NULL AUTO_INCREMENT, AUTO_INCREMENT=8;

--
-- AUTO_INCREMENT de la tabla `roles_de_proyecto`
--
ALTER TABLE `roles_de_proyecto`
  MODIFY `id` int(11) NOT NULL AUTO_INCREMENT, AUTO_INCREMENT=252;

--
-- AUTO_INCREMENT de la tabla `roles_permisos`
--
ALTER TABLE `roles_permisos`
  MODIFY `id` int(11) NOT NULL AUTO_INCREMENT, AUTO_INCREMENT=100;

--
-- Restricciones para tablas volcadas
--

--
-- Filtros para la tabla `acciones_correctivas_de_metrica`
--
ALTER TABLE `acciones_correctivas_de_metrica`
  ADD CONSTRAINT `acciones_correctivas_metrica_de_producto__5adb4a20_fk_metricas_` FOREIGN KEY (`metrica_de_producto_id`) REFERENCES `metricas_de_producto` (`id`),
  ADD CONSTRAINT `acciones_correctivas_responsable_id_d3370646_fk_auth_user` FOREIGN KEY (`responsable_id`) REFERENCES `auth_user` (`id`);

--
-- Filtros para la tabla `auth_group_permissions`
--
ALTER TABLE `auth_group_permissions`
  ADD CONSTRAINT `auth_group_permissio_permission_id_84c5c92e_fk_auth_perm` FOREIGN KEY (`permission_id`) REFERENCES `auth_permission` (`id`),
  ADD CONSTRAINT `auth_group_permissions_group_id_b120cbf9_fk_auth_group_id` FOREIGN KEY (`group_id`) REFERENCES `auth_group` (`id`);

--
-- Filtros para la tabla `auth_permission`
--
ALTER TABLE `auth_permission`
  ADD CONSTRAINT `auth_permission_content_type_id_2f476e4b_fk_django_co` FOREIGN KEY (`content_type_id`) REFERENCES `django_content_type` (`id`);

--
-- Filtros para la tabla `auth_user_groups`
--
ALTER TABLE `auth_user_groups`
  ADD CONSTRAINT `auth_user_groups_group_id_97559544_fk_auth_group_id` FOREIGN KEY (`group_id`) REFERENCES `auth_group` (`id`),
  ADD CONSTRAINT `auth_user_groups_user_id_6a12ed8b_fk_auth_user_id` FOREIGN KEY (`user_id`) REFERENCES `auth_user` (`id`);

--
-- Filtros para la tabla `auth_user_user_permissions`
--
ALTER TABLE `auth_user_user_permissions`
  ADD CONSTRAINT `auth_user_user_permi_permission_id_1fbb5f2c_fk_auth_perm` FOREIGN KEY (`permission_id`) REFERENCES `auth_permission` (`id`),
  ADD CONSTRAINT `auth_user_user_permissions_user_id_a95ead1b_fk_auth_user_id` FOREIGN KEY (`user_id`) REFERENCES `auth_user` (`id`);

--
-- Filtros para la tabla `criterios_de_producto`
--
ALTER TABLE `criterios_de_producto`
  ADD CONSTRAINT `criterio_de_producto_producto_id_e8fcab6e_fk_productos` FOREIGN KEY (`producto_id`) REFERENCES `productos_de_trabajo_de_fase` (`id`),
  ADD CONSTRAINT `criterios_de_product_criterio_id_10a3e3e5_fk_criterios` FOREIGN KEY (`criterio_id`) REFERENCES `criterios_de_aceptacion` (`id`);

--
-- Filtros para la tabla `django_admin_log`
--
ALTER TABLE `django_admin_log`
  ADD CONSTRAINT `django_admin_log_content_type_id_c4bce8eb_fk_django_co` FOREIGN KEY (`content_type_id`) REFERENCES `django_content_type` (`id`),
  ADD CONSTRAINT `django_admin_log_user_id_c564eba6_fk` FOREIGN KEY (`user_id`) REFERENCES `auth_user` (`id`);

--
-- Filtros para la tabla `eventos_de_proyecto`
--
ALTER TABLE `eventos_de_proyecto`
  ADD CONSTRAINT `eventos_de_proyecto_evento_id_3a638fff_fk_eventos_id` FOREIGN KEY (`evento_id`) REFERENCES `eventos` (`id`),
  ADD CONSTRAINT `eventos_de_proyecto_proyecto_id_610948c2_fk_proyectos_id` FOREIGN KEY (`proyecto_id`) REFERENCES `proyectos` (`id`);

--
-- Filtros para la tabla `eventos_de_proyecto_asistentes`
--
ALTER TABLE `eventos_de_proyecto_asistentes`
  ADD CONSTRAINT `eventos_de_proyecto__eventodeproyecto_id_5f706b02_fk_eventos_d` FOREIGN KEY (`eventodeproyecto_id`) REFERENCES `eventos_de_proyecto` (`id`),
  ADD CONSTRAINT `eventos_de_proyecto_asistentes_user_id_3a35c15f_fk_auth_user_id` FOREIGN KEY (`user_id`) REFERENCES `auth_user` (`id`);

--
-- Filtros para la tabla `fases`
--
ALTER TABLE `fases`
  ADD CONSTRAINT `fases_permiso_de_fase_id_2d574dae_fk_auth_permission_id` FOREIGN KEY (`permiso_de_fase_id`) REFERENCES `auth_permission` (`id`);

--
-- Filtros para la tabla `fases_de_proyecto`
--
ALTER TABLE `fases_de_proyecto`
  ADD CONSTRAINT `fases_de_proyecto_fase_id_b9ab610a_fk_fases_id` FOREIGN KEY (`fase_id`) REFERENCES `fases` (`id`),
  ADD CONSTRAINT `fases_de_proyecto_proyecto_id_8b955bb8_fk_proyectos_id` FOREIGN KEY (`proyecto_id`) REFERENCES `proyectos` (`id`);

--
-- Filtros para la tabla `fases_productos_de_trabajo`
--
ALTER TABLE `fases_productos_de_trabajo`
  ADD CONSTRAINT `fases_productos_de_t_productodetrabajo_id_cce42533_fk_productos` FOREIGN KEY (`productodetrabajo_id`) REFERENCES `productos_de_trabajo` (`id`),
  ADD CONSTRAINT `fases_productos_de_trabajo_fase_id_6b031939_fk_fases_id` FOREIGN KEY (`fase_id`) REFERENCES `fases` (`id`);

--
-- Filtros para la tabla `fases_roles`
--
ALTER TABLE `fases_roles`
  ADD CONSTRAINT `fases_roles_fase_id_208a15ad_fk_fases_id` FOREIGN KEY (`fase_id`) REFERENCES `fases` (`id`),
  ADD CONSTRAINT `fases_roles_rol_id_a37767b1_fk_roles_id` FOREIGN KEY (`rol_id`) REFERENCES `roles` (`id`);

--
-- Filtros para la tabla `historico_de_metricas`
--
ALTER TABLE `historico_de_metricas`
  ADD CONSTRAINT `historico_de_metrica_metrica_id_9f4ea867_fk_metricas_` FOREIGN KEY (`metrica_id`) REFERENCES `metricas_de_producto` (`id`);

--
-- Filtros para la tabla `metricas_de_producto`
--
ALTER TABLE `metricas_de_producto`
  ADD CONSTRAINT `inicio_metricadeprod_metrica_id_5a288f2c_fk_inicio_me` FOREIGN KEY (`metrica_id`) REFERENCES `metricas` (`id`),
  ADD CONSTRAINT `metricas_de_producto_producto_id_11bcf85f_fk_productos` FOREIGN KEY (`producto_id`) REFERENCES `productos_de_trabajo_de_fase` (`id`);

--
-- Filtros para la tabla `metricas_metricas_relacionadas`
--
ALTER TABLE `metricas_metricas_relacionadas`
  ADD CONSTRAINT `metricas_metricas_re_from_metrica_id_85bd6dba_fk_metricas_` FOREIGN KEY (`from_metrica_id`) REFERENCES `metricas` (`id`),
  ADD CONSTRAINT `metricas_metricas_re_to_metrica_id_2e985baa_fk_metricas_` FOREIGN KEY (`to_metrica_id`) REFERENCES `metricas` (`id`);

--
-- Filtros para la tabla `productos_de_trabajo_de_fase`
--
ALTER TABLE `productos_de_trabajo_de_fase`
  ADD CONSTRAINT `productos_de_trabajo_estatus_id_ea7fd78f_fk_estatus_d` FOREIGN KEY (`estatus_id`) REFERENCES `estatus_de_productos` (`id`),
  ADD CONSTRAINT `productos_de_trabajo_fase_id_7dcf1b4e_fk_fases_de_` FOREIGN KEY (`fase_id`) REFERENCES `fases_de_proyecto` (`id`),
  ADD CONSTRAINT `productos_de_trabajo_producto_id_34aa4ebb_fk_productos` FOREIGN KEY (`producto_id`) REFERENCES `productos_de_trabajo` (`id`);

--
-- Filtros para la tabla `productos_de_trabajo_formatos`
--
ALTER TABLE `productos_de_trabajo_formatos`
  ADD CONSTRAINT `productos_de_trabajo_formatos_formato_id_944c3d05_fk_formatos_id` FOREIGN KEY (`formato_id`) REFERENCES `formatos` (`id`),
  ADD CONSTRAINT `productos_de_trabajo_productodetrabajo_id_76b70be4_fk_productos` FOREIGN KEY (`productodetrabajo_id`) REFERENCES `productos_de_trabajo` (`id`);

--
-- Filtros para la tabla `productos_de_trabajo_metricas`
--
ALTER TABLE `productos_de_trabajo_metricas`
  ADD CONSTRAINT `productos_de_trabajo_metricas_metrica_id_0b2f2ab9_fk_metricas_id` FOREIGN KEY (`metrica_id`) REFERENCES `metricas` (`id`),
  ADD CONSTRAINT `productos_de_trabajo_productodetrabajo_id_7c3b0f29_fk_productos` FOREIGN KEY (`productodetrabajo_id`) REFERENCES `productos_de_trabajo` (`id`);

--
-- Filtros para la tabla `proyectos`
--
ALTER TABLE `proyectos`
  ADD CONSTRAINT `proyectos_usuario_registro_id_07399320_fk_auth_user_id` FOREIGN KEY (`usuario_registro_id`) REFERENCES `auth_user` (`id`);

--
-- Filtros para la tabla `rangos_de_metricas`
--
ALTER TABLE `rangos_de_metricas`
  ADD CONSTRAINT `rangos_de_metricas_metrica_id_0dfee67f_fk_metricas_id` FOREIGN KEY (`metrica_id`) REFERENCES `metricas` (`id`);

--
-- Filtros para la tabla `roles_de_proyecto`
--
ALTER TABLE `roles_de_proyecto`
  ADD CONSTRAINT `roles_de_proyecto_proyecto_id_0c126be0_fk_proyectos_id` FOREIGN KEY (`proyecto_id`) REFERENCES `proyectos` (`id`),
  ADD CONSTRAINT `roles_de_proyecto_rol_id_fb8634e7_fk_roles_id` FOREIGN KEY (`rol_id`) REFERENCES `roles` (`id`),
  ADD CONSTRAINT `roles_de_proyecto_usuario_id_fc165b6b_fk_auth_user_id` FOREIGN KEY (`usuario_id`) REFERENCES `auth_user` (`id`);

--
-- Filtros para la tabla `roles_permisos`
--
ALTER TABLE `roles_permisos`
  ADD CONSTRAINT `roles_permisos_permission_id_32bc9271_fk_auth_permission_id` FOREIGN KEY (`permission_id`) REFERENCES `auth_permission` (`id`),
  ADD CONSTRAINT `roles_permisos_rol_id_5daf3c70_fk_roles_id` FOREIGN KEY (`rol_id`) REFERENCES `roles` (`id`);
COMMIT;

/*!40101 SET CHARACTER_SET_CLIENT=@OLD_CHARACTER_SET_CLIENT */;
/*!40101 SET CHARACTER_SET_RESULTS=@OLD_CHARACTER_SET_RESULTS */;
/*!40101 SET COLLATION_CONNECTION=@OLD_COLLATION_CONNECTION */;
